-- MySQL dump 10.13  Distrib 8.0.29, for Linux (x86_64)
--
-- Host: localhost    Database: laravel
-- ------------------------------------------------------
-- Server version	8.0.29-0ubuntu0.20.04.3

/*!40101 SET @OLD_CHARACTER_SET_CLIENT=@@CHARACTER_SET_CLIENT */;
/*!40101 SET @OLD_CHARACTER_SET_RESULTS=@@CHARACTER_SET_RESULTS */;
/*!40101 SET @OLD_COLLATION_CONNECTION=@@COLLATION_CONNECTION */;
/*!50503 SET NAMES utf8mb4 */;
/*!40103 SET @OLD_TIME_ZONE=@@TIME_ZONE */;
/*!40103 SET TIME_ZONE='+00:00' */;
/*!40014 SET @OLD_UNIQUE_CHECKS=@@UNIQUE_CHECKS, UNIQUE_CHECKS=0 */;
/*!40014 SET @OLD_FOREIGN_KEY_CHECKS=@@FOREIGN_KEY_CHECKS, FOREIGN_KEY_CHECKS=0 */;
/*!40101 SET @OLD_SQL_MODE=@@SQL_MODE, SQL_MODE='NO_AUTO_VALUE_ON_ZERO' */;
/*!40111 SET @OLD_SQL_NOTES=@@SQL_NOTES, SQL_NOTES=0 */;

--
-- Table structure for table `activity_log`
--

DROP TABLE IF EXISTS `activity_log`;
/*!40101 SET @saved_cs_client     = @@character_set_client */;
/*!50503 SET character_set_client = utf8mb4 */;
CREATE TABLE `activity_log` (
  `id` bigint unsigned NOT NULL AUTO_INCREMENT,
  `log_name` varchar(191) CHARACTER SET utf8mb4 COLLATE utf8mb4_unicode_ci DEFAULT NULL,
  `description` text CHARACTER SET utf8mb4 COLLATE utf8mb4_unicode_ci NOT NULL,
  `subject_type` varchar(191) CHARACTER SET utf8mb4 COLLATE utf8mb4_unicode_ci DEFAULT NULL,
  `subject_id` bigint unsigned DEFAULT NULL,
  `causer_type` varchar(191) CHARACTER SET utf8mb4 COLLATE utf8mb4_unicode_ci DEFAULT NULL,
  `causer_id` bigint unsigned DEFAULT NULL,
  `properties` text CHARACTER SET utf8mb4 COLLATE utf8mb4_unicode_ci,
  `created_at` timestamp NULL DEFAULT NULL,
  `updated_at` timestamp NULL DEFAULT NULL,
  PRIMARY KEY (`id`) USING BTREE,
  KEY `subject` (`subject_type`,`subject_id`) USING BTREE,
  KEY `causer` (`causer_type`,`causer_id`) USING BTREE,
  KEY `activity_log_log_name_index` (`log_name`) USING BTREE
) ENGINE=InnoDB AUTO_INCREMENT=2498 DEFAULT CHARSET=utf8mb4 COLLATE=utf8mb4_unicode_ci ROW_FORMAT=DYNAMIC;
/*!40101 SET character_set_client = @saved_cs_client */;

--
-- Dumping data for table `activity_log`
--

LOCK TABLES `activity_log` WRITE;
/*!40000 ALTER TABLE `activity_log` DISABLE KEYS */;
INSERT INTO `activity_log` VALUES (1034,'default','created','App\\Models\\Balance',12,'App\\Models\\User',1,'{\"attributes\":{\"remain\":\"117714.00\",\"income\":\"0.00\",\"withdraw\":\"0.00\",\"balance\":\"117714.00\",\"balance_date\":\"2022-05-08\",\"warehouse_id\":1,\"user_id\":1}}','2022-05-07 21:22:32','2022-05-07 21:22:32'),(1035,'default','created','App\\Models\\Balance',13,'App\\Models\\User',1,'{\"attributes\":{\"remain\":\"117714.00\",\"income\":\"0.00\",\"withdraw\":\"0.00\",\"balance\":\"117714.00\",\"balance_date\":\"2022-05-11\",\"warehouse_id\":1,\"user_id\":1}}','2022-05-11 05:20:09','2022-05-11 05:20:09'),(1036,'default','created','App\\Models\\Order',63,'App\\Models\\User',1,'{\"attributes\":{\"warehouse_id\":1,\"customer_id\":6,\"user_id\":1,\"subtotal\":805,\"vat\":0,\"discount\":0,\"grandtotal\":805,\"kh_grandtotal\":null}}','2022-05-11 08:08:33','2022-05-11 08:08:33'),(1037,'default','updated','App\\Models\\Balance',13,'App\\Models\\User',1,'{\"attributes\":{\"remain\":\"117714.00\",\"income\":\"805.00\",\"withdraw\":\"0.00\",\"balance\":\"118519.00\",\"balance_date\":\"2022-05-11\",\"warehouse_id\":1,\"user_id\":1},\"old\":{\"remain\":\"117714.00\",\"income\":\"0.00\",\"withdraw\":\"0.00\",\"balance\":\"117714.00\",\"balance_date\":\"2022-05-11\",\"warehouse_id\":1,\"user_id\":1}}','2022-05-11 08:08:33','2022-05-11 08:08:33'),(1038,'default','created','App\\Models\\OrderDetail',390,'App\\Models\\User',1,'{\"attributes\":{\"order_id\":63,\"product_id\":24,\"sellprice\":19,\"quantity\":\"10.00\"}}','2022-05-11 08:08:33','2022-05-11 08:08:33'),(1039,'default','updated','App\\Models\\Stock',24,'App\\Models\\User',1,'{\"attributes\":{\"warehouse_id\":1,\"product_id\":24,\"alert\":\"0.00\",\"total\":20},\"old\":{\"warehouse_id\":1,\"product_id\":24,\"alert\":\"0.00\",\"total\":30}}','2022-05-11 08:08:33','2022-05-11 08:08:33'),(1040,'default','created','App\\Models\\OrderDetail',391,'App\\Models\\User',1,'{\"attributes\":{\"order_id\":63,\"product_id\":37,\"sellprice\":21.5,\"quantity\":\"10.00\"}}','2022-05-11 08:08:33','2022-05-11 08:08:33'),(1041,'default','updated','App\\Models\\Stock',33,'App\\Models\\User',1,'{\"attributes\":{\"warehouse_id\":1,\"product_id\":37,\"alert\":\"0.00\",\"total\":115},\"old\":{\"warehouse_id\":1,\"product_id\":37,\"alert\":\"0.00\",\"total\":125}}','2022-05-11 08:08:33','2022-05-11 08:08:33'),(1042,'default','created','App\\Models\\OrderDetail',392,'App\\Models\\User',1,'{\"attributes\":{\"order_id\":63,\"product_id\":39,\"sellprice\":13.5,\"quantity\":\"10.00\"}}','2022-05-11 08:08:33','2022-05-11 08:08:33'),(1043,'default','updated','App\\Models\\Stock',35,'App\\Models\\User',1,'{\"attributes\":{\"warehouse_id\":1,\"product_id\":39,\"alert\":\"0.00\",\"total\":45},\"old\":{\"warehouse_id\":1,\"product_id\":39,\"alert\":\"0.00\",\"total\":55}}','2022-05-11 08:08:33','2022-05-11 08:08:33'),(1044,'default','created','App\\Models\\OrderDetail',393,'App\\Models\\User',1,'{\"attributes\":{\"order_id\":63,\"product_id\":9,\"sellprice\":13,\"quantity\":\"10.00\"}}','2022-05-11 08:08:33','2022-05-11 08:08:33'),(1045,'default','updated','App\\Models\\Stock',9,'App\\Models\\User',1,'{\"attributes\":{\"warehouse_id\":1,\"product_id\":9,\"alert\":\"0.00\",\"total\":320},\"old\":{\"warehouse_id\":1,\"product_id\":9,\"alert\":\"0.00\",\"total\":330}}','2022-05-11 08:08:33','2022-05-11 08:08:33'),(1046,'default','created','App\\Models\\OrderDetail',394,'App\\Models\\User',1,'{\"attributes\":{\"order_id\":63,\"product_id\":3,\"sellprice\":13.5,\"quantity\":\"10.00\"}}','2022-05-11 08:08:33','2022-05-11 08:08:33'),(1047,'default','updated','App\\Models\\Stock',3,'App\\Models\\User',1,'{\"attributes\":{\"warehouse_id\":1,\"product_id\":3,\"alert\":\"0.00\",\"total\":330},\"old\":{\"warehouse_id\":1,\"product_id\":3,\"alert\":\"0.00\",\"total\":340}}','2022-05-11 08:08:33','2022-05-11 08:08:33'),(1048,'default','created','App\\Models\\Balance',14,'App\\Models\\User',1,'{\"attributes\":{\"remain\":\"118519.00\",\"income\":\"0.00\",\"withdraw\":\"0.00\",\"balance\":\"118519.00\",\"balance_date\":\"2022-05-12\",\"warehouse_id\":1,\"user_id\":1}}','2022-05-12 01:15:35','2022-05-12 01:15:35'),(1049,'default','created','App\\Models\\Order',64,'App\\Models\\User',1,'{\"attributes\":{\"warehouse_id\":1,\"customer_id\":9,\"user_id\":1,\"subtotal\":4270,\"vat\":0,\"discount\":0,\"grandtotal\":4270,\"kh_grandtotal\":null}}','2022-05-12 01:23:24','2022-05-12 01:23:24'),(1050,'default','updated','App\\Models\\Balance',14,'App\\Models\\User',1,'{\"attributes\":{\"remain\":\"118519.00\",\"income\":\"4270.00\",\"withdraw\":\"0.00\",\"balance\":\"122789.00\",\"balance_date\":\"2022-05-12\",\"warehouse_id\":1,\"user_id\":1},\"old\":{\"remain\":\"118519.00\",\"income\":\"0.00\",\"withdraw\":\"0.00\",\"balance\":\"118519.00\",\"balance_date\":\"2022-05-12\",\"warehouse_id\":1,\"user_id\":1}}','2022-05-12 01:23:24','2022-05-12 01:23:24'),(1051,'default','created','App\\Models\\OrderDetail',395,'App\\Models\\User',1,'{\"attributes\":{\"order_id\":64,\"product_id\":9,\"sellprice\":13,\"quantity\":\"30.00\"}}','2022-05-12 01:23:24','2022-05-12 01:23:24'),(1052,'default','updated','App\\Models\\Stock',9,'App\\Models\\User',1,'{\"attributes\":{\"warehouse_id\":1,\"product_id\":9,\"alert\":\"0.00\",\"total\":290},\"old\":{\"warehouse_id\":1,\"product_id\":9,\"alert\":\"0.00\",\"total\":320}}','2022-05-12 01:23:24','2022-05-12 01:23:24'),(1053,'default','created','App\\Models\\OrderDetail',396,'App\\Models\\User',1,'{\"attributes\":{\"order_id\":64,\"product_id\":10,\"sellprice\":20,\"quantity\":\"10.00\"}}','2022-05-12 01:23:24','2022-05-12 01:23:24'),(1054,'default','updated','App\\Models\\Stock',10,'App\\Models\\User',1,'{\"attributes\":{\"warehouse_id\":1,\"product_id\":10,\"alert\":\"0.00\",\"total\":78},\"old\":{\"warehouse_id\":1,\"product_id\":10,\"alert\":\"0.00\",\"total\":88}}','2022-05-12 01:23:24','2022-05-12 01:23:24'),(1055,'default','created','App\\Models\\OrderDetail',397,'App\\Models\\User',1,'{\"attributes\":{\"order_id\":64,\"product_id\":33,\"sellprice\":24,\"quantity\":\"10.00\"}}','2022-05-12 01:23:24','2022-05-12 01:23:24'),(1056,'default','updated','App\\Models\\Stock',29,'App\\Models\\User',1,'{\"attributes\":{\"warehouse_id\":1,\"product_id\":33,\"alert\":\"0.00\",\"total\":8},\"old\":{\"warehouse_id\":1,\"product_id\":33,\"alert\":\"0.00\",\"total\":18}}','2022-05-12 01:23:24','2022-05-12 01:23:24'),(1057,'default','created','App\\Models\\OrderDetail',398,'App\\Models\\User',1,'{\"attributes\":{\"order_id\":64,\"product_id\":24,\"sellprice\":19,\"quantity\":\"10.00\"}}','2022-05-12 01:23:24','2022-05-12 01:23:24'),(1058,'default','updated','App\\Models\\Stock',24,'App\\Models\\User',1,'{\"attributes\":{\"warehouse_id\":1,\"product_id\":24,\"alert\":\"0.00\",\"total\":10},\"old\":{\"warehouse_id\":1,\"product_id\":24,\"alert\":\"0.00\",\"total\":20}}','2022-05-12 01:23:24','2022-05-12 01:23:24'),(1059,'default','created','App\\Models\\OrderDetail',399,'App\\Models\\User',1,'{\"attributes\":{\"order_id\":64,\"product_id\":51,\"sellprice\":16.5,\"quantity\":\"40.00\"}}','2022-05-12 01:23:24','2022-05-12 01:23:24'),(1060,'default','updated','App\\Models\\Stock',45,'App\\Models\\User',1,'{\"attributes\":{\"warehouse_id\":1,\"product_id\":51,\"alert\":\"0.00\",\"total\":130},\"old\":{\"warehouse_id\":1,\"product_id\":51,\"alert\":\"0.00\",\"total\":170}}','2022-05-12 01:23:24','2022-05-12 01:23:24'),(1061,'default','created','App\\Models\\OrderDetail',400,'App\\Models\\User',1,'{\"attributes\":{\"order_id\":64,\"product_id\":3,\"sellprice\":13.5,\"quantity\":\"50.00\"}}','2022-05-12 01:23:24','2022-05-12 01:23:24'),(1062,'default','updated','App\\Models\\Stock',3,'App\\Models\\User',1,'{\"attributes\":{\"warehouse_id\":1,\"product_id\":3,\"alert\":\"0.00\",\"total\":280},\"old\":{\"warehouse_id\":1,\"product_id\":3,\"alert\":\"0.00\",\"total\":330}}','2022-05-12 01:23:24','2022-05-12 01:23:24'),(1063,'default','created','App\\Models\\OrderDetail',401,'App\\Models\\User',1,'{\"attributes\":{\"order_id\":64,\"product_id\":6,\"sellprice\":16.5,\"quantity\":\"40.00\"}}','2022-05-12 01:23:24','2022-05-12 01:23:24'),(1064,'default','updated','App\\Models\\Stock',6,'App\\Models\\User',1,'{\"attributes\":{\"warehouse_id\":1,\"product_id\":6,\"alert\":\"0.00\",\"total\":280},\"old\":{\"warehouse_id\":1,\"product_id\":6,\"alert\":\"0.00\",\"total\":320}}','2022-05-12 01:23:24','2022-05-12 01:23:24'),(1065,'default','created','App\\Models\\OrderDetail',402,'App\\Models\\User',1,'{\"attributes\":{\"order_id\":64,\"product_id\":7,\"sellprice\":14.5,\"quantity\":\"40.00\"}}','2022-05-12 01:23:24','2022-05-12 01:23:24'),(1066,'default','updated','App\\Models\\Stock',7,'App\\Models\\User',1,'{\"attributes\":{\"warehouse_id\":1,\"product_id\":7,\"alert\":\"0.00\",\"total\":40},\"old\":{\"warehouse_id\":1,\"product_id\":7,\"alert\":\"0.00\",\"total\":80}}','2022-05-12 01:23:24','2022-05-12 01:23:24'),(1067,'default','created','App\\Models\\OrderDetail',403,'App\\Models\\User',1,'{\"attributes\":{\"order_id\":64,\"product_id\":1,\"sellprice\":13.5,\"quantity\":\"50.00\"}}','2022-05-12 01:23:24','2022-05-12 01:23:24'),(1068,'default','updated','App\\Models\\Stock',1,'App\\Models\\User',1,'{\"attributes\":{\"warehouse_id\":1,\"product_id\":1,\"alert\":\"0.00\",\"total\":170},\"old\":{\"warehouse_id\":1,\"product_id\":1,\"alert\":\"0.00\",\"total\":220}}','2022-05-12 01:23:24','2022-05-12 01:23:24'),(1069,'default','updated','App\\Models\\Product',17,'App\\Models\\User',1,'{\"attributes\":{\"category_id\":5,\"code\":\"908601349863\",\"en_name\":\"LCD IPHONE 11pro max gx\",\"kh_name\":\"\\u17a2\\u17c1\\u1780\\u17d2\\u179a\\u1784\\u17cb\\u200b IPHONE 11 pro max\",\"description\":\"undefined\",\"image\":\"no image created\",\"sale_price\":80},\"old\":{\"category_id\":5,\"code\":\"908601349863\",\"en_name\":\"11pro max gx\",\"kh_name\":\"LCD IPHONE\",\"description\":\"undefined\",\"image\":\"no image created\",\"sale_price\":80}}','2022-05-12 01:37:04','2022-05-12 01:37:04'),(1070,'default','updated','App\\Models\\Product',17,'App\\Models\\User',1,'{\"attributes\":{\"category_id\":5,\"code\":\"908601349863\",\"en_name\":\"LCD IPHONE 11pro max gx\",\"kh_name\":\"\\u17a2\\u17c1\\u1780\\u17d2\\u179a\\u1784\\u17cb\\u200b\",\"description\":\"undefined\",\"image\":\"no image created\",\"sale_price\":80},\"old\":{\"category_id\":5,\"code\":\"908601349863\",\"en_name\":\"LCD IPHONE 11pro max gx\",\"kh_name\":\"\\u17a2\\u17c1\\u1780\\u17d2\\u179a\\u1784\\u17cb\\u200b IPHONE 11 pro max\",\"description\":\"undefined\",\"image\":\"no image created\",\"sale_price\":80}}','2022-05-12 01:38:40','2022-05-12 01:38:40'),(1071,'default','updated','App\\Models\\Product',17,'App\\Models\\User',1,'{\"attributes\":{\"category_id\":5,\"code\":\"908601349863\",\"en_name\":\"IPHONE 11pro max gx\",\"kh_name\":\"\\u17a2\\u17c1\\u1780\\u17d2\\u179a\\u1784\\u17cb\\u200b\",\"description\":\"undefined\",\"image\":\"no image created\",\"sale_price\":80},\"old\":{\"category_id\":5,\"code\":\"908601349863\",\"en_name\":\"LCD IPHONE 11pro max gx\",\"kh_name\":\"\\u17a2\\u17c1\\u1780\\u17d2\\u179a\\u1784\\u17cb\\u200b\",\"description\":\"undefined\",\"image\":\"no image created\",\"sale_price\":80}}','2022-05-12 01:40:21','2022-05-12 01:40:21'),(1072,'default','updated','App\\Models\\Product',23,'App\\Models\\User',1,'{\"attributes\":{\"category_id\":5,\"code\":\"908601349869\",\"en_name\":\"IPHONE 6G B\",\"kh_name\":\"\\u17a2\\u17c1\\u1780\\u17d2\\u179a\\u1784\\u17cb\",\"description\":\"undefined\",\"image\":\"no image created\",\"sale_price\":11},\"old\":{\"category_id\":5,\"code\":\"908601349869\",\"en_name\":\"6g b\",\"kh_name\":\"LCD OPPO\",\"description\":\"undefined\",\"image\":\"no image created\",\"sale_price\":11}}','2022-05-12 01:44:26','2022-05-12 01:44:26'),(1073,'default','updated','App\\Models\\Product',23,'App\\Models\\User',1,'{\"attributes\":{\"category_id\":5,\"code\":\"908601349869\",\"en_name\":\"6G B\",\"kh_name\":\"\\u17a2\\u17c1\\u1780\\u17d2\\u179a\\u1784\\u17cb\",\"description\":\"undefined\",\"image\":\"no image created\",\"sale_price\":11},\"old\":{\"category_id\":5,\"code\":\"908601349869\",\"en_name\":\"IPHONE 6G B\",\"kh_name\":\"\\u17a2\\u17c1\\u1780\\u17d2\\u179a\\u1784\\u17cb\",\"description\":\"undefined\",\"image\":\"no image created\",\"sale_price\":11}}','2022-05-12 01:53:34','2022-05-12 01:53:34'),(1074,'default','updated','App\\Models\\Product',22,'App\\Models\\User',1,'{\"attributes\":{\"category_id\":5,\"code\":\"908601349868\",\"en_name\":\"iphone 6g w\",\"kh_name\":\"\\u17a2\\u17c1\\u1780\\u17d2\\u179a\\u1784\\u17cb\",\"description\":\"undefined\",\"image\":\"no image created\",\"sale_price\":11},\"old\":{\"category_id\":5,\"code\":\"908601349868\",\"en_name\":\"6g w\",\"kh_name\":\"LCD OPPO\",\"description\":\"undefined\",\"image\":\"no image created\",\"sale_price\":11}}','2022-05-12 01:56:04','2022-05-12 01:56:04'),(1075,'default','updated','App\\Models\\Product',22,'App\\Models\\User',1,'{\"attributes\":{\"category_id\":5,\"code\":\"908601349868\",\"en_name\":\"6g iphone\",\"kh_name\":\"\\u17a2\\u17c1\\u1780\\u17d2\\u179a\\u1784\\u17cb\",\"description\":\"undefined\",\"image\":\"no image created\",\"sale_price\":11},\"old\":{\"category_id\":5,\"code\":\"908601349868\",\"en_name\":\"iphone 6g w\",\"kh_name\":\"\\u17a2\\u17c1\\u1780\\u17d2\\u179a\\u1784\\u17cb\",\"description\":\"undefined\",\"image\":\"no image created\",\"sale_price\":11}}','2022-05-12 02:01:56','2022-05-12 02:01:56'),(1076,'default','updated','App\\Models\\Product',22,'App\\Models\\User',1,'{\"attributes\":{\"category_id\":5,\"code\":\"908601349868\",\"en_name\":\"6g w iphone\",\"kh_name\":\"\\u17a2\\u17c1\\u1780\\u17d2\\u179a\\u1784\\u17cb\",\"description\":\"undefined\",\"image\":\"no image created\",\"sale_price\":11},\"old\":{\"category_id\":5,\"code\":\"908601349868\",\"en_name\":\"6g iphone\",\"kh_name\":\"\\u17a2\\u17c1\\u1780\\u17d2\\u179a\\u1784\\u17cb\",\"description\":\"undefined\",\"image\":\"no image created\",\"sale_price\":11}}','2022-05-12 02:02:32','2022-05-12 02:02:32'),(1077,'default','updated','App\\Models\\Product',23,'App\\Models\\User',1,'{\"attributes\":{\"category_id\":5,\"code\":\"908601349869\",\"en_name\":\"6g b\",\"kh_name\":\"lc\",\"description\":\"undefined\",\"image\":\"no image created\",\"sale_price\":11},\"old\":{\"category_id\":5,\"code\":\"908601349869\",\"en_name\":\"6G B\",\"kh_name\":\"\\u17a2\\u17c1\\u1780\\u17d2\\u179a\\u1784\\u17cb\",\"description\":\"undefined\",\"image\":\"no image created\",\"sale_price\":11}}','2022-05-12 02:17:58','2022-05-12 02:17:58'),(1078,'default','updated','App\\Models\\Product',23,'App\\Models\\User',1,'{\"attributes\":{\"category_id\":5,\"code\":\"908601349869\",\"en_name\":\"6g b\",\"kh_name\":\"lcd iphone\",\"description\":\"undefined\",\"image\":\"no image created\",\"sale_price\":11},\"old\":{\"category_id\":5,\"code\":\"908601349869\",\"en_name\":\"6g b\",\"kh_name\":\"lc\",\"description\":\"undefined\",\"image\":\"no image created\",\"sale_price\":11}}','2022-05-12 02:18:52','2022-05-12 02:18:52'),(1079,'default','updated','App\\Models\\Product',23,'App\\Models\\User',1,'{\"attributes\":{\"category_id\":5,\"code\":\"908601349869\",\"en_name\":\"6g b\",\"kh_name\":\"LCD IPHONE\",\"description\":\"undefined\",\"image\":\"no image created\",\"sale_price\":11},\"old\":{\"category_id\":5,\"code\":\"908601349869\",\"en_name\":\"6g b\",\"kh_name\":\"lcd iphone\",\"description\":\"undefined\",\"image\":\"no image created\",\"sale_price\":11}}','2022-05-12 02:19:32','2022-05-12 02:19:32'),(1080,'default','updated','App\\Models\\Product',23,'App\\Models\\User',1,'{\"attributes\":{\"category_id\":5,\"code\":\"908601349869\",\"en_name\":\"6G B\",\"kh_name\":\"LCD IPHONE\",\"description\":\"undefined\",\"image\":\"no image created\",\"sale_price\":11},\"old\":{\"category_id\":5,\"code\":\"908601349869\",\"en_name\":\"6g b\",\"kh_name\":\"LCD IPHONE\",\"description\":\"undefined\",\"image\":\"no image created\",\"sale_price\":11}}','2022-05-12 02:21:02','2022-05-12 02:21:02'),(1081,'default','updated','App\\Models\\Product',22,'App\\Models\\User',1,'{\"attributes\":{\"category_id\":5,\"code\":\"908601349868\",\"en_name\":\"6G W\",\"kh_name\":\"LCD IPHONE\",\"description\":\"undefined\",\"image\":\"no image created\",\"sale_price\":11},\"old\":{\"category_id\":5,\"code\":\"908601349868\",\"en_name\":\"6g w iphone\",\"kh_name\":\"\\u17a2\\u17c1\\u1780\\u17d2\\u179a\\u1784\\u17cb\",\"description\":\"undefined\",\"image\":\"no image created\",\"sale_price\":11}}','2022-05-12 02:21:35','2022-05-12 02:21:35'),(1082,'default','updated','App\\Models\\Product',40,'App\\Models\\User',1,'{\"attributes\":{\"category_id\":5,\"code\":\"908601349886\",\"en_name\":\"6P B\",\"kh_name\":\"LCD IPHONE\",\"description\":\"undefined\",\"image\":\"no image created\",\"sale_price\":13.5},\"old\":{\"category_id\":5,\"code\":\"908601349886\",\"en_name\":\"6p b\",\"kh_name\":\"LCD IPHONE\",\"description\":\"undefined\",\"image\":\"no image created\",\"sale_price\":13.5}}','2022-05-12 02:22:20','2022-05-12 02:22:20'),(1083,'default','updated','App\\Models\\Product',39,'App\\Models\\User',1,'{\"attributes\":{\"category_id\":5,\"code\":\"908601349885\",\"en_name\":\"6P W\",\"kh_name\":\"LCD IPHONE\",\"description\":\"undefined\",\"image\":\"no image created\",\"sale_price\":13.5},\"old\":{\"category_id\":5,\"code\":\"908601349885\",\"en_name\":\"6p w\",\"kh_name\":\"LCD IPHONE\",\"description\":\"undefined\",\"image\":\"no image created\",\"sale_price\":13.5}}','2022-05-12 02:22:41','2022-05-12 02:22:41'),(1084,'default','updated','App\\Models\\Product',21,'App\\Models\\User',1,'{\"attributes\":{\"category_id\":5,\"code\":\"908601349867\",\"en_name\":\"6SP W\",\"kh_name\":\"LCD IPHONE\",\"description\":\"undefined\",\"image\":\"no image created\",\"sale_price\":14},\"old\":{\"category_id\":5,\"code\":\"908601349867\",\"en_name\":\"6sp w\",\"kh_name\":\"LCD IPHONE\",\"description\":\"undefined\",\"image\":\"no image created\",\"sale_price\":14}}','2022-05-12 02:23:06','2022-05-12 02:23:06'),(1085,'default','updated','App\\Models\\Product',18,'App\\Models\\User',1,'{\"attributes\":{\"category_id\":5,\"code\":\"908601349864\",\"en_name\":\"7P B\",\"kh_name\":\"LCD IPHONE\",\"description\":\"undefined\",\"image\":\"no image created\",\"sale_price\":14.5},\"old\":{\"category_id\":5,\"code\":\"908601349864\",\"en_name\":\"7p b\",\"kh_name\":\"LCD IPHONE\",\"description\":\"undefined\",\"image\":\"no image created\",\"sale_price\":14.5}}','2022-05-12 02:23:40','2022-05-12 02:23:40'),(1086,'default','updated','App\\Models\\Product',43,'App\\Models\\User',1,'{\"attributes\":{\"category_id\":5,\"code\":\"143565364348\",\"en_name\":\"7P W\",\"kh_name\":\"LCD IPHONE\",\"description\":\"null\",\"image\":\"no image created\",\"sale_price\":14.5},\"old\":{\"category_id\":5,\"code\":\"143565364348\",\"en_name\":\"7p w\",\"kh_name\":\"LCD IPHONE\",\"description\":\"null\",\"image\":\"no image created\",\"sale_price\":14.5}}','2022-05-12 02:23:53','2022-05-12 02:23:53'),(1087,'default','updated','App\\Models\\Product',20,'App\\Models\\User',1,'{\"attributes\":{\"category_id\":5,\"code\":\"908601349866\",\"en_name\":\"8P B\",\"kh_name\":\"LCD IPHONE\",\"description\":\"undefined\",\"image\":\"no image created\",\"sale_price\":14.5},\"old\":{\"category_id\":5,\"code\":\"908601349866\",\"en_name\":\"8p b\",\"kh_name\":\"LCD IPHONE\",\"description\":\"undefined\",\"image\":\"no image created\",\"sale_price\":14.5}}','2022-05-12 02:25:26','2022-05-12 02:25:26'),(1088,'default','updated','App\\Models\\Product',19,'App\\Models\\User',1,'{\"attributes\":{\"category_id\":5,\"code\":\"908601349865\",\"en_name\":\"8P W\",\"kh_name\":\"LCD IPHONE\",\"description\":\"undefined\",\"image\":\"no image created\",\"sale_price\":14.5},\"old\":{\"category_id\":5,\"code\":\"908601349865\",\"en_name\":\"8p w\",\"kh_name\":\"LCD IPHONE\",\"description\":\"undefined\",\"image\":\"no image created\",\"sale_price\":14.5}}','2022-05-12 02:25:37','2022-05-12 02:25:37'),(1089,'default','updated','App\\Models\\Product',17,'App\\Models\\User',1,'{\"attributes\":{\"category_id\":5,\"code\":\"908601349863\",\"en_name\":\"11PRO MAX\",\"kh_name\":\"LCD IPHONE\",\"description\":\"undefined\",\"image\":\"no image created\",\"sale_price\":80},\"old\":{\"category_id\":5,\"code\":\"908601349863\",\"en_name\":\"IPHONE 11pro max gx\",\"kh_name\":\"\\u17a2\\u17c1\\u1780\\u17d2\\u179a\\u1784\\u17cb\\u200b\",\"description\":\"undefined\",\"image\":\"no image created\",\"sale_price\":80}}','2022-05-12 02:26:43','2022-05-12 02:26:43'),(1090,'default','updated','App\\Models\\Product',4,'App\\Models\\User',1,'{\"attributes\":{\"category_id\":5,\"code\":\"908601349850\",\"en_name\":\"A15\",\"kh_name\":\"LCD OPPO\",\"description\":\"undefined\",\"image\":\"no image created\",\"sale_price\":15},\"old\":{\"category_id\":1,\"code\":\"908601349850\",\"en_name\":\"a15\",\"kh_name\":\"LCD IPHONE\",\"description\":\"undefined\",\"image\":\"no image created\",\"sale_price\":15}}','2022-05-12 02:28:04','2022-05-12 02:28:04'),(1091,'default','updated','App\\Models\\Product',38,'App\\Models\\User',1,'{\"attributes\":{\"category_id\":5,\"code\":\"908601349884\",\"en_name\":\"A15 ORI\",\"kh_name\":\"LCD OPPO\",\"description\":\"undefined\",\"image\":\"no image created\",\"sale_price\":18.5},\"old\":{\"category_id\":1,\"code\":\"908601349884\",\"en_name\":\"a15 ori\",\"kh_name\":\"LCD OPPO\",\"description\":\"undefined\",\"image\":\"no image created\",\"sale_price\":18.5}}','2022-05-12 02:28:35','2022-05-12 02:28:35'),(1092,'default','updated','App\\Models\\Product',45,'App\\Models\\User',1,'{\"attributes\":{\"category_id\":5,\"code\":\"108960149410\",\"en_name\":\"A16\",\"kh_name\":\"LCD OPPO\",\"description\":\"null\",\"image\":\"no image created\",\"sale_price\":17.5},\"old\":{\"category_id\":5,\"code\":\"108960149410\",\"en_name\":\"a16\",\"kh_name\":\"\\u17a2\\u17c1\\u1780\\u17d2\\u179a\\u1784\\u17cb\",\"description\":\"null\",\"image\":\"no image created\",\"sale_price\":175}}','2022-05-12 02:29:07','2022-05-12 02:29:07'),(1093,'default','updated','App\\Models\\Product',2,'App\\Models\\User',1,'{\"attributes\":{\"category_id\":5,\"code\":\"571501119594\",\"en_name\":\"A1K\",\"kh_name\":\"LCD OPPO\",\"description\":\"undefined\",\"image\":\"no image created\",\"sale_price\":11},\"old\":{\"category_id\":1,\"code\":\"571501119594\",\"en_name\":\"a1k\",\"kh_name\":\"LCD IPHONE\",\"description\":\"undefined\",\"image\":\"no image created\",\"sale_price\":11}}','2022-05-12 02:29:35','2022-05-12 02:29:35'),(1094,'default','updated','App\\Models\\Product',1,'App\\Models\\User',1,'{\"attributes\":{\"category_id\":5,\"code\":\"316466814841\",\"en_name\":\"A3S\",\"kh_name\":\"LCD OPPO\",\"description\":\"undefined\",\"image\":\"1651156393.jpg\",\"sale_price\":13.5},\"old\":{\"category_id\":1,\"code\":\"316466814841\",\"en_name\":\"a3s\",\"kh_name\":\"LCD IPHONE\",\"description\":\"undefined\",\"image\":\"1651156393.jpg\",\"sale_price\":13.5}}','2022-05-12 02:30:15','2022-05-12 02:30:15'),(1095,'default','updated','App\\Models\\Product',30,'App\\Models\\User',1,'{\"attributes\":{\"category_id\":1,\"code\":\"908601349876\",\"en_name\":\"a3s \\u17a2\\u178f\\u17cb\\u1799\\u1780\",\"kh_name\":\"LCD OPPO\",\"description\":\"undefined\",\"image\":\"no image created\",\"sale_price\":14.5},\"old\":{\"category_id\":1,\"code\":\"908601349876\",\"en_name\":\"a3s a\",\"kh_name\":\"LCD OPPO\",\"description\":\"undefined\",\"image\":\"no image created\",\"sale_price\":14.5}}','2022-05-12 02:31:58','2022-05-12 02:31:58'),(1096,'default','updated','App\\Models\\Product',51,'App\\Models\\User',1,'{\"attributes\":{\"category_id\":5,\"code\":\"409509970859\",\"en_name\":\"A3S ORI\",\"kh_name\":\"LCD OPPO\",\"description\":\"undefined\",\"image\":\"no image created\",\"sale_price\":16.5},\"old\":{\"category_id\":5,\"code\":\"409509970859\",\"en_name\":\"a3s ori\",\"kh_name\":\"\\u17a2\\u17c1\\u1780\\u17d2\\u179a\\u1784\\u17cb\",\"description\":\"undefined\",\"image\":\"no image created\",\"sale_price\":16.5}}','2022-05-12 02:33:08','2022-05-12 02:33:08'),(1097,'default','updated','App\\Models\\Product',25,'App\\Models\\User',1,'{\"attributes\":{\"category_id\":5,\"code\":\"908601349871\",\"en_name\":\"A52 ORI\",\"kh_name\":\"LCD OPPO\",\"description\":\"undefined\",\"image\":\"no image created\",\"sale_price\":19.5},\"old\":{\"category_id\":1,\"code\":\"908601349871\",\"en_name\":\"a52 ori\",\"kh_name\":\"LCD OPPO\",\"description\":\"undefined\",\"image\":\"no image created\",\"sale_price\":19.5}}','2022-05-12 02:33:35','2022-05-12 02:33:35'),(1098,'default','updated','App\\Models\\Product',27,'App\\Models\\User',1,'{\"attributes\":{\"category_id\":5,\"code\":\"908601349873\",\"en_name\":\"A53\",\"kh_name\":\"LCD OPPO\",\"description\":\"undefined\",\"image\":\"no image created\",\"sale_price\":19},\"old\":{\"category_id\":1,\"code\":\"908601349873\",\"en_name\":\"a53\",\"kh_name\":\"LCD OPPO\",\"description\":\"undefined\",\"image\":\"no image created\",\"sale_price\":19}}','2022-05-12 02:33:50','2022-05-12 02:33:50'),(1099,'default','updated','App\\Models\\Product',12,'App\\Models\\User',1,'{\"attributes\":{\"category_id\":5,\"code\":\"908601349858\",\"en_name\":\"A53 ORI\",\"kh_name\":\"LCD OPPO\",\"description\":\"undefined\",\"image\":\"no image created\",\"sale_price\":21},\"old\":{\"category_id\":1,\"code\":\"908601349858\",\"en_name\":\"a53 ori\",\"kh_name\":\"LCD IPHONE\",\"description\":\"undefined\",\"image\":\"no image created\",\"sale_price\":21}}','2022-05-12 02:34:11','2022-05-12 02:34:11'),(1100,'default','updated','App\\Models\\Product',37,'App\\Models\\User',1,'{\"attributes\":{\"category_id\":5,\"code\":\"908601349883\",\"en_name\":\"A54 ORI\",\"kh_name\":\"LCD OPPO\",\"description\":\"undefined\",\"image\":\"no image created\",\"sale_price\":21.5},\"old\":{\"category_id\":1,\"code\":\"908601349883\",\"en_name\":\"a54 ori\",\"kh_name\":\"LCD OPPO\",\"description\":\"undefined\",\"image\":\"no image created\",\"sale_price\":21.5}}','2022-05-12 02:34:41','2022-05-12 02:34:41'),(1101,'default','updated','App\\Models\\Product',3,'App\\Models\\User',1,'{\"attributes\":{\"category_id\":5,\"code\":\"908601349849\",\"en_name\":\"A5S\",\"kh_name\":\"LCD OPPO\",\"description\":\"undefined\",\"image\":\"no image created\",\"sale_price\":13.5},\"old\":{\"category_id\":1,\"code\":\"908601349849\",\"en_name\":\"a5s\",\"kh_name\":\"LCD IPHONE\",\"description\":\"undefined\",\"image\":\"no image created\",\"sale_price\":13.5}}','2022-05-12 02:35:00','2022-05-12 02:35:00'),(1102,'default','updated','App\\Models\\Product',24,'App\\Models\\User',1,'{\"attributes\":{\"category_id\":5,\"code\":\"908601349870\",\"en_name\":\"A5S ORI\",\"kh_name\":\"LCD OPPO\",\"description\":\"undefined\",\"image\":\"no image created\",\"sale_price\":19.5},\"old\":{\"category_id\":1,\"code\":\"908601349870\",\"en_name\":\"a5s ori\",\"kh_name\":\"LCD OPPO\",\"description\":\"undefined\",\"image\":\"no image created\",\"sale_price\":19.5}}','2022-05-12 02:35:17','2022-05-12 02:35:17'),(1103,'default','updated','App\\Models\\Product',15,'App\\Models\\User',1,'{\"attributes\":{\"category_id\":5,\"code\":\"908601349861\",\"en_name\":\"A83 B\",\"kh_name\":\"LCD OPPO\",\"description\":\"undefined\",\"image\":\"no image created\",\"sale_price\":15.5},\"old\":{\"category_id\":1,\"code\":\"908601349861\",\"en_name\":\"a83 b\",\"kh_name\":\"LCD IPHONE\",\"description\":\"undefined\",\"image\":\"no image created\",\"sale_price\":15.5}}','2022-05-12 02:35:40','2022-05-12 02:35:40'),(1104,'default','updated','App\\Models\\Product',14,'App\\Models\\User',1,'{\"attributes\":{\"category_id\":5,\"code\":\"908601349860\",\"en_name\":\"A83 W\",\"kh_name\":\"LCD OPPO\",\"description\":\"undefined\",\"image\":\"no image created\",\"sale_price\":15.5},\"old\":{\"category_id\":1,\"code\":\"908601349860\",\"en_name\":\"a83 w\",\"kh_name\":\"LCD IPHONE\",\"description\":\"undefined\",\"image\":\"no image created\",\"sale_price\":15.5}}','2022-05-12 02:36:01','2022-05-12 02:36:01'),(1105,'default','updated','App\\Models\\Product',46,'App\\Models\\User',1,'{\"attributes\":{\"category_id\":5,\"code\":\"680278947227\",\"en_name\":\"C11 2021\",\"kh_name\":\"LCD REALME\",\"description\":\"null\",\"image\":\"no image created\",\"sale_price\":17},\"old\":{\"category_id\":5,\"code\":\"680278947227\",\"en_name\":\"c11 2021\",\"kh_name\":\"\\u17a2\\u17c1\\u1780\\u17d2\\u179a\\u1784\\u17cb\",\"description\":null,\"image\":\"no image created\",\"sale_price\":17}}','2022-05-12 02:36:57','2022-05-12 02:36:57'),(1106,'default','updated','App\\Models\\Product',53,'App\\Models\\User',1,'{\"attributes\":{\"category_id\":5,\"code\":\"672931669645\",\"en_name\":\"C15\",\"kh_name\":\"LCD REALME\",\"description\":\"undefined\",\"image\":\"no image created\",\"sale_price\":16.5},\"old\":{\"category_id\":5,\"code\":\"672931669645\",\"en_name\":\"c15\",\"kh_name\":\"\\u17a2\\u17c1\\u1780\\u17d2\\u179a\\u1784\\u17cb\",\"description\":\"undefined\",\"image\":\"no image created\",\"sale_price\":16.5}}','2022-05-12 02:37:30','2022-05-12 02:37:30'),(1107,'default','updated','App\\Models\\Product',6,'App\\Models\\User',1,'{\"attributes\":{\"category_id\":5,\"code\":\"908601349852\",\"en_name\":\"C3 ORI\",\"kh_name\":\"LCD REALME\",\"description\":\"undefined\",\"image\":\"no image created\",\"sale_price\":16.5},\"old\":{\"category_id\":5,\"code\":\"908601349852\",\"en_name\":\"c3 ori\",\"kh_name\":\"LCD IPHONE\",\"description\":\"undefined\",\"image\":\"no image created\",\"sale_price\":165}}','2022-05-12 02:38:17','2022-05-12 02:38:17'),(1108,'default','updated','App\\Models\\Product',28,'App\\Models\\User',1,'{\"attributes\":{\"category_id\":5,\"code\":\"908601349874\",\"en_name\":\"F11PRO\",\"kh_name\":\"LCD OPPO\",\"description\":\"undefined\",\"image\":\"no image created\",\"sale_price\":17.5},\"old\":{\"category_id\":1,\"code\":\"908601349874\",\"en_name\":\"f11pro\",\"kh_name\":\"LCD OPPO\",\"description\":\"undefined\",\"image\":\"no image created\",\"sale_price\":17.5}}','2022-05-12 02:38:55','2022-05-12 02:38:55'),(1109,'default','updated','App\\Models\\Product',32,'App\\Models\\User',1,'{\"attributes\":{\"category_id\":5,\"code\":\"908601349878\",\"en_name\":\"C3\",\"kh_name\":\"LCD REALME\",\"description\":\"undefined\",\"image\":\"no image created\",\"sale_price\":14},\"old\":{\"category_id\":1,\"code\":\"908601349878\",\"en_name\":\"c3\",\"kh_name\":\"LCD OPPO\",\"description\":\"undefined\",\"image\":\"no image created\",\"sale_price\":14}}','2022-05-12 02:40:22','2022-05-12 02:40:22'),(1110,'default','updated','App\\Models\\Product',11,'App\\Models\\User',1,'{\"attributes\":{\"category_id\":5,\"code\":\"908601349857\",\"en_name\":\"F11PRO ORI\",\"kh_name\":\"LCD IPHONE\",\"description\":\"undefined\",\"image\":\"no image created\",\"sale_price\":21.5},\"old\":{\"category_id\":1,\"code\":\"908601349857\",\"en_name\":\"f11pro ori\",\"kh_name\":\"LCD IPHONE\",\"description\":\"undefined\",\"image\":\"no image created\",\"sale_price\":21.5}}','2022-05-12 02:40:51','2022-05-12 02:40:51'),(1111,'default','updated','App\\Models\\Product',11,'App\\Models\\User',1,'{\"attributes\":{\"category_id\":5,\"code\":\"908601349857\",\"en_name\":\"F11PRO ORI\",\"kh_name\":\"LCD OPPO\",\"description\":\"undefined\",\"image\":\"no image created\",\"sale_price\":21.5},\"old\":{\"category_id\":5,\"code\":\"908601349857\",\"en_name\":\"F11PRO ORI\",\"kh_name\":\"LCD IPHONE\",\"description\":\"undefined\",\"image\":\"no image created\",\"sale_price\":21.5}}','2022-05-12 02:41:27','2022-05-12 02:41:27'),(1112,'default','updated','App\\Models\\Product',34,'App\\Models\\User',1,'{\"attributes\":{\"category_id\":5,\"code\":\"908601349880\",\"en_name\":\"F7\",\"kh_name\":\"LCD OPPO\",\"description\":\"undefined\",\"image\":\"no image created\",\"sale_price\":16.5},\"old\":{\"category_id\":1,\"code\":\"908601349880\",\"en_name\":\"f7\",\"kh_name\":\"LCD OPPO\",\"description\":\"undefined\",\"image\":\"no image created\",\"sale_price\":16.5}}','2022-05-12 02:41:50','2022-05-12 02:41:50'),(1113,'default','updated','App\\Models\\Product',5,'App\\Models\\User',1,'{\"attributes\":{\"category_id\":5,\"code\":\"908601349851\",\"en_name\":\"F9\",\"kh_name\":\"LCD OPPO\",\"description\":\"undefined\",\"image\":\"no image created\",\"sale_price\":17.5},\"old\":{\"category_id\":1,\"code\":\"908601349851\",\"en_name\":\"f9\",\"kh_name\":\"LCD IPHONE\",\"description\":\"undefined\",\"image\":\"no image created\",\"sale_price\":17.5}}','2022-05-12 02:42:07','2022-05-12 02:42:07'),(1114,'default','updated','App\\Models\\Product',41,'App\\Models\\User',1,'{\"attributes\":{\"category_id\":5,\"code\":\"908601349887\",\"en_name\":\"POVA1\",\"kh_name\":\"LCD POVA\",\"description\":\"undefined\",\"image\":\"no image created\",\"sale_price\":20.5},\"old\":{\"category_id\":5,\"code\":\"908601349887\",\"en_name\":\"pova1\",\"kh_name\":\"\\u17a2\\u17c1\\u1780\\u17d2\\u179a\\u1784\\u17cb\",\"description\":\"undefined\",\"image\":\"no image created\",\"sale_price\":20.5}}','2022-05-12 02:42:41','2022-05-12 02:42:41'),(1115,'default','updated','App\\Models\\Product',42,'App\\Models\\User',1,'{\"attributes\":{\"category_id\":5,\"code\":\"908601349888\",\"en_name\":\"POVA2\",\"kh_name\":\"LCD POVA\",\"description\":\"undefined\",\"image\":\"no image created\",\"sale_price\":22},\"old\":{\"category_id\":5,\"code\":\"908601349888\",\"en_name\":\"pova2\",\"kh_name\":\"\\u17a2\\u17c1\\u1780\\u17d2\\u179a\\u1784\\u17cb\",\"description\":\"undefined\",\"image\":\"no image created\",\"sale_price\":22}}','2022-05-12 02:43:10','2022-05-12 02:43:10'),(1116,'default','updated','App\\Models\\Product',13,'App\\Models\\User',1,'{\"attributes\":{\"category_id\":5,\"code\":\"908601349859\",\"en_name\":\"RENO2F\",\"kh_name\":\"LCD OPPO\",\"description\":\"undefined\",\"image\":\"no image created\",\"sale_price\":22.5},\"old\":{\"category_id\":1,\"code\":\"908601349859\",\"en_name\":\"reno2f\",\"kh_name\":\"LCD IPHONE\",\"description\":\"undefined\",\"image\":\"no image created\",\"sale_price\":22.5}}','2022-05-12 02:43:34','2022-05-12 02:43:34'),(1117,'default','updated','App\\Models\\Product',16,'App\\Models\\User',1,'{\"attributes\":{\"category_id\":5,\"code\":\"908601349862\",\"en_name\":\"X GX\",\"kh_name\":\"LCD IPHONE\",\"description\":\"undefined\",\"image\":\"no image created\",\"sale_price\":41},\"old\":{\"category_id\":5,\"code\":\"908601349862\",\"en_name\":\"x gx\",\"kh_name\":\"LCD IPHONE\",\"description\":\"undefined\",\"image\":\"no image created\",\"sale_price\":41}}','2022-05-12 02:44:02','2022-05-12 02:44:02'),(1118,'default','updated','App\\Models\\Product',44,'App\\Models\\User',1,'{\"attributes\":{\"category_id\":5,\"code\":\"441083965829\",\"en_name\":\"XS MAX OLED\",\"kh_name\":\"LCD IPHONE\",\"description\":\"undefined\",\"image\":\"no image created\",\"sale_price\":60},\"old\":{\"category_id\":5,\"code\":\"441083965829\",\"en_name\":\"xs max oled\",\"kh_name\":\"LCD IPHONE\",\"description\":\"undefined\",\"image\":\"no image created\",\"sale_price\":60}}','2022-05-12 02:44:25','2022-05-12 02:44:25'),(1119,'default','updated','App\\Models\\Product',7,'App\\Models\\User',1,'{\"attributes\":{\"category_id\":5,\"code\":\"908601349853\",\"en_name\":\"Y12\",\"kh_name\":\"LCD VIVO\",\"description\":\"undefined\",\"image\":\"no image created\",\"sale_price\":14.5},\"old\":{\"category_id\":5,\"code\":\"908601349853\",\"en_name\":\"y12\",\"kh_name\":\"LCD IPHONE\",\"description\":\"undefined\",\"image\":\"no image created\",\"sale_price\":14.5}}','2022-05-12 02:45:12','2022-05-12 02:45:12'),(1120,'default','updated','App\\Models\\Product',8,'App\\Models\\User',1,'{\"attributes\":{\"category_id\":5,\"code\":\"908601349854\",\"en_name\":\"Y12S\",\"kh_name\":\"LCD VIVO\",\"description\":\"undefined\",\"image\":\"no image created\",\"sale_price\":14.5},\"old\":{\"category_id\":1,\"code\":\"908601349854\",\"en_name\":\"y12s\",\"kh_name\":\"LCD IPHONE\",\"description\":\"undefined\",\"image\":\"no image created\",\"sale_price\":14.5}}','2022-05-12 02:45:39','2022-05-12 02:45:39'),(1121,'default','updated','App\\Models\\Product',29,'App\\Models\\User',1,'{\"attributes\":{\"category_id\":5,\"code\":\"908601349875\",\"en_name\":\"y12s \\u17a2\\u178f\\u17cb\\u1799\\u1780\",\"kh_name\":\"LCD VIVO\",\"description\":\"undefined\",\"image\":\"no image created\",\"sale_price\":15.5},\"old\":{\"category_id\":1,\"code\":\"908601349875\",\"en_name\":\"y12s a\",\"kh_name\":\"LCD OPPO\",\"description\":\"undefined\",\"image\":\"no image created\",\"sale_price\":15.5}}','2022-05-12 02:46:29','2022-05-12 02:46:29'),(1122,'default','updated','App\\Models\\Product',26,'App\\Models\\User',1,'{\"attributes\":{\"category_id\":5,\"code\":\"908601349872\",\"en_name\":\"Y12S ORI\",\"kh_name\":\"LCD VIVO\",\"description\":\"undefined\",\"image\":\"no image created\",\"sale_price\":20},\"old\":{\"category_id\":1,\"code\":\"908601349872\",\"en_name\":\"y12s ori\",\"kh_name\":\"LCD OPPO\",\"description\":\"undefined\",\"image\":\"no image created\",\"sale_price\":20}}','2022-05-12 02:47:06','2022-05-12 02:47:06'),(1123,'default','updated','App\\Models\\Product',10,'App\\Models\\User',1,'{\"attributes\":{\"category_id\":5,\"code\":\"908601349856\",\"en_name\":\"Y19\",\"kh_name\":\"LCD VIVO\",\"description\":\"undefined\",\"image\":\"no image created\",\"sale_price\":20},\"old\":{\"category_id\":1,\"code\":\"908601349856\",\"en_name\":\"y19\",\"kh_name\":\"LCD IPHONE\",\"description\":\"undefined\",\"image\":\"no image created\",\"sale_price\":20}}','2022-05-12 02:47:25','2022-05-12 02:47:25'),(1124,'default','updated','App\\Models\\Product',47,'App\\Models\\User',1,'{\"attributes\":{\"category_id\":5,\"code\":\"163793124994\",\"en_name\":\"Y21\",\"kh_name\":\"LCD VIVO\",\"description\":\"undefined\",\"image\":\"no image created\",\"sale_price\":17},\"old\":{\"category_id\":5,\"code\":\"163793124994\",\"en_name\":\"y21\",\"kh_name\":\"\\u17a2\\u17c1\\u1780\\u17d2\\u179a\\u1784\\u17cb\",\"description\":\"undefined\",\"image\":\"no image created\",\"sale_price\":17}}','2022-05-12 02:47:44','2022-05-12 02:47:44'),(1125,'default','updated','App\\Models\\Product',33,'App\\Models\\User',1,'{\"attributes\":{\"category_id\":5,\"code\":\"908601349879\",\"en_name\":\"Y30 ORI\",\"kh_name\":\"LCD VIVO\",\"description\":\"undefined\",\"image\":\"no image created\",\"sale_price\":24},\"old\":{\"category_id\":1,\"code\":\"908601349879\",\"en_name\":\"y30 ori\",\"kh_name\":\"LCD OPPO\",\"description\":\"undefined\",\"image\":\"no image created\",\"sale_price\":24}}','2022-05-12 02:48:18','2022-05-12 02:48:18'),(1126,'default','updated','App\\Models\\Product',35,'App\\Models\\User',1,'{\"attributes\":{\"category_id\":5,\"code\":\"908601349881\",\"en_name\":\"Y81\",\"kh_name\":\"LCD VIVO\",\"description\":\"undefined\",\"image\":\"no image created\",\"sale_price\":14},\"old\":{\"category_id\":1,\"code\":\"908601349881\",\"en_name\":\"y81\",\"kh_name\":\"LCD VIVO\",\"description\":\"undefined\",\"image\":\"no image created\",\"sale_price\":14}}','2022-05-12 02:48:32','2022-05-12 02:48:32'),(1127,'default','updated','App\\Models\\Product',36,'App\\Models\\User',1,'{\"attributes\":{\"category_id\":5,\"code\":\"908601349882\",\"en_name\":\"Y85\",\"kh_name\":\"LCD VIVO\",\"description\":\"undefined\",\"image\":\"no image created\",\"sale_price\":17},\"old\":{\"category_id\":1,\"code\":\"908601349882\",\"en_name\":\"y85\",\"kh_name\":\"LCD VIVO\",\"description\":\"undefined\",\"image\":\"no image created\",\"sale_price\":17}}','2022-05-12 02:48:44','2022-05-12 02:48:44'),(1128,'default','updated','App\\Models\\Product',9,'App\\Models\\User',1,'{\"attributes\":{\"category_id\":5,\"code\":\"908601349855\",\"en_name\":\"Y91\",\"kh_name\":\"LCD VIVO\",\"description\":\"undefined\",\"image\":\"no image created\",\"sale_price\":13},\"old\":{\"category_id\":1,\"code\":\"908601349855\",\"en_name\":\"y91\",\"kh_name\":\"LCD IPHONE\",\"description\":\"undefined\",\"image\":\"no image created\",\"sale_price\":13}}','2022-05-12 02:49:00','2022-05-12 02:49:00'),(1129,'default','updated','App\\Models\\Product',31,'App\\Models\\User',1,'{\"attributes\":{\"category_id\":5,\"code\":\"908601349877\",\"en_name\":\"y91 \\u17a2\\u178f\\u17cb\\u1799\\u1780\",\"kh_name\":\"LCD VIVO\",\"description\":\"undefined\",\"image\":\"no image created\",\"sale_price\":14.5},\"old\":{\"category_id\":1,\"code\":\"908601349877\",\"en_name\":\"y91 a\",\"kh_name\":\"LCD OPPO\",\"description\":\"undefined\",\"image\":\"no image created\",\"sale_price\":14.5}}','2022-05-12 02:49:27','2022-05-12 02:49:27'),(1130,'default','updated','App\\Models\\Product',24,'App\\Models\\User',1,'{\"attributes\":{\"category_id\":5,\"code\":\"908601349870\",\"en_name\":\"A5S ORI\",\"kh_name\":\"LCD OPPO\",\"description\":\"undefined\",\"image\":\"no image created\",\"sale_price\":19},\"old\":{\"category_id\":5,\"code\":\"908601349870\",\"en_name\":\"A5S ORI\",\"kh_name\":\"LCD OPPO\",\"description\":\"undefined\",\"image\":\"no image created\",\"sale_price\":19.5}}','2022-05-12 02:57:38','2022-05-12 02:57:38'),(1131,'default','updated','App\\Models\\Product',28,'App\\Models\\User',1,'{\"attributes\":{\"category_id\":5,\"code\":\"908601349874\",\"en_name\":\"F11PRO\",\"kh_name\":\"LCD OPPO\",\"description\":\"undefined\",\"image\":\"no image created\",\"sale_price\":18},\"old\":{\"category_id\":5,\"code\":\"908601349874\",\"en_name\":\"F11PRO\",\"kh_name\":\"LCD OPPO\",\"description\":\"undefined\",\"image\":\"no image created\",\"sale_price\":17.5}}','2022-05-12 02:57:50','2022-05-12 02:57:50'),(1132,'default','updated','App\\Models\\Product',5,'App\\Models\\User',1,'{\"attributes\":{\"category_id\":5,\"code\":\"908601349851\",\"en_name\":\"F9\",\"kh_name\":\"LCD OPPO\",\"description\":\"undefined\",\"image\":\"no image created\",\"sale_price\":17},\"old\":{\"category_id\":5,\"code\":\"908601349851\",\"en_name\":\"F9\",\"kh_name\":\"LCD OPPO\",\"description\":\"undefined\",\"image\":\"no image created\",\"sale_price\":17.5}}','2022-05-12 02:57:59','2022-05-12 02:57:59'),(1133,'default','updated','App\\Models\\Brand',12,'App\\Models\\User',1,'{\"attributes\":{\"name\":\"VIVO\",\"kh_name\":null,\"description\":null},\"old\":{\"name\":\"Vivo\",\"kh_name\":null,\"description\":null}}','2022-05-12 03:03:15','2022-05-12 03:03:15'),(1134,'default','updated','App\\Models\\Brand',11,'App\\Models\\User',1,'{\"attributes\":{\"name\":\"SAMSUNG\",\"kh_name\":null,\"description\":null},\"old\":{\"name\":\"Samsung\",\"kh_name\":null,\"description\":null}}','2022-05-12 03:03:26','2022-05-12 03:03:26'),(1135,'default','updated','App\\Models\\Brand',10,'App\\Models\\User',1,'{\"attributes\":{\"name\":\"REALME\",\"kh_name\":null,\"description\":null},\"old\":{\"name\":\"RealMe\",\"kh_name\":null,\"description\":null}}','2022-05-12 03:03:38','2022-05-12 03:03:38'),(1136,'default','updated','App\\Models\\Brand',9,'App\\Models\\User',1,'{\"attributes\":{\"name\":\"OPPO\",\"kh_name\":null,\"description\":null},\"old\":{\"name\":\"Oppo\",\"kh_name\":null,\"description\":null}}','2022-05-12 03:03:47','2022-05-12 03:03:47'),(1137,'default','updated','App\\Models\\Brand',4,'App\\Models\\User',1,'{\"attributes\":{\"name\":\"HUAWEI\",\"kh_name\":null,\"description\":null},\"old\":{\"name\":\"Huawei\",\"kh_name\":null,\"description\":null}}','2022-05-12 03:04:26','2022-05-12 03:04:26'),(1138,'default','updated','App\\Models\\Brand',1,'App\\Models\\User',1,'{\"attributes\":{\"name\":\"APPLE\",\"kh_name\":null,\"description\":null},\"old\":{\"name\":\"Apple\",\"kh_name\":null,\"description\":null}}','2022-05-12 03:04:44','2022-05-12 03:04:44'),(1139,'default','created','App\\Models\\Balance',15,'App\\Models\\User',1,'{\"attributes\":{\"remain\":\"122789.00\",\"income\":\"0.00\",\"withdraw\":\"0.00\",\"balance\":\"122789.00\",\"balance_date\":\"2022-05-13\",\"warehouse_id\":1,\"user_id\":1}}','2022-05-13 01:59:54','2022-05-13 01:59:54'),(1140,'default','created','App\\Models\\Order',65,'App\\Models\\User',1,'{\"attributes\":{\"warehouse_id\":1,\"customer_id\":4,\"user_id\":1,\"subtotal\":315,\"vat\":0,\"discount\":0,\"grandtotal\":315,\"kh_grandtotal\":null}}','2022-05-13 02:03:19','2022-05-13 02:03:19'),(1141,'default','updated','App\\Models\\Balance',15,'App\\Models\\User',1,'{\"attributes\":{\"remain\":\"122789.00\",\"income\":\"315.00\",\"withdraw\":\"0.00\",\"balance\":\"123104.00\",\"balance_date\":\"2022-05-13\",\"warehouse_id\":1,\"user_id\":1},\"old\":{\"remain\":\"122789.00\",\"income\":\"0.00\",\"withdraw\":\"0.00\",\"balance\":\"122789.00\",\"balance_date\":\"2022-05-13\",\"warehouse_id\":1,\"user_id\":1}}','2022-05-13 02:03:19','2022-05-13 02:03:19'),(1142,'default','created','App\\Models\\OrderDetail',404,'App\\Models\\User',1,'{\"attributes\":{\"order_id\":65,\"product_id\":51,\"sellprice\":16.5,\"quantity\":\"2.00\"}}','2022-05-13 02:03:19','2022-05-13 02:03:19'),(1143,'default','updated','App\\Models\\Stock',45,'App\\Models\\User',1,'{\"attributes\":{\"warehouse_id\":1,\"product_id\":51,\"alert\":\"0.00\",\"total\":128},\"old\":{\"warehouse_id\":1,\"product_id\":51,\"alert\":\"0.00\",\"total\":130}}','2022-05-13 02:03:19','2022-05-13 02:03:19'),(1144,'default','created','App\\Models\\OrderDetail',405,'App\\Models\\User',1,'{\"attributes\":{\"order_id\":65,\"product_id\":6,\"sellprice\":16.5,\"quantity\":\"2.00\"}}','2022-05-13 02:03:19','2022-05-13 02:03:19'),(1145,'default','updated','App\\Models\\Stock',6,'App\\Models\\User',1,'{\"attributes\":{\"warehouse_id\":1,\"product_id\":6,\"alert\":\"0.00\",\"total\":278},\"old\":{\"warehouse_id\":1,\"product_id\":6,\"alert\":\"0.00\",\"total\":280}}','2022-05-13 02:03:19','2022-05-13 02:03:19'),(1146,'default','created','App\\Models\\OrderDetail',406,'App\\Models\\User',1,'{\"attributes\":{\"order_id\":65,\"product_id\":7,\"sellprice\":14.5,\"quantity\":\"3.00\"}}','2022-05-13 02:03:19','2022-05-13 02:03:19'),(1147,'default','updated','App\\Models\\Stock',7,'App\\Models\\User',1,'{\"attributes\":{\"warehouse_id\":1,\"product_id\":7,\"alert\":\"0.00\",\"total\":37},\"old\":{\"warehouse_id\":1,\"product_id\":7,\"alert\":\"0.00\",\"total\":40}}','2022-05-13 02:03:19','2022-05-13 02:03:19'),(1148,'default','created','App\\Models\\OrderDetail',407,'App\\Models\\User',1,'{\"attributes\":{\"order_id\":65,\"product_id\":8,\"sellprice\":14.5,\"quantity\":\"3.00\"}}','2022-05-13 02:03:19','2022-05-13 02:03:19'),(1149,'default','updated','App\\Models\\Stock',8,'App\\Models\\User',1,'{\"attributes\":{\"warehouse_id\":1,\"product_id\":8,\"alert\":\"0.00\",\"total\":412},\"old\":{\"warehouse_id\":1,\"product_id\":8,\"alert\":\"0.00\",\"total\":415}}','2022-05-13 02:03:19','2022-05-13 02:03:19'),(1150,'default','created','App\\Models\\OrderDetail',408,'App\\Models\\User',1,'{\"attributes\":{\"order_id\":65,\"product_id\":3,\"sellprice\":13.5,\"quantity\":\"3.00\"}}','2022-05-13 02:03:19','2022-05-13 02:03:19'),(1151,'default','updated','App\\Models\\Stock',3,'App\\Models\\User',1,'{\"attributes\":{\"warehouse_id\":1,\"product_id\":3,\"alert\":\"0.00\",\"total\":277},\"old\":{\"warehouse_id\":1,\"product_id\":3,\"alert\":\"0.00\",\"total\":280}}','2022-05-13 02:03:19','2022-05-13 02:03:19'),(1152,'default','created','App\\Models\\OrderDetail',409,'App\\Models\\User',1,'{\"attributes\":{\"order_id\":65,\"product_id\":1,\"sellprice\":13.5,\"quantity\":\"3.00\"}}','2022-05-13 02:03:19','2022-05-13 02:03:19'),(1153,'default','updated','App\\Models\\Stock',1,'App\\Models\\User',1,'{\"attributes\":{\"warehouse_id\":1,\"product_id\":1,\"alert\":\"0.00\",\"total\":167},\"old\":{\"warehouse_id\":1,\"product_id\":1,\"alert\":\"0.00\",\"total\":170}}','2022-05-13 02:03:19','2022-05-13 02:03:19'),(1154,'default','created','App\\Models\\OrderDetail',410,'App\\Models\\User',1,'{\"attributes\":{\"order_id\":65,\"product_id\":32,\"sellprice\":14,\"quantity\":\"3.00\"}}','2022-05-13 02:03:19','2022-05-13 02:03:19'),(1155,'default','updated','App\\Models\\Stock',28,'App\\Models\\User',1,'{\"attributes\":{\"warehouse_id\":1,\"product_id\":32,\"alert\":\"0.00\",\"total\":522},\"old\":{\"warehouse_id\":1,\"product_id\":32,\"alert\":\"0.00\",\"total\":525}}','2022-05-13 02:03:19','2022-05-13 02:03:19'),(1156,'default','created','App\\Models\\OrderDetail',411,'App\\Models\\User',1,'{\"attributes\":{\"order_id\":65,\"product_id\":9,\"sellprice\":13,\"quantity\":\"3.00\"}}','2022-05-13 02:03:19','2022-05-13 02:03:19'),(1157,'default','updated','App\\Models\\Stock',9,'App\\Models\\User',1,'{\"attributes\":{\"warehouse_id\":1,\"product_id\":9,\"alert\":\"0.00\",\"total\":287},\"old\":{\"warehouse_id\":1,\"product_id\":9,\"alert\":\"0.00\",\"total\":290}}','2022-05-13 02:03:19','2022-05-13 02:03:19'),(1158,'default','created','App\\Models\\Order',66,'App\\Models\\User',1,'{\"attributes\":{\"warehouse_id\":1,\"customer_id\":4,\"user_id\":1,\"subtotal\":1184,\"vat\":0,\"discount\":0,\"grandtotal\":1184,\"kh_grandtotal\":null}}','2022-05-13 02:19:21','2022-05-13 02:19:21'),(1159,'default','updated','App\\Models\\Balance',15,'App\\Models\\User',1,'{\"attributes\":{\"remain\":\"122789.00\",\"income\":\"1499.00\",\"withdraw\":\"0.00\",\"balance\":\"124288.00\",\"balance_date\":\"2022-05-13\",\"warehouse_id\":1,\"user_id\":1},\"old\":{\"remain\":\"122789.00\",\"income\":\"315.00\",\"withdraw\":\"0.00\",\"balance\":\"123104.00\",\"balance_date\":\"2022-05-13\",\"warehouse_id\":1,\"user_id\":1}}','2022-05-13 02:19:21','2022-05-13 02:19:21'),(1160,'default','created','App\\Models\\OrderDetail',412,'App\\Models\\User',1,'{\"attributes\":{\"order_id\":66,\"product_id\":27,\"sellprice\":19,\"quantity\":\"6.00\"}}','2022-05-13 02:19:21','2022-05-13 02:19:21'),(1161,'default','updated','App\\Models\\Stock',26,'App\\Models\\User',1,'{\"attributes\":{\"warehouse_id\":1,\"product_id\":27,\"alert\":\"0.00\",\"total\":0},\"old\":{\"warehouse_id\":1,\"product_id\":27,\"alert\":\"0.00\",\"total\":6}}','2022-05-13 02:19:21','2022-05-13 02:19:21'),(1162,'default','created','App\\Models\\OrderDetail',413,'App\\Models\\User',1,'{\"attributes\":{\"order_id\":66,\"product_id\":28,\"sellprice\":18,\"quantity\":\"10.00\"}}','2022-05-13 02:19:21','2022-05-13 02:19:21'),(1163,'default','updated','App\\Models\\Stock',27,'App\\Models\\User',1,'{\"attributes\":{\"warehouse_id\":1,\"product_id\":28,\"alert\":\"0.00\",\"total\":50},\"old\":{\"warehouse_id\":1,\"product_id\":28,\"alert\":\"0.00\",\"total\":60}}','2022-05-13 02:19:21','2022-05-13 02:19:21'),(1164,'default','created','App\\Models\\OrderDetail',414,'App\\Models\\User',1,'{\"attributes\":{\"order_id\":66,\"product_id\":9,\"sellprice\":13,\"quantity\":\"20.00\"}}','2022-05-13 02:19:21','2022-05-13 02:19:21'),(1165,'default','updated','App\\Models\\Stock',9,'App\\Models\\User',1,'{\"attributes\":{\"warehouse_id\":1,\"product_id\":9,\"alert\":\"0.00\",\"total\":267},\"old\":{\"warehouse_id\":1,\"product_id\":9,\"alert\":\"0.00\",\"total\":287}}','2022-05-13 02:19:21','2022-05-13 02:19:21'),(1166,'default','created','App\\Models\\OrderDetail',415,'App\\Models\\User',1,'{\"attributes\":{\"order_id\":66,\"product_id\":7,\"sellprice\":14.5,\"quantity\":\"20.00\"}}','2022-05-13 02:19:21','2022-05-13 02:19:21'),(1167,'default','updated','App\\Models\\Stock',7,'App\\Models\\User',1,'{\"attributes\":{\"warehouse_id\":1,\"product_id\":7,\"alert\":\"0.00\",\"total\":17},\"old\":{\"warehouse_id\":1,\"product_id\":7,\"alert\":\"0.00\",\"total\":37}}','2022-05-13 02:19:21','2022-05-13 02:19:21'),(1168,'default','created','App\\Models\\OrderDetail',416,'App\\Models\\User',1,'{\"attributes\":{\"order_id\":66,\"product_id\":46,\"sellprice\":17,\"quantity\":\"20.00\"}}','2022-05-13 02:19:21','2022-05-13 02:19:21'),(1169,'default','updated','App\\Models\\Stock',43,'App\\Models\\User',1,'{\"attributes\":{\"warehouse_id\":1,\"product_id\":46,\"alert\":\"0.00\",\"total\":40},\"old\":{\"warehouse_id\":1,\"product_id\":46,\"alert\":\"0.00\",\"total\":60}}','2022-05-13 02:19:21','2022-05-13 02:19:21'),(1170,'default','created','App\\Models\\Purchase',17,'App\\Models\\User',1,'{\"attributes\":{\"warehouse_id\":1,\"supplier_id\":1,\"user_id\":1,\"batch\":\"20220514_v12__6_1652504818137\",\"subtotal\":675,\"vat\":0,\"grandtotal\":675}}','2022-05-14 05:21:18','2022-05-14 05:21:18'),(1171,'default','created','App\\Models\\PurchaseDetail',63,'App\\Models\\User',1,'{\"attributes\":{\"purchase_id\":17,\"product_id\":17,\"unitprice\":\"67.50\",\"quantity\":\"10.00\"}}','2022-05-14 05:21:18','2022-05-14 05:21:18'),(1172,'default','updated','App\\Models\\Stock',17,'App\\Models\\User',1,'{\"attributes\":{\"warehouse_id\":1,\"product_id\":17,\"alert\":\"0.00\",\"total\":20},\"old\":{\"warehouse_id\":1,\"product_id\":17,\"alert\":\"0.00\",\"total\":10}}','2022-05-14 05:21:18','2022-05-14 05:21:18'),(1173,'default','created','App\\Models\\Balance',16,'App\\Models\\User',1,'{\"attributes\":{\"remain\":\"1.00\",\"income\":\"0.00\",\"withdraw\":\"0.00\",\"balance\":\"1.00\",\"balance_date\":\"2022-05-14\",\"warehouse_id\":1,\"user_id\":1}}','2022-05-14 05:29:38','2022-05-14 05:29:38'),(1174,'default','updated','App\\Models\\Customer',2,'App\\Models\\User',1,'{\"attributes\":{\"member_id\":1,\"name\":\"RAKSMEY\",\"address\":\"Phnom Penh\",\"phone\":\"010 658585\"},\"old\":{\"member_id\":1,\"name\":\"RAKSMEY\",\"address\":\"Phnom Penh\",\"phone\":\"0000\"}}','2022-05-14 06:14:47','2022-05-14 06:14:47'),(1175,'default','updated','App\\Models\\Customer',3,'App\\Models\\User',1,'{\"attributes\":{\"member_id\":1,\"name\":\"BONG HENG\",\"address\":\"Kompong Cham\",\"phone\":\"097 4468079\"},\"old\":{\"member_id\":1,\"name\":\"Bong Hang\",\"address\":\"Phnom Penh\",\"phone\":\"0000\"}}','2022-05-14 06:19:10','2022-05-14 06:19:10'),(1176,'default','updated','App\\Models\\Customer',4,'App\\Models\\User',1,'{\"attributes\":{\"member_id\":1,\"name\":\"SAMBO\",\"address\":\"Por sat\",\"phone\":\"070 810001\"},\"old\":{\"member_id\":1,\"name\":\"SAM BO\",\"address\":\"Phnom Penh\",\"phone\":\"0000\"}}','2022-05-14 06:20:17','2022-05-14 06:20:17'),(1177,'default','updated','App\\Models\\Customer',5,'App\\Models\\User',1,'{\"attributes\":{\"member_id\":1,\"name\":\"SOPHEAK\",\"address\":\"Siem Reab\",\"phone\":\"087 456800\"},\"old\":{\"member_id\":1,\"name\":\"SO PHEAK\",\"address\":\"Phnom Penh\",\"phone\":\"0000\"}}','2022-05-14 06:22:23','2022-05-14 06:22:23'),(1178,'default','updated','App\\Models\\Customer',6,'App\\Models\\User',1,'{\"attributes\":{\"member_id\":1,\"name\":\"SOCHEATA\",\"address\":\"Phnom Penh\",\"phone\":\"096 6565834\"},\"old\":{\"member_id\":1,\"name\":\"SO CHEATA\",\"address\":\"Phnom Penh\",\"phone\":\"0000\"}}','2022-05-14 06:23:10','2022-05-14 06:23:10'),(1179,'default','updated','App\\Models\\Customer',7,'App\\Models\\User',1,'{\"attributes\":{\"member_id\":1,\"name\":\"TA MACH\",\"address\":\"Steung Treng\",\"phone\":\"097 6466645\"},\"old\":{\"member_id\":1,\"name\":\"\\u178f\\u17b6\\u200b \\u1798\\u17c9\\u17b6\\u1785\",\"address\":\"Phnom Penh\",\"phone\":\"0000\"}}','2022-05-14 06:24:56','2022-05-14 06:24:56'),(1180,'default','updated','App\\Models\\Customer',8,'App\\Models\\User',1,'{\"attributes\":{\"member_id\":1,\"name\":\"PHANUN\",\"address\":\"Kracheh\",\"phone\":\"071 4888843\"},\"old\":{\"member_id\":1,\"name\":\"PHA NUN\",\"address\":\"Phnom Penh\",\"phone\":\"0000\"}}','2022-05-14 06:26:46','2022-05-14 06:26:46'),(1181,'default','updated','App\\Models\\Customer',9,'App\\Models\\User',1,'{\"attributes\":{\"member_id\":1,\"name\":\"KHHY\",\"address\":\"Preah Vihear\",\"phone\":\"087 323355\"},\"old\":{\"member_id\":1,\"name\":\"KHHY\",\"address\":\"Phnom Penh\",\"phone\":\"0000\"}}','2022-05-14 06:27:55','2022-05-14 06:27:55'),(1182,'default','updated','App\\Models\\Customer',10,'App\\Models\\User',1,'{\"attributes\":{\"member_id\":1,\"name\":\"BONG HONG\",\"address\":\"Kompong Chhnang\",\"phone\":\"097 9901133\"},\"old\":{\"member_id\":1,\"name\":\"BONG HONG\",\"address\":\"Phnom Penh\",\"phone\":\"0000\"}}','2022-05-14 06:29:21','2022-05-14 06:29:21'),(1183,'default','updated','App\\Models\\Customer',11,'App\\Models\\User',1,'{\"attributes\":{\"member_id\":1,\"name\":\"RATHANAK\",\"address\":\"Kampong Cham\",\"phone\":\"092 737396\"},\"old\":{\"member_id\":1,\"name\":\"RATHANAK\",\"address\":\"Phnom Penh\",\"phone\":\"0000\"}}','2022-05-14 06:31:10','2022-05-14 06:31:10'),(1184,'default','updated','App\\Models\\Customer',3,'App\\Models\\User',1,'{\"attributes\":{\"member_id\":1,\"name\":\"BONG HENG\",\"address\":\"Kampong Cham\",\"phone\":\"097 4468079\"},\"old\":{\"member_id\":1,\"name\":\"BONG HENG\",\"address\":\"Kompong Cham\",\"phone\":\"097 4468079\"}}','2022-05-14 06:31:24','2022-05-14 06:31:24'),(1185,'default','updated','App\\Models\\Customer',10,'App\\Models\\User',1,'{\"attributes\":{\"member_id\":1,\"name\":\"BONG HONG\",\"address\":\"Kampong Chhnang\",\"phone\":\"097 9901133\"},\"old\":{\"member_id\":1,\"name\":\"BONG HONG\",\"address\":\"Kompong Chhnang\",\"phone\":\"097 9901133\"}}','2022-05-14 06:31:36','2022-05-14 06:31:36'),(1186,'default','updated','App\\Models\\Customer',12,'App\\Models\\User',1,'{\"attributes\":{\"member_id\":1,\"name\":\"BUNTHAN\",\"address\":\"Kampong Cham\",\"phone\":\"010 846446\"},\"old\":{\"member_id\":1,\"name\":\"BUN THAN\",\"address\":\"Phnom Penh\",\"phone\":\"0000\"}}','2022-05-14 06:32:31','2022-05-14 06:32:31'),(1187,'default','updated','App\\Models\\Customer',13,'App\\Models\\User',1,'{\"attributes\":{\"member_id\":1,\"name\":\"BONG LONG\",\"address\":\"Kandal\",\"phone\":\"010 292818\"},\"old\":{\"member_id\":1,\"name\":\"BONG LONG\",\"address\":\"Phnom Penh\",\"phone\":\"0000\"}}','2022-05-14 06:33:56','2022-05-14 06:33:56'),(1188,'default','updated','App\\Models\\Customer',14,'App\\Models\\User',1,'{\"attributes\":{\"member_id\":1,\"name\":\"NAKHHIN\",\"address\":\"Oddar Meanchey\",\"phone\":\"090 981877\"},\"old\":{\"member_id\":1,\"name\":\"NAKHIN\",\"address\":\"Phnom Penh\",\"phone\":\"0000\"}}','2022-05-14 06:35:28','2022-05-14 06:35:28'),(1189,'default','updated','App\\Models\\Customer',15,'App\\Models\\User',1,'{\"attributes\":{\"member_id\":1,\"name\":\"BONG SOKHA\",\"address\":\"Pursat\",\"phone\":\"017 294949\"},\"old\":{\"member_id\":1,\"name\":\"Bong Sokha\",\"address\":\"pp\",\"phone\":\"017294949\"}}','2022-05-14 06:37:04','2022-05-14 06:37:04'),(1190,'default','updated','App\\Models\\Customer',4,'App\\Models\\User',1,'{\"attributes\":{\"member_id\":1,\"name\":\"SAMBO\",\"address\":\"Pursat\",\"phone\":\"070 810001\"},\"old\":{\"member_id\":1,\"name\":\"SAMBO\",\"address\":\"Por sat\",\"phone\":\"070 810001\"}}','2022-05-14 06:37:33','2022-05-14 06:37:33'),(1191,'default','created','App\\Models\\Product',54,'App\\Models\\User',1,'{\"attributes\":{\"category_id\":5,\"code\":\"597519322139\",\"en_name\":\"Y71 B\",\"kh_name\":\"LCD VIVO\",\"description\":null,\"image\":\"no image created\",\"sale_price\":15}}','2022-05-15 13:40:34','2022-05-15 13:40:34'),(1192,'default','created','App\\Models\\Balance',17,'App\\Models\\User',1,'{\"attributes\":{\"remain\":\"1.00\",\"income\":\"0.00\",\"withdraw\":\"0.00\",\"balance\":\"1.00\",\"balance_date\":\"2022-05-15\",\"warehouse_id\":1,\"user_id\":1}}','2022-05-15 13:49:07','2022-05-15 13:49:07'),(1193,'default','created','App\\Models\\Purchase',18,'App\\Models\\User',1,'{\"attributes\":{\"warehouse_id\":1,\"supplier_id\":1,\"user_id\":1,\"batch\":\"20220515_v20__51_1652622692980\",\"subtotal\":390,\"vat\":0,\"grandtotal\":390}}','2022-05-15 13:51:59','2022-05-15 13:51:59'),(1194,'default','created','App\\Models\\PurchaseDetail',108,'App\\Models\\User',1,'{\"attributes\":{\"purchase_id\":18,\"product_id\":54,\"unitprice\":\"13.00\",\"quantity\":\"30.00\"}}','2022-05-15 13:51:59','2022-05-15 13:51:59'),(1195,'default','created','App\\Models\\Stock',91,'App\\Models\\User',1,'{\"attributes\":{\"warehouse_id\":1,\"product_id\":54,\"alert\":\"0.00\",\"total\":30}}','2022-05-15 13:51:59','2022-05-15 13:51:59'),(1196,'default','created','App\\Models\\Product',55,'App\\Models\\User',1,'{\"attributes\":{\"category_id\":5,\"code\":\"700595761489\",\"en_name\":\"Y71 W\",\"kh_name\":\"LCD VIVO\",\"description\":null,\"image\":\"no image created\",\"sale_price\":15}}','2022-05-15 13:54:19','2022-05-15 13:54:19'),(1197,'default','created','App\\Models\\Product',56,'App\\Models\\User',1,'{\"attributes\":{\"category_id\":5,\"code\":\"134068185103\",\"en_name\":\"Xs JK\",\"kh_name\":\"LCD IPHONE\",\"description\":\"undefined\",\"image\":\"no image created\",\"sale_price\":36}}','2022-05-15 13:56:19','2022-05-15 13:56:19'),(1198,'default','created','App\\Models\\Product',57,'App\\Models\\User',1,'{\"attributes\":{\"category_id\":5,\"code\":\"119454641103\",\"en_name\":\"11 JK\",\"kh_name\":\"LCD IPHONE\",\"description\":\"undefined\",\"image\":\"no image created\",\"sale_price\":43}}','2022-05-15 13:57:06','2022-05-15 13:57:06'),(1199,'default','created','App\\Models\\Purchase',19,'App\\Models\\User',1,'{\"attributes\":{\"warehouse_id\":1,\"supplier_id\":1,\"user_id\":1,\"batch\":\"20220515_v20__53_1652622781824\",\"subtotal\":1900,\"vat\":0,\"grandtotal\":1900}}','2022-05-15 14:00:35','2022-05-15 14:00:35'),(1200,'default','created','App\\Models\\PurchaseDetail',109,'App\\Models\\User',1,'{\"attributes\":{\"purchase_id\":19,\"product_id\":2,\"unitprice\":\"9.50\",\"quantity\":\"200.00\"}}','2022-05-15 14:00:35','2022-05-15 14:00:35'),(1201,'default','updated','App\\Models\\Stock',59,'App\\Models\\User',1,'{\"attributes\":{\"warehouse_id\":1,\"product_id\":2,\"alert\":\"0.00\",\"total\":200},\"old\":{\"warehouse_id\":1,\"product_id\":2,\"alert\":\"0.00\",\"total\":0}}','2022-05-15 14:00:35','2022-05-15 14:00:35'),(1202,'default','created','App\\Models\\Purchase',20,'App\\Models\\User',1,'{\"attributes\":{\"warehouse_id\":1,\"supplier_id\":1,\"user_id\":1,\"batch\":\"20220515_v21__2_1652623328254\",\"subtotal\":23135,\"vat\":0,\"grandtotal\":23135}}','2022-05-15 14:15:54','2022-05-15 14:15:54'),(1203,'default','created','App\\Models\\PurchaseDetail',110,'App\\Models\\User',1,'{\"attributes\":{\"purchase_id\":20,\"product_id\":33,\"unitprice\":\"20.50\",\"quantity\":\"100.00\"}}','2022-05-15 14:15:54','2022-05-15 14:15:54'),(1204,'default','updated','App\\Models\\Stock',87,'App\\Models\\User',1,'{\"attributes\":{\"warehouse_id\":1,\"product_id\":33,\"alert\":\"0.00\",\"total\":103},\"old\":{\"warehouse_id\":1,\"product_id\":33,\"alert\":\"0.00\",\"total\":3}}','2022-05-15 14:15:54','2022-05-15 14:15:54'),(1205,'default','created','App\\Models\\PurchaseDetail',111,'App\\Models\\User',1,'{\"attributes\":{\"purchase_id\":20,\"product_id\":55,\"unitprice\":\"13.00\",\"quantity\":\"30.00\"}}','2022-05-15 14:15:54','2022-05-15 14:15:54'),(1206,'default','created','App\\Models\\Stock',92,'App\\Models\\User',1,'{\"attributes\":{\"warehouse_id\":1,\"product_id\":55,\"alert\":\"0.00\",\"total\":30}}','2022-05-15 14:15:54','2022-05-15 14:15:54'),(1207,'default','created','App\\Models\\PurchaseDetail',112,'App\\Models\\User',1,'{\"attributes\":{\"purchase_id\":20,\"product_id\":4,\"unitprice\":\"12.00\",\"quantity\":\"300.00\"}}','2022-05-15 14:15:54','2022-05-15 14:15:54'),(1208,'default','updated','App\\Models\\Stock',56,'App\\Models\\User',1,'{\"attributes\":{\"warehouse_id\":1,\"product_id\":4,\"alert\":\"0.00\",\"total\":300},\"old\":{\"warehouse_id\":1,\"product_id\":4,\"alert\":\"0.00\",\"total\":0}}','2022-05-15 14:15:54','2022-05-15 14:15:54'),(1209,'default','created','App\\Models\\PurchaseDetail',113,'App\\Models\\User',1,'{\"attributes\":{\"purchase_id\":20,\"product_id\":5,\"unitprice\":\"12.00\",\"quantity\":\"100.00\"}}','2022-05-15 14:15:54','2022-05-15 14:15:54'),(1210,'default','updated','App\\Models\\Stock',76,'App\\Models\\User',1,'{\"attributes\":{\"warehouse_id\":1,\"product_id\":5,\"alert\":\"0.00\",\"total\":100},\"old\":{\"warehouse_id\":1,\"product_id\":5,\"alert\":\"0.00\",\"total\":0}}','2022-05-15 14:15:54','2022-05-15 14:15:54'),(1211,'default','created','App\\Models\\PurchaseDetail',114,'App\\Models\\User',1,'{\"attributes\":{\"purchase_id\":20,\"product_id\":34,\"unitprice\":\"14.00\",\"quantity\":\"100.00\"}}','2022-05-15 14:15:54','2022-05-15 14:15:54'),(1212,'default','updated','App\\Models\\Stock',75,'App\\Models\\User',1,'{\"attributes\":{\"warehouse_id\":1,\"product_id\":34,\"alert\":\"0.00\",\"total\":100},\"old\":{\"warehouse_id\":1,\"product_id\":34,\"alert\":\"0.00\",\"total\":0}}','2022-05-15 14:15:54','2022-05-15 14:15:54'),(1213,'default','created','App\\Models\\PurchaseDetail',115,'App\\Models\\User',1,'{\"attributes\":{\"purchase_id\":20,\"product_id\":45,\"unitprice\":\"14.50\",\"quantity\":\"50.00\"}}','2022-05-15 14:15:54','2022-05-15 14:15:54'),(1214,'default','updated','App\\Models\\Stock',58,'App\\Models\\User',1,'{\"attributes\":{\"warehouse_id\":1,\"product_id\":45,\"alert\":\"0.00\",\"total\":50},\"old\":{\"warehouse_id\":1,\"product_id\":45,\"alert\":\"0.00\",\"total\":0}}','2022-05-15 14:15:54','2022-05-15 14:15:54'),(1215,'default','created','App\\Models\\PurchaseDetail',116,'App\\Models\\User',1,'{\"attributes\":{\"purchase_id\":20,\"product_id\":27,\"unitprice\":\"15.60\",\"quantity\":\"200.00\"}}','2022-05-15 14:15:54','2022-05-15 14:15:54'),(1216,'default','updated','App\\Models\\Stock',63,'App\\Models\\User',1,'{\"attributes\":{\"warehouse_id\":1,\"product_id\":27,\"alert\":\"0.00\",\"total\":200},\"old\":{\"warehouse_id\":1,\"product_id\":27,\"alert\":\"0.00\",\"total\":0}}','2022-05-15 14:15:54','2022-05-15 14:15:54'),(1217,'default','created','App\\Models\\PurchaseDetail',117,'App\\Models\\User',1,'{\"attributes\":{\"purchase_id\":20,\"product_id\":7,\"unitprice\":\"12.90\",\"quantity\":\"300.00\"}}','2022-05-15 14:15:54','2022-05-15 14:15:54'),(1218,'default','updated','App\\Models\\Stock',82,'App\\Models\\User',1,'{\"attributes\":{\"warehouse_id\":1,\"product_id\":7,\"alert\":\"0.00\",\"total\":312},\"old\":{\"warehouse_id\":1,\"product_id\":7,\"alert\":\"0.00\",\"total\":12}}','2022-05-15 14:15:54','2022-05-15 14:15:54'),(1219,'default','created','App\\Models\\PurchaseDetail',118,'App\\Models\\User',1,'{\"attributes\":{\"purchase_id\":20,\"product_id\":28,\"unitprice\":\"15.80\",\"quantity\":\"100.00\"}}','2022-05-15 14:15:54','2022-05-15 14:15:54'),(1220,'default','updated','App\\Models\\Stock',73,'App\\Models\\User',1,'{\"attributes\":{\"warehouse_id\":1,\"product_id\":28,\"alert\":\"0.00\",\"total\":130},\"old\":{\"warehouse_id\":1,\"product_id\":28,\"alert\":\"0.00\",\"total\":30}}','2022-05-15 14:15:54','2022-05-15 14:15:54'),(1221,'default','created','App\\Models\\PurchaseDetail',119,'App\\Models\\User',1,'{\"attributes\":{\"purchase_id\":20,\"product_id\":35,\"unitprice\":\"10.90\",\"quantity\":\"100.00\"}}','2022-05-15 14:15:54','2022-05-15 14:15:54'),(1222,'default','updated','App\\Models\\Stock',88,'App\\Models\\User',1,'{\"attributes\":{\"warehouse_id\":1,\"product_id\":35,\"alert\":\"0.00\",\"total\":100},\"old\":{\"warehouse_id\":1,\"product_id\":35,\"alert\":\"0.00\",\"total\":0}}','2022-05-15 14:15:54','2022-05-15 14:15:54'),(1223,'default','created','App\\Models\\PurchaseDetail',120,'App\\Models\\User',1,'{\"attributes\":{\"purchase_id\":20,\"product_id\":22,\"unitprice\":\"8.90\",\"quantity\":\"100.00\"}}','2022-05-15 14:15:54','2022-05-15 14:15:54'),(1224,'default','updated','App\\Models\\Stock',48,'App\\Models\\User',1,'{\"attributes\":{\"warehouse_id\":1,\"product_id\":22,\"alert\":\"0.00\",\"total\":100},\"old\":{\"warehouse_id\":1,\"product_id\":22,\"alert\":\"0.00\",\"total\":0}}','2022-05-15 14:15:54','2022-05-15 14:15:54'),(1225,'default','created','App\\Models\\PurchaseDetail',121,'App\\Models\\User',1,'{\"attributes\":{\"purchase_id\":20,\"product_id\":23,\"unitprice\":\"8.90\",\"quantity\":\"100.00\"}}','2022-05-15 14:15:54','2022-05-15 14:15:54'),(1226,'default','updated','App\\Models\\Stock',47,'App\\Models\\User',1,'{\"attributes\":{\"warehouse_id\":1,\"product_id\":23,\"alert\":\"0.00\",\"total\":100},\"old\":{\"warehouse_id\":1,\"product_id\":23,\"alert\":\"0.00\",\"total\":0}}','2022-05-15 14:15:54','2022-05-15 14:15:54'),(1227,'default','created','App\\Models\\PurchaseDetail',122,'App\\Models\\User',1,'{\"attributes\":{\"purchase_id\":20,\"product_id\":16,\"unitprice\":\"34.00\",\"quantity\":\"50.00\"}}','2022-05-15 14:15:54','2022-05-15 14:15:54'),(1228,'default','updated','App\\Models\\Stock',80,'App\\Models\\User',1,'{\"attributes\":{\"warehouse_id\":1,\"product_id\":16,\"alert\":\"0.00\",\"total\":50},\"old\":{\"warehouse_id\":1,\"product_id\":16,\"alert\":\"0.00\",\"total\":0}}','2022-05-15 14:15:54','2022-05-15 14:15:54'),(1229,'default','created','App\\Models\\PurchaseDetail',123,'App\\Models\\User',1,'{\"attributes\":{\"purchase_id\":20,\"product_id\":56,\"unitprice\":\"31.00\",\"quantity\":\"10.00\"}}','2022-05-15 14:15:54','2022-05-15 14:15:54'),(1230,'default','created','App\\Models\\Stock',93,'App\\Models\\User',1,'{\"attributes\":{\"warehouse_id\":1,\"product_id\":56,\"alert\":\"0.00\",\"total\":10}}','2022-05-15 14:15:54','2022-05-15 14:15:54'),(1231,'default','created','App\\Models\\PurchaseDetail',124,'App\\Models\\User',1,'{\"attributes\":{\"purchase_id\":20,\"product_id\":57,\"unitprice\":\"32.00\",\"quantity\":\"10.00\"}}','2022-05-15 14:15:54','2022-05-15 14:15:54'),(1232,'default','created','App\\Models\\Stock',94,'App\\Models\\User',1,'{\"attributes\":{\"warehouse_id\":1,\"product_id\":57,\"alert\":\"0.00\",\"total\":10}}','2022-05-15 14:15:54','2022-05-15 14:15:54'),(1233,'default','updated','App\\Models\\Product',4,'App\\Models\\User',1,'{\"attributes\":{\"category_id\":5,\"code\":\"908601349850\",\"en_name\":\"A15\",\"kh_name\":\"LCD OPPO\",\"description\":\"undefined\",\"image\":\"no image created\",\"sale_price\":14.5},\"old\":{\"category_id\":5,\"code\":\"908601349850\",\"en_name\":\"A15\",\"kh_name\":\"LCD OPPO\",\"description\":\"undefined\",\"image\":\"no image created\",\"sale_price\":15}}','2022-05-15 14:20:18','2022-05-15 14:20:18'),(1234,'default','updated','App\\Models\\Product',45,'App\\Models\\User',1,'{\"attributes\":{\"category_id\":5,\"code\":\"108960149410\",\"en_name\":\"A16\",\"kh_name\":\"LCD OPPO\",\"description\":\"null\",\"image\":\"no image created\",\"sale_price\":17},\"old\":{\"category_id\":5,\"code\":\"108960149410\",\"en_name\":\"A16\",\"kh_name\":\"LCD OPPO\",\"description\":\"null\",\"image\":\"no image created\",\"sale_price\":17.5}}','2022-05-15 14:20:30','2022-05-15 14:20:30'),(1235,'default','updated','App\\Models\\Product',51,'App\\Models\\User',1,'{\"attributes\":{\"category_id\":5,\"code\":\"409509970859\",\"en_name\":\"A3S ORI\",\"kh_name\":\"LCD OPPO\",\"description\":\"undefined\",\"image\":\"no image created\",\"sale_price\":16},\"old\":{\"category_id\":5,\"code\":\"409509970859\",\"en_name\":\"A3S ORI\",\"kh_name\":\"LCD OPPO\",\"description\":\"undefined\",\"image\":\"no image created\",\"sale_price\":16.5}}','2022-05-15 14:30:15','2022-05-15 14:30:15'),(1236,'default','updated','App\\Models\\Product',27,'App\\Models\\User',1,'{\"attributes\":{\"category_id\":5,\"code\":\"908601349873\",\"en_name\":\"A53\",\"kh_name\":\"LCD OPPO\",\"description\":\"undefined\",\"image\":\"no image created\",\"sale_price\":18},\"old\":{\"category_id\":5,\"code\":\"908601349873\",\"en_name\":\"A53\",\"kh_name\":\"LCD OPPO\",\"description\":\"undefined\",\"image\":\"no image created\",\"sale_price\":19}}','2022-05-15 14:30:29','2022-05-15 14:30:29'),(1237,'default','updated','App\\Models\\Product',3,'App\\Models\\User',1,'{\"attributes\":{\"category_id\":5,\"code\":\"908601349849\",\"en_name\":\"A5S\",\"kh_name\":\"LCD OPPO\",\"description\":\"undefined\",\"image\":\"no image created\",\"sale_price\":13},\"old\":{\"category_id\":5,\"code\":\"908601349849\",\"en_name\":\"A5S\",\"kh_name\":\"LCD OPPO\",\"description\":\"undefined\",\"image\":\"no image created\",\"sale_price\":13.5}}','2022-05-15 14:30:49','2022-05-15 14:30:49'),(1238,'default','updated','App\\Models\\Product',6,'App\\Models\\User',1,'{\"attributes\":{\"category_id\":5,\"code\":\"908601349852\",\"en_name\":\"C3 ORI\",\"kh_name\":\"LCD REALME\",\"description\":\"undefined\",\"image\":\"no image created\",\"sale_price\":16},\"old\":{\"category_id\":5,\"code\":\"908601349852\",\"en_name\":\"C3 ORI\",\"kh_name\":\"LCD REALME\",\"description\":\"undefined\",\"image\":\"no image created\",\"sale_price\":16.5}}','2022-05-15 14:31:24','2022-05-15 14:31:24'),(1239,'default','updated','App\\Models\\Product',34,'App\\Models\\User',1,'{\"attributes\":{\"category_id\":5,\"code\":\"908601349880\",\"en_name\":\"F7\",\"kh_name\":\"LCD OPPO\",\"description\":\"undefined\",\"image\":\"no image created\",\"sale_price\":16},\"old\":{\"category_id\":5,\"code\":\"908601349880\",\"en_name\":\"F7\",\"kh_name\":\"LCD OPPO\",\"description\":\"undefined\",\"image\":\"no image created\",\"sale_price\":16.5}}','2022-05-15 14:31:48','2022-05-15 14:31:48'),(1240,'default','updated','App\\Models\\Product',5,'App\\Models\\User',1,'{\"attributes\":{\"category_id\":5,\"code\":\"908601349851\",\"en_name\":\"F9\",\"kh_name\":\"LCD OPPO\",\"description\":\"undefined\",\"image\":\"no image created\",\"sale_price\":15},\"old\":{\"category_id\":5,\"code\":\"908601349851\",\"en_name\":\"F9\",\"kh_name\":\"LCD OPPO\",\"description\":\"undefined\",\"image\":\"no image created\",\"sale_price\":17}}','2022-05-15 14:32:00','2022-05-15 14:32:00'),(1241,'default','updated','App\\Models\\Product',44,'App\\Models\\User',1,'{\"attributes\":{\"category_id\":5,\"code\":\"441083965829\",\"en_name\":\"Xs MAX OLED\",\"kh_name\":\"LCD IPHONE\",\"description\":\"undefined\",\"image\":\"no image created\",\"sale_price\":60},\"old\":{\"category_id\":5,\"code\":\"441083965829\",\"en_name\":\"XS MAX OLED\",\"kh_name\":\"LCD IPHONE\",\"description\":\"undefined\",\"image\":\"no image created\",\"sale_price\":60}}','2022-05-15 14:32:33','2022-05-15 14:32:33'),(1242,'default','updated','App\\Models\\Product',7,'App\\Models\\User',1,'{\"attributes\":{\"category_id\":5,\"code\":\"908601349853\",\"en_name\":\"Y12\",\"kh_name\":\"LCD VIVO\",\"description\":\"undefined\",\"image\":\"no image created\",\"sale_price\":14},\"old\":{\"category_id\":5,\"code\":\"908601349853\",\"en_name\":\"Y12\",\"kh_name\":\"LCD VIVO\",\"description\":\"undefined\",\"image\":\"no image created\",\"sale_price\":14.5}}','2022-05-15 14:32:58','2022-05-15 14:32:58'),(1243,'default','updated','App\\Models\\Product',8,'App\\Models\\User',1,'{\"attributes\":{\"category_id\":5,\"code\":\"908601349854\",\"en_name\":\"Y12S\",\"kh_name\":\"LCD VIVO\",\"description\":\"undefined\",\"image\":\"no image created\",\"sale_price\":14},\"old\":{\"category_id\":5,\"code\":\"908601349854\",\"en_name\":\"Y12S\",\"kh_name\":\"LCD VIVO\",\"description\":\"undefined\",\"image\":\"no image created\",\"sale_price\":14.5}}','2022-05-15 14:33:09','2022-05-15 14:33:09'),(1244,'default','updated','App\\Models\\Product',10,'App\\Models\\User',1,'{\"attributes\":{\"category_id\":5,\"code\":\"908601349856\",\"en_name\":\"Y19\",\"kh_name\":\"LCD VIVO\",\"description\":\"undefined\",\"image\":\"no image created\",\"sale_price\":19.5},\"old\":{\"category_id\":5,\"code\":\"908601349856\",\"en_name\":\"Y19\",\"kh_name\":\"LCD VIVO\",\"description\":\"undefined\",\"image\":\"no image created\",\"sale_price\":20}}','2022-05-15 14:33:24','2022-05-15 14:33:24'),(1245,'default','updated','App\\Models\\Product',33,'App\\Models\\User',1,'{\"attributes\":{\"category_id\":5,\"code\":\"908601349879\",\"en_name\":\"Y30 ORI\",\"kh_name\":\"LCD VIVO\",\"description\":\"undefined\",\"image\":\"no image created\",\"sale_price\":23},\"old\":{\"category_id\":5,\"code\":\"908601349879\",\"en_name\":\"Y30 ORI\",\"kh_name\":\"LCD VIVO\",\"description\":\"undefined\",\"image\":\"no image created\",\"sale_price\":24}}','2022-05-15 14:34:01','2022-05-15 14:34:01'),(1246,'default','updated','App\\Models\\Product',35,'App\\Models\\User',1,'{\"attributes\":{\"category_id\":5,\"code\":\"908601349881\",\"en_name\":\"Y81\",\"kh_name\":\"LCD VIVO\",\"description\":\"undefined\",\"image\":\"no image created\",\"sale_price\":13.5},\"old\":{\"category_id\":5,\"code\":\"908601349881\",\"en_name\":\"Y81\",\"kh_name\":\"LCD VIVO\",\"description\":\"undefined\",\"image\":\"no image created\",\"sale_price\":14}}','2022-05-15 14:34:15','2022-05-15 14:34:15'),(1247,'default','updated','App\\Models\\Product',9,'App\\Models\\User',1,'{\"attributes\":{\"category_id\":5,\"code\":\"908601349855\",\"en_name\":\"Y91\",\"kh_name\":\"LCD VIVO\",\"description\":\"undefined\",\"image\":\"no image created\",\"sale_price\":12.5},\"old\":{\"category_id\":5,\"code\":\"908601349855\",\"en_name\":\"Y91\",\"kh_name\":\"LCD VIVO\",\"description\":\"undefined\",\"image\":\"no image created\",\"sale_price\":13}}','2022-05-15 14:34:25','2022-05-15 14:34:25'),(1248,'default','created','App\\Models\\Order',67,'App\\Models\\User',1,'{\"attributes\":{\"warehouse_id\":1,\"customer_id\":1,\"user_id\":1,\"subtotal\":1590,\"vat\":0,\"discount\":0,\"grandtotal\":1590,\"kh_grandtotal\":null}}','2022-05-15 14:42:54','2022-05-15 14:42:54'),(1249,'default','updated','App\\Models\\Balance',17,'App\\Models\\User',1,'{\"attributes\":{\"remain\":\"1.00\",\"income\":\"1590.00\",\"withdraw\":\"0.00\",\"balance\":\"1591.00\",\"balance_date\":\"2022-05-15\",\"warehouse_id\":1,\"user_id\":1},\"old\":{\"remain\":\"1.00\",\"income\":\"0.00\",\"withdraw\":\"0.00\",\"balance\":\"1.00\",\"balance_date\":\"2022-05-15\",\"warehouse_id\":1,\"user_id\":1}}','2022-05-15 14:42:54','2022-05-15 14:42:54'),(1250,'default','created','App\\Models\\OrderDetail',417,'App\\Models\\User',1,'{\"attributes\":{\"order_id\":67,\"product_id\":3,\"sellprice\":13,\"quantity\":\"10.00\"}}','2022-05-15 14:42:54','2022-05-15 14:42:54'),(1251,'default','updated','App\\Models\\Stock',66,'App\\Models\\User',1,'{\"attributes\":{\"warehouse_id\":1,\"product_id\":3,\"alert\":\"0.00\",\"total\":185},\"old\":{\"warehouse_id\":1,\"product_id\":3,\"alert\":\"0.00\",\"total\":195}}','2022-05-15 14:42:54','2022-05-15 14:42:54'),(1252,'default','created','App\\Models\\OrderDetail',418,'App\\Models\\User',1,'{\"attributes\":{\"order_id\":67,\"product_id\":10,\"sellprice\":19.5,\"quantity\":\"5.00\"}}','2022-05-15 14:42:54','2022-05-15 14:42:54'),(1253,'default','updated','App\\Models\\Stock',85,'App\\Models\\User',1,'{\"attributes\":{\"warehouse_id\":1,\"product_id\":10,\"alert\":\"0.00\",\"total\":68},\"old\":{\"warehouse_id\":1,\"product_id\":10,\"alert\":\"0.00\",\"total\":73}}','2022-05-15 14:42:54','2022-05-15 14:42:54'),(1254,'default','created','App\\Models\\OrderDetail',419,'App\\Models\\User',1,'{\"attributes\":{\"order_id\":67,\"product_id\":41,\"sellprice\":20.5,\"quantity\":\"5.00\"}}','2022-05-15 14:42:54','2022-05-15 14:42:54'),(1255,'default','updated','App\\Models\\Stock',77,'App\\Models\\User',1,'{\"attributes\":{\"warehouse_id\":1,\"product_id\":41,\"alert\":\"0.00\",\"total\":6},\"old\":{\"warehouse_id\":1,\"product_id\":41,\"alert\":\"0.00\",\"total\":11}}','2022-05-15 14:42:54','2022-05-15 14:42:54'),(1256,'default','created','App\\Models\\OrderDetail',420,'App\\Models\\User',1,'{\"attributes\":{\"order_id\":67,\"product_id\":39,\"sellprice\":13.5,\"quantity\":\"5.00\"}}','2022-05-15 14:42:54','2022-05-15 14:42:54'),(1257,'default','updated','App\\Models\\Stock',50,'App\\Models\\User',1,'{\"attributes\":{\"warehouse_id\":1,\"product_id\":39,\"alert\":\"0.00\",\"total\":20},\"old\":{\"warehouse_id\":1,\"product_id\":39,\"alert\":\"0.00\",\"total\":25}}','2022-05-15 14:42:54','2022-05-15 14:42:54'),(1258,'default','created','App\\Models\\OrderDetail',421,'App\\Models\\User',1,'{\"attributes\":{\"order_id\":67,\"product_id\":40,\"sellprice\":13.5,\"quantity\":\"5.00\"}}','2022-05-15 14:42:54','2022-05-15 14:42:54'),(1259,'default','updated','App\\Models\\Stock',49,'App\\Models\\User',1,'{\"attributes\":{\"warehouse_id\":1,\"product_id\":40,\"alert\":\"0.00\",\"total\":50},\"old\":{\"warehouse_id\":1,\"product_id\":40,\"alert\":\"0.00\",\"total\":55}}','2022-05-15 14:42:55','2022-05-15 14:42:55'),(1260,'default','created','App\\Models\\OrderDetail',422,'App\\Models\\User',1,'{\"attributes\":{\"order_id\":67,\"product_id\":35,\"sellprice\":13.5,\"quantity\":\"10.00\"}}','2022-05-15 14:42:55','2022-05-15 14:42:55'),(1261,'default','updated','App\\Models\\Stock',88,'App\\Models\\User',1,'{\"attributes\":{\"warehouse_id\":1,\"product_id\":35,\"alert\":\"0.00\",\"total\":90},\"old\":{\"warehouse_id\":1,\"product_id\":35,\"alert\":\"0.00\",\"total\":100}}','2022-05-15 14:42:55','2022-05-15 14:42:55'),(1262,'default','created','App\\Models\\OrderDetail',423,'App\\Models\\User',1,'{\"attributes\":{\"order_id\":67,\"product_id\":8,\"sellprice\":14,\"quantity\":\"10.00\"}}','2022-05-15 14:42:55','2022-05-15 14:42:55'),(1263,'default','updated','App\\Models\\Stock',83,'App\\Models\\User',1,'{\"attributes\":{\"warehouse_id\":1,\"product_id\":8,\"alert\":\"0.00\",\"total\":382},\"old\":{\"warehouse_id\":1,\"product_id\":8,\"alert\":\"0.00\",\"total\":392}}','2022-05-15 14:42:55','2022-05-15 14:42:55'),(1264,'default','created','App\\Models\\OrderDetail',424,'App\\Models\\User',1,'{\"attributes\":{\"order_id\":67,\"product_id\":9,\"sellprice\":12.5,\"quantity\":\"20.00\"}}','2022-05-15 14:42:55','2022-05-15 14:42:55'),(1265,'default','updated','App\\Models\\Stock',90,'App\\Models\\User',1,'{\"attributes\":{\"warehouse_id\":1,\"product_id\":9,\"alert\":\"0.00\",\"total\":189},\"old\":{\"warehouse_id\":1,\"product_id\":9,\"alert\":\"0.00\",\"total\":209}}','2022-05-15 14:42:55','2022-05-15 14:42:55'),(1266,'default','created','App\\Models\\OrderDetail',425,'App\\Models\\User',1,'{\"attributes\":{\"order_id\":67,\"product_id\":7,\"sellprice\":14,\"quantity\":\"20.00\"}}','2022-05-15 14:42:55','2022-05-15 14:42:55'),(1267,'default','updated','App\\Models\\Stock',82,'App\\Models\\User',1,'{\"attributes\":{\"warehouse_id\":1,\"product_id\":7,\"alert\":\"0.00\",\"total\":292},\"old\":{\"warehouse_id\":1,\"product_id\":7,\"alert\":\"0.00\",\"total\":312}}','2022-05-15 14:42:55','2022-05-15 14:42:55'),(1268,'default','created','App\\Models\\OrderDetail',426,'App\\Models\\User',1,'{\"attributes\":{\"order_id\":67,\"product_id\":51,\"sellprice\":16,\"quantity\":\"20.00\"}}','2022-05-15 14:42:55','2022-05-15 14:42:55'),(1269,'default','updated','App\\Models\\Stock',61,'App\\Models\\User',1,'{\"attributes\":{\"warehouse_id\":1,\"product_id\":51,\"alert\":\"0.00\",\"total\":108},\"old\":{\"warehouse_id\":1,\"product_id\":51,\"alert\":\"0.00\",\"total\":128}}','2022-05-15 14:42:55','2022-05-15 14:42:55'),(1270,'default','created','App\\Models\\Order',68,'App\\Models\\User',1,'{\"attributes\":{\"warehouse_id\":1,\"customer_id\":11,\"user_id\":1,\"subtotal\":1310,\"vat\":0,\"discount\":0,\"grandtotal\":1310,\"kh_grandtotal\":null}}','2022-05-15 14:45:49','2022-05-15 14:45:49'),(1271,'default','updated','App\\Models\\Balance',17,'App\\Models\\User',1,'{\"attributes\":{\"remain\":\"1.00\",\"income\":\"2900.00\",\"withdraw\":\"0.00\",\"balance\":\"2901.00\",\"balance_date\":\"2022-05-15\",\"warehouse_id\":1,\"user_id\":1},\"old\":{\"remain\":\"1.00\",\"income\":\"1590.00\",\"withdraw\":\"0.00\",\"balance\":\"1591.00\",\"balance_date\":\"2022-05-15\",\"warehouse_id\":1,\"user_id\":1}}','2022-05-15 14:45:49','2022-05-15 14:45:49'),(1272,'default','created','App\\Models\\OrderDetail',427,'App\\Models\\User',1,'{\"attributes\":{\"order_id\":68,\"product_id\":28,\"sellprice\":18,\"quantity\":\"5.00\"}}','2022-05-15 14:45:49','2022-05-15 14:45:49'),(1273,'default','updated','App\\Models\\Stock',73,'App\\Models\\User',1,'{\"attributes\":{\"warehouse_id\":1,\"product_id\":28,\"alert\":\"0.00\",\"total\":125},\"old\":{\"warehouse_id\":1,\"product_id\":28,\"alert\":\"0.00\",\"total\":130}}','2022-05-15 14:45:49','2022-05-15 14:45:49'),(1274,'default','created','App\\Models\\OrderDetail',428,'App\\Models\\User',1,'{\"attributes\":{\"order_id\":68,\"product_id\":27,\"sellprice\":18,\"quantity\":\"10.00\"}}','2022-05-15 14:45:49','2022-05-15 14:45:49'),(1275,'default','updated','App\\Models\\Stock',63,'App\\Models\\User',1,'{\"attributes\":{\"warehouse_id\":1,\"product_id\":27,\"alert\":\"0.00\",\"total\":190},\"old\":{\"warehouse_id\":1,\"product_id\":27,\"alert\":\"0.00\",\"total\":200}}','2022-05-15 14:45:49','2022-05-15 14:45:49'),(1276,'default','created','App\\Models\\OrderDetail',429,'App\\Models\\User',1,'{\"attributes\":{\"order_id\":68,\"product_id\":2,\"sellprice\":11,\"quantity\":\"10.00\"}}','2022-05-15 14:45:49','2022-05-15 14:45:49'),(1277,'default','updated','App\\Models\\Stock',59,'App\\Models\\User',1,'{\"attributes\":{\"warehouse_id\":1,\"product_id\":2,\"alert\":\"0.00\",\"total\":190},\"old\":{\"warehouse_id\":1,\"product_id\":2,\"alert\":\"0.00\",\"total\":200}}','2022-05-15 14:45:49','2022-05-15 14:45:49'),(1278,'default','created','App\\Models\\OrderDetail',430,'App\\Models\\User',1,'{\"attributes\":{\"order_id\":68,\"product_id\":3,\"sellprice\":13,\"quantity\":\"50.00\"}}','2022-05-15 14:45:49','2022-05-15 14:45:49'),(1279,'default','updated','App\\Models\\Stock',66,'App\\Models\\User',1,'{\"attributes\":{\"warehouse_id\":1,\"product_id\":3,\"alert\":\"0.00\",\"total\":135},\"old\":{\"warehouse_id\":1,\"product_id\":3,\"alert\":\"0.00\",\"total\":185}}','2022-05-15 14:45:49','2022-05-15 14:45:49'),(1280,'default','created','App\\Models\\OrderDetail',431,'App\\Models\\User',1,'{\"attributes\":{\"order_id\":68,\"product_id\":7,\"sellprice\":14,\"quantity\":\"20.00\"}}','2022-05-15 14:45:49','2022-05-15 14:45:49'),(1281,'default','updated','App\\Models\\Stock',82,'App\\Models\\User',1,'{\"attributes\":{\"warehouse_id\":1,\"product_id\":7,\"alert\":\"0.00\",\"total\":272},\"old\":{\"warehouse_id\":1,\"product_id\":7,\"alert\":\"0.00\",\"total\":292}}','2022-05-15 14:45:49','2022-05-15 14:45:49'),(1282,'default','created','App\\Models\\Order',69,'App\\Models\\User',1,'{\"attributes\":{\"warehouse_id\":1,\"customer_id\":4,\"user_id\":1,\"subtotal\":160,\"vat\":0,\"discount\":0,\"grandtotal\":160,\"kh_grandtotal\":null}}','2022-05-15 14:46:47','2022-05-15 14:46:47'),(1283,'default','updated','App\\Models\\Balance',17,'App\\Models\\User',1,'{\"attributes\":{\"remain\":\"1.00\",\"income\":\"3060.00\",\"withdraw\":\"0.00\",\"balance\":\"3061.00\",\"balance_date\":\"2022-05-15\",\"warehouse_id\":1,\"user_id\":1},\"old\":{\"remain\":\"1.00\",\"income\":\"2900.00\",\"withdraw\":\"0.00\",\"balance\":\"2901.00\",\"balance_date\":\"2022-05-15\",\"warehouse_id\":1,\"user_id\":1}}','2022-05-15 14:46:47','2022-05-15 14:46:47'),(1284,'default','created','App\\Models\\OrderDetail',432,'App\\Models\\User',1,'{\"attributes\":{\"order_id\":69,\"product_id\":7,\"sellprice\":14,\"quantity\":\"5.00\"}}','2022-05-15 14:46:47','2022-05-15 14:46:47'),(1285,'default','updated','App\\Models\\Stock',82,'App\\Models\\User',1,'{\"attributes\":{\"warehouse_id\":1,\"product_id\":7,\"alert\":\"0.00\",\"total\":267},\"old\":{\"warehouse_id\":1,\"product_id\":7,\"alert\":\"0.00\",\"total\":272}}','2022-05-15 14:46:47','2022-05-15 14:46:47'),(1286,'default','created','App\\Models\\OrderDetail',433,'App\\Models\\User',1,'{\"attributes\":{\"order_id\":69,\"product_id\":27,\"sellprice\":18,\"quantity\":\"5.00\"}}','2022-05-15 14:46:47','2022-05-15 14:46:47'),(1287,'default','updated','App\\Models\\Stock',63,'App\\Models\\User',1,'{\"attributes\":{\"warehouse_id\":1,\"product_id\":27,\"alert\":\"0.00\",\"total\":185},\"old\":{\"warehouse_id\":1,\"product_id\":27,\"alert\":\"0.00\",\"total\":190}}','2022-05-15 14:46:47','2022-05-15 14:46:47'),(1288,'default','created','App\\Models\\Order',70,'App\\Models\\User',1,'{\"attributes\":{\"warehouse_id\":1,\"customer_id\":4,\"user_id\":1,\"subtotal\":585,\"vat\":0,\"discount\":0,\"grandtotal\":585,\"kh_grandtotal\":null}}','2022-05-15 14:47:30','2022-05-15 14:47:30'),(1289,'default','updated','App\\Models\\Balance',17,'App\\Models\\User',1,'{\"attributes\":{\"remain\":\"1.00\",\"income\":\"3645.00\",\"withdraw\":\"0.00\",\"balance\":\"3646.00\",\"balance_date\":\"2022-05-15\",\"warehouse_id\":1,\"user_id\":1},\"old\":{\"remain\":\"1.00\",\"income\":\"3060.00\",\"withdraw\":\"0.00\",\"balance\":\"3061.00\",\"balance_date\":\"2022-05-15\",\"warehouse_id\":1,\"user_id\":1}}','2022-05-15 14:47:30','2022-05-15 14:47:30'),(1290,'default','created','App\\Models\\OrderDetail',434,'App\\Models\\User',1,'{\"attributes\":{\"order_id\":70,\"product_id\":5,\"sellprice\":15,\"quantity\":\"10.00\"}}','2022-05-15 14:47:30','2022-05-15 14:47:30'),(1291,'default','updated','App\\Models\\Stock',76,'App\\Models\\User',1,'{\"attributes\":{\"warehouse_id\":1,\"product_id\":5,\"alert\":\"0.00\",\"total\":90},\"old\":{\"warehouse_id\":1,\"product_id\":5,\"alert\":\"0.00\",\"total\":100}}','2022-05-15 14:47:30','2022-05-15 14:47:30'),(1292,'default','created','App\\Models\\OrderDetail',435,'App\\Models\\User',1,'{\"attributes\":{\"order_id\":70,\"product_id\":4,\"sellprice\":14.5,\"quantity\":\"30.00\"}}','2022-05-15 14:47:30','2022-05-15 14:47:30'),(1293,'default','updated','App\\Models\\Stock',56,'App\\Models\\User',1,'{\"attributes\":{\"warehouse_id\":1,\"product_id\":4,\"alert\":\"0.00\",\"total\":270},\"old\":{\"warehouse_id\":1,\"product_id\":4,\"alert\":\"0.00\",\"total\":300}}','2022-05-15 14:47:30','2022-05-15 14:47:30'),(1294,'default','created','App\\Models\\Order',71,'App\\Models\\User',1,'{\"attributes\":{\"warehouse_id\":1,\"customer_id\":4,\"user_id\":1,\"subtotal\":325,\"vat\":0,\"discount\":0,\"grandtotal\":325,\"kh_grandtotal\":null}}','2022-05-15 14:49:03','2022-05-15 14:49:03'),(1295,'default','updated','App\\Models\\Balance',17,'App\\Models\\User',1,'{\"attributes\":{\"remain\":\"1.00\",\"income\":\"3970.00\",\"withdraw\":\"0.00\",\"balance\":\"3971.00\",\"balance_date\":\"2022-05-15\",\"warehouse_id\":1,\"user_id\":1},\"old\":{\"remain\":\"1.00\",\"income\":\"3645.00\",\"withdraw\":\"0.00\",\"balance\":\"3646.00\",\"balance_date\":\"2022-05-15\",\"warehouse_id\":1,\"user_id\":1}}','2022-05-15 14:49:03','2022-05-15 14:49:03'),(1296,'default','created','App\\Models\\OrderDetail',436,'App\\Models\\User',1,'{\"attributes\":{\"order_id\":71,\"product_id\":28,\"sellprice\":18,\"quantity\":\"3.00\"}}','2022-05-15 14:49:03','2022-05-15 14:49:03'),(1297,'default','updated','App\\Models\\Stock',73,'App\\Models\\User',1,'{\"attributes\":{\"warehouse_id\":1,\"product_id\":28,\"alert\":\"0.00\",\"total\":122},\"old\":{\"warehouse_id\":1,\"product_id\":28,\"alert\":\"0.00\",\"total\":125}}','2022-05-15 14:49:03','2022-05-15 14:49:03'),(1298,'default','created','App\\Models\\OrderDetail',437,'App\\Models\\User',1,'{\"attributes\":{\"order_id\":71,\"product_id\":32,\"sellprice\":14,\"quantity\":\"5.00\"}}','2022-05-15 14:49:03','2022-05-15 14:49:03'),(1299,'default','updated','App\\Models\\Stock',71,'App\\Models\\User',1,'{\"attributes\":{\"warehouse_id\":1,\"product_id\":32,\"alert\":\"0.00\",\"total\":507},\"old\":{\"warehouse_id\":1,\"product_id\":32,\"alert\":\"0.00\",\"total\":512}}','2022-05-15 14:49:03','2022-05-15 14:49:03'),(1300,'default','created','App\\Models\\OrderDetail',438,'App\\Models\\User',1,'{\"attributes\":{\"order_id\":71,\"product_id\":51,\"sellprice\":16,\"quantity\":\"5.00\"}}','2022-05-15 14:49:03','2022-05-15 14:49:03'),(1301,'default','updated','App\\Models\\Stock',61,'App\\Models\\User',1,'{\"attributes\":{\"warehouse_id\":1,\"product_id\":51,\"alert\":\"0.00\",\"total\":103},\"old\":{\"warehouse_id\":1,\"product_id\":51,\"alert\":\"0.00\",\"total\":108}}','2022-05-15 14:49:03','2022-05-15 14:49:03'),(1302,'default','created','App\\Models\\OrderDetail',439,'App\\Models\\User',1,'{\"attributes\":{\"order_id\":71,\"product_id\":47,\"sellprice\":17,\"quantity\":\"3.00\"}}','2022-05-15 14:49:03','2022-05-15 14:49:03'),(1303,'default','updated','App\\Models\\Stock',86,'App\\Models\\User',1,'{\"attributes\":{\"warehouse_id\":1,\"product_id\":47,\"alert\":\"0.00\",\"total\":62},\"old\":{\"warehouse_id\":1,\"product_id\":47,\"alert\":\"0.00\",\"total\":65}}','2022-05-15 14:49:03','2022-05-15 14:49:03'),(1304,'default','created','App\\Models\\OrderDetail',440,'App\\Models\\User',1,'{\"attributes\":{\"order_id\":71,\"product_id\":8,\"sellprice\":14,\"quantity\":\"5.00\"}}','2022-05-15 14:49:03','2022-05-15 14:49:03'),(1305,'default','updated','App\\Models\\Stock',83,'App\\Models\\User',1,'{\"attributes\":{\"warehouse_id\":1,\"product_id\":8,\"alert\":\"0.00\",\"total\":377},\"old\":{\"warehouse_id\":1,\"product_id\":8,\"alert\":\"0.00\",\"total\":382}}','2022-05-15 14:49:03','2022-05-15 14:49:03'),(1306,'default','created','App\\Models\\Order',72,'App\\Models\\User',1,'{\"attributes\":{\"warehouse_id\":1,\"customer_id\":2,\"user_id\":1,\"subtotal\":3153.5,\"vat\":0,\"discount\":0,\"grandtotal\":3153.5,\"kh_grandtotal\":null}}','2022-05-15 15:01:08','2022-05-15 15:01:08'),(1307,'default','updated','App\\Models\\Balance',17,'App\\Models\\User',1,'{\"attributes\":{\"remain\":\"1.00\",\"income\":\"7123.50\",\"withdraw\":\"0.00\",\"balance\":\"7124.50\",\"balance_date\":\"2022-05-15\",\"warehouse_id\":1,\"user_id\":1},\"old\":{\"remain\":\"1.00\",\"income\":\"3970.00\",\"withdraw\":\"0.00\",\"balance\":\"3971.00\",\"balance_date\":\"2022-05-15\",\"warehouse_id\":1,\"user_id\":1}}','2022-05-15 15:01:08','2022-05-15 15:01:08'),(1308,'default','created','App\\Models\\OrderDetail',441,'App\\Models\\User',1,'{\"attributes\":{\"order_id\":72,\"product_id\":7,\"sellprice\":14,\"quantity\":\"10.00\"}}','2022-05-15 15:01:08','2022-05-15 15:01:08'),(1309,'default','updated','App\\Models\\Stock',82,'App\\Models\\User',1,'{\"attributes\":{\"warehouse_id\":1,\"product_id\":7,\"alert\":\"0.00\",\"total\":257},\"old\":{\"warehouse_id\":1,\"product_id\":7,\"alert\":\"0.00\",\"total\":267}}','2022-05-15 15:01:08','2022-05-15 15:01:08'),(1310,'default','created','App\\Models\\OrderDetail',442,'App\\Models\\User',1,'{\"attributes\":{\"order_id\":72,\"product_id\":55,\"sellprice\":15,\"quantity\":\"10.00\"}}','2022-05-15 15:01:08','2022-05-15 15:01:08'),(1311,'default','updated','App\\Models\\Stock',92,'App\\Models\\User',1,'{\"attributes\":{\"warehouse_id\":1,\"product_id\":55,\"alert\":\"0.00\",\"total\":20},\"old\":{\"warehouse_id\":1,\"product_id\":55,\"alert\":\"0.00\",\"total\":30}}','2022-05-15 15:01:08','2022-05-15 15:01:08'),(1312,'default','created','App\\Models\\OrderDetail',443,'App\\Models\\User',1,'{\"attributes\":{\"order_id\":72,\"product_id\":54,\"sellprice\":15,\"quantity\":\"10.00\"}}','2022-05-15 15:01:08','2022-05-15 15:01:08'),(1313,'default','updated','App\\Models\\Stock',91,'App\\Models\\User',1,'{\"attributes\":{\"warehouse_id\":1,\"product_id\":54,\"alert\":\"0.00\",\"total\":20},\"old\":{\"warehouse_id\":1,\"product_id\":54,\"alert\":\"0.00\",\"total\":30}}','2022-05-15 15:01:08','2022-05-15 15:01:08'),(1314,'default','created','App\\Models\\OrderDetail',444,'App\\Models\\User',1,'{\"attributes\":{\"order_id\":72,\"product_id\":5,\"sellprice\":15,\"quantity\":\"10.00\"}}','2022-05-15 15:01:08','2022-05-15 15:01:08'),(1315,'default','updated','App\\Models\\Stock',76,'App\\Models\\User',1,'{\"attributes\":{\"warehouse_id\":1,\"product_id\":5,\"alert\":\"0.00\",\"total\":80},\"old\":{\"warehouse_id\":1,\"product_id\":5,\"alert\":\"0.00\",\"total\":90}}','2022-05-15 15:01:08','2022-05-15 15:01:08'),(1316,'default','created','App\\Models\\OrderDetail',445,'App\\Models\\User',1,'{\"attributes\":{\"order_id\":72,\"product_id\":34,\"sellprice\":16,\"quantity\":\"10.00\"}}','2022-05-15 15:01:08','2022-05-15 15:01:08'),(1317,'default','updated','App\\Models\\Stock',75,'App\\Models\\User',1,'{\"attributes\":{\"warehouse_id\":1,\"product_id\":34,\"alert\":\"0.00\",\"total\":90},\"old\":{\"warehouse_id\":1,\"product_id\":34,\"alert\":\"0.00\",\"total\":100}}','2022-05-15 15:01:08','2022-05-15 15:01:08'),(1318,'default','created','App\\Models\\OrderDetail',446,'App\\Models\\User',1,'{\"attributes\":{\"order_id\":72,\"product_id\":2,\"sellprice\":11,\"quantity\":\"30.00\"}}','2022-05-15 15:01:08','2022-05-15 15:01:08'),(1319,'default','updated','App\\Models\\Stock',59,'App\\Models\\User',1,'{\"attributes\":{\"warehouse_id\":1,\"product_id\":2,\"alert\":\"0.00\",\"total\":160},\"old\":{\"warehouse_id\":1,\"product_id\":2,\"alert\":\"0.00\",\"total\":190}}','2022-05-15 15:01:08','2022-05-15 15:01:08'),(1320,'default','created','App\\Models\\OrderDetail',447,'App\\Models\\User',1,'{\"attributes\":{\"order_id\":72,\"product_id\":4,\"sellprice\":14.5,\"quantity\":\"30.00\"}}','2022-05-15 15:01:08','2022-05-15 15:01:08'),(1321,'default','updated','App\\Models\\Stock',56,'App\\Models\\User',1,'{\"attributes\":{\"warehouse_id\":1,\"product_id\":4,\"alert\":\"0.00\",\"total\":240},\"old\":{\"warehouse_id\":1,\"product_id\":4,\"alert\":\"0.00\",\"total\":270}}','2022-05-15 15:01:08','2022-05-15 15:01:08'),(1322,'default','created','App\\Models\\OrderDetail',448,'App\\Models\\User',1,'{\"attributes\":{\"order_id\":72,\"product_id\":18,\"sellprice\":14.5,\"quantity\":\"20.00\"}}','2022-05-15 15:01:08','2022-05-15 15:01:08'),(1323,'default','updated','App\\Models\\Stock',52,'App\\Models\\User',1,'{\"attributes\":{\"warehouse_id\":1,\"product_id\":18,\"alert\":\"0.00\",\"total\":50},\"old\":{\"warehouse_id\":1,\"product_id\":18,\"alert\":\"0.00\",\"total\":70}}','2022-05-15 15:01:08','2022-05-15 15:01:08'),(1324,'default','created','App\\Models\\OrderDetail',449,'App\\Models\\User',1,'{\"attributes\":{\"order_id\":72,\"product_id\":1,\"sellprice\":13,\"quantity\":\"7.00\"}}','2022-05-15 15:01:08','2022-05-15 15:01:08'),(1325,'default','updated','App\\Models\\Stock',60,'App\\Models\\User',1,'{\"attributes\":{\"warehouse_id\":1,\"product_id\":1,\"alert\":\"0.00\",\"total\":0},\"old\":{\"warehouse_id\":1,\"product_id\":1,\"alert\":\"0.00\",\"total\":7}}','2022-05-15 15:01:08','2022-05-15 15:01:08'),(1326,'default','created','App\\Models\\OrderDetail',450,'App\\Models\\User',1,'{\"attributes\":{\"order_id\":72,\"product_id\":41,\"sellprice\":20.5,\"quantity\":\"5.00\"}}','2022-05-15 15:01:08','2022-05-15 15:01:08'),(1327,'default','updated','App\\Models\\Stock',77,'App\\Models\\User',1,'{\"attributes\":{\"warehouse_id\":1,\"product_id\":41,\"alert\":\"0.00\",\"total\":1},\"old\":{\"warehouse_id\":1,\"product_id\":41,\"alert\":\"0.00\",\"total\":6}}','2022-05-15 15:01:08','2022-05-15 15:01:08'),(1328,'default','created','App\\Models\\OrderDetail',451,'App\\Models\\User',1,'{\"attributes\":{\"order_id\":72,\"product_id\":39,\"sellprice\":13.5,\"quantity\":\"10.00\"}}','2022-05-15 15:01:08','2022-05-15 15:01:08'),(1329,'default','updated','App\\Models\\Stock',50,'App\\Models\\User',1,'{\"attributes\":{\"warehouse_id\":1,\"product_id\":39,\"alert\":\"0.00\",\"total\":10},\"old\":{\"warehouse_id\":1,\"product_id\":39,\"alert\":\"0.00\",\"total\":20}}','2022-05-15 15:01:08','2022-05-15 15:01:08'),(1330,'default','created','App\\Models\\OrderDetail',452,'App\\Models\\User',1,'{\"attributes\":{\"order_id\":72,\"product_id\":8,\"sellprice\":14,\"quantity\":\"30.00\"}}','2022-05-15 15:01:08','2022-05-15 15:01:08'),(1331,'default','updated','App\\Models\\Stock',83,'App\\Models\\User',1,'{\"attributes\":{\"warehouse_id\":1,\"product_id\":8,\"alert\":\"0.00\",\"total\":347},\"old\":{\"warehouse_id\":1,\"product_id\":8,\"alert\":\"0.00\",\"total\":377}}','2022-05-15 15:01:08','2022-05-15 15:01:08'),(1332,'default','created','App\\Models\\OrderDetail',453,'App\\Models\\User',1,'{\"attributes\":{\"order_id\":72,\"product_id\":28,\"sellprice\":18,\"quantity\":\"10.00\"}}','2022-05-15 15:01:08','2022-05-15 15:01:08'),(1333,'default','updated','App\\Models\\Stock',73,'App\\Models\\User',1,'{\"attributes\":{\"warehouse_id\":1,\"product_id\":28,\"alert\":\"0.00\",\"total\":112},\"old\":{\"warehouse_id\":1,\"product_id\":28,\"alert\":\"0.00\",\"total\":122}}','2022-05-15 15:01:08','2022-05-15 15:01:08'),(1334,'default','created','App\\Models\\OrderDetail',454,'App\\Models\\User',1,'{\"attributes\":{\"order_id\":72,\"product_id\":32,\"sellprice\":14,\"quantity\":\"30.00\"}}','2022-05-15 15:01:08','2022-05-15 15:01:08'),(1335,'default','updated','App\\Models\\Stock',71,'App\\Models\\User',1,'{\"attributes\":{\"warehouse_id\":1,\"product_id\":32,\"alert\":\"0.00\",\"total\":477},\"old\":{\"warehouse_id\":1,\"product_id\":32,\"alert\":\"0.00\",\"total\":507}}','2022-05-15 15:01:08','2022-05-15 15:01:08'),(1336,'default','created','App\\Models\\Order',73,'App\\Models\\User',1,'{\"attributes\":{\"warehouse_id\":1,\"customer_id\":2,\"user_id\":1,\"subtotal\":1033,\"vat\":0,\"discount\":0,\"grandtotal\":1033,\"kh_grandtotal\":null}}','2022-05-15 15:02:42','2022-05-15 15:02:42'),(1337,'default','updated','App\\Models\\Balance',17,'App\\Models\\User',1,'{\"attributes\":{\"remain\":\"1.00\",\"income\":\"8156.50\",\"withdraw\":\"0.00\",\"balance\":\"8157.50\",\"balance_date\":\"2022-05-15\",\"warehouse_id\":1,\"user_id\":1},\"old\":{\"remain\":\"1.00\",\"income\":\"7123.50\",\"withdraw\":\"0.00\",\"balance\":\"7124.50\",\"balance_date\":\"2022-05-15\",\"warehouse_id\":1,\"user_id\":1}}','2022-05-15 15:02:42','2022-05-15 15:02:42'),(1338,'default','created','App\\Models\\OrderDetail',455,'App\\Models\\User',1,'{\"attributes\":{\"order_id\":73,\"product_id\":57,\"sellprice\":43,\"quantity\":\"2.00\"}}','2022-05-15 15:02:42','2022-05-15 15:02:42'),(1339,'default','updated','App\\Models\\Stock',94,'App\\Models\\User',1,'{\"attributes\":{\"warehouse_id\":1,\"product_id\":57,\"alert\":\"0.00\",\"total\":8},\"old\":{\"warehouse_id\":1,\"product_id\":57,\"alert\":\"0.00\",\"total\":10}}','2022-05-15 15:02:42','2022-05-15 15:02:42'),(1340,'default','created','App\\Models\\OrderDetail',456,'App\\Models\\User',1,'{\"attributes\":{\"order_id\":73,\"product_id\":56,\"sellprice\":36,\"quantity\":\"2.00\"}}','2022-05-15 15:02:42','2022-05-15 15:02:42'),(1341,'default','updated','App\\Models\\Stock',93,'App\\Models\\User',1,'{\"attributes\":{\"warehouse_id\":1,\"product_id\":56,\"alert\":\"0.00\",\"total\":8},\"old\":{\"warehouse_id\":1,\"product_id\":56,\"alert\":\"0.00\",\"total\":10}}','2022-05-15 15:02:42','2022-05-15 15:02:42'),(1342,'default','created','App\\Models\\OrderDetail',457,'App\\Models\\User',1,'{\"attributes\":{\"order_id\":73,\"product_id\":16,\"sellprice\":41,\"quantity\":\"10.00\"}}','2022-05-15 15:02:42','2022-05-15 15:02:42'),(1343,'default','updated','App\\Models\\Stock',80,'App\\Models\\User',1,'{\"attributes\":{\"warehouse_id\":1,\"product_id\":16,\"alert\":\"0.00\",\"total\":40},\"old\":{\"warehouse_id\":1,\"product_id\":16,\"alert\":\"0.00\",\"total\":50}}','2022-05-15 15:02:42','2022-05-15 15:02:42'),(1344,'default','created','App\\Models\\OrderDetail',458,'App\\Models\\User',1,'{\"attributes\":{\"order_id\":73,\"product_id\":35,\"sellprice\":13.5,\"quantity\":\"10.00\"}}','2022-05-15 15:02:42','2022-05-15 15:02:42'),(1345,'default','updated','App\\Models\\Stock',88,'App\\Models\\User',1,'{\"attributes\":{\"warehouse_id\":1,\"product_id\":35,\"alert\":\"0.00\",\"total\":80},\"old\":{\"warehouse_id\":1,\"product_id\":35,\"alert\":\"0.00\",\"total\":90}}','2022-05-15 15:02:42','2022-05-15 15:02:42'),(1346,'default','created','App\\Models\\OrderDetail',459,'App\\Models\\User',1,'{\"attributes\":{\"order_id\":73,\"product_id\":23,\"sellprice\":11,\"quantity\":\"20.00\"}}','2022-05-15 15:02:42','2022-05-15 15:02:42'),(1347,'default','updated','App\\Models\\Stock',47,'App\\Models\\User',1,'{\"attributes\":{\"warehouse_id\":1,\"product_id\":23,\"alert\":\"0.00\",\"total\":80},\"old\":{\"warehouse_id\":1,\"product_id\":23,\"alert\":\"0.00\",\"total\":100}}','2022-05-15 15:02:42','2022-05-15 15:02:42'),(1348,'default','created','App\\Models\\OrderDetail',460,'App\\Models\\User',1,'{\"attributes\":{\"order_id\":73,\"product_id\":22,\"sellprice\":11,\"quantity\":\"10.00\"}}','2022-05-15 15:02:42','2022-05-15 15:02:42'),(1349,'default','updated','App\\Models\\Stock',48,'App\\Models\\User',1,'{\"attributes\":{\"warehouse_id\":1,\"product_id\":22,\"alert\":\"0.00\",\"total\":90},\"old\":{\"warehouse_id\":1,\"product_id\":22,\"alert\":\"0.00\",\"total\":100}}','2022-05-15 15:02:42','2022-05-15 15:02:42'),(1350,'default','created','App\\Models\\Balance',18,'App\\Models\\User',1,'{\"attributes\":{\"remain\":\"8157.50\",\"income\":\"0.00\",\"withdraw\":\"0.00\",\"balance\":\"8157.50\",\"balance_date\":\"2022-05-16\",\"warehouse_id\":1,\"user_id\":1}}','2022-05-16 03:16:12','2022-05-16 03:16:12'),(1351,'default','created','App\\Models\\Order',74,'App\\Models\\User',1,'{\"attributes\":{\"warehouse_id\":1,\"customer_id\":3,\"user_id\":1,\"subtotal\":390,\"vat\":0,\"discount\":0,\"grandtotal\":390,\"kh_grandtotal\":null}}','2022-05-16 03:17:46','2022-05-16 03:17:46'),(1352,'default','updated','App\\Models\\Balance',18,'App\\Models\\User',1,'{\"attributes\":{\"remain\":\"8157.50\",\"income\":\"390.00\",\"withdraw\":\"0.00\",\"balance\":\"8547.50\",\"balance_date\":\"2022-05-16\",\"warehouse_id\":1,\"user_id\":1},\"old\":{\"remain\":\"8157.50\",\"income\":\"0.00\",\"withdraw\":\"0.00\",\"balance\":\"8157.50\",\"balance_date\":\"2022-05-16\",\"warehouse_id\":1,\"user_id\":1}}','2022-05-16 03:17:46','2022-05-16 03:17:46'),(1353,'default','created','App\\Models\\OrderDetail',461,'App\\Models\\User',1,'{\"attributes\":{\"order_id\":74,\"product_id\":16,\"sellprice\":41,\"quantity\":\"1.00\"}}','2022-05-16 03:17:46','2022-05-16 03:17:46'),(1354,'default','updated','App\\Models\\Stock',80,'App\\Models\\User',1,'{\"attributes\":{\"warehouse_id\":1,\"product_id\":16,\"alert\":\"0.00\",\"total\":39},\"old\":{\"warehouse_id\":1,\"product_id\":16,\"alert\":\"0.00\",\"total\":40}}','2022-05-16 03:17:46','2022-05-16 03:17:46'),(1355,'default','created','App\\Models\\OrderDetail',462,'App\\Models\\User',1,'{\"attributes\":{\"order_id\":74,\"product_id\":33,\"sellprice\":23,\"quantity\":\"3.00\"}}','2022-05-16 03:17:46','2022-05-16 03:17:46'),(1356,'default','updated','App\\Models\\Stock',87,'App\\Models\\User',1,'{\"attributes\":{\"warehouse_id\":1,\"product_id\":33,\"alert\":\"0.00\",\"total\":100},\"old\":{\"warehouse_id\":1,\"product_id\":33,\"alert\":\"0.00\",\"total\":103}}','2022-05-16 03:17:46','2022-05-16 03:17:46'),(1357,'default','created','App\\Models\\OrderDetail',463,'App\\Models\\User',1,'{\"attributes\":{\"order_id\":74,\"product_id\":8,\"sellprice\":14,\"quantity\":\"10.00\"}}','2022-05-16 03:17:46','2022-05-16 03:17:46'),(1358,'default','updated','App\\Models\\Stock',83,'App\\Models\\User',1,'{\"attributes\":{\"warehouse_id\":1,\"product_id\":8,\"alert\":\"0.00\",\"total\":337},\"old\":{\"warehouse_id\":1,\"product_id\":8,\"alert\":\"0.00\",\"total\":347}}','2022-05-16 03:17:46','2022-05-16 03:17:46'),(1359,'default','created','App\\Models\\OrderDetail',464,'App\\Models\\User',1,'{\"attributes\":{\"order_id\":74,\"product_id\":7,\"sellprice\":14,\"quantity\":\"10.00\"}}','2022-05-16 03:17:46','2022-05-16 03:17:46'),(1360,'default','updated','App\\Models\\Stock',82,'App\\Models\\User',1,'{\"attributes\":{\"warehouse_id\":1,\"product_id\":7,\"alert\":\"0.00\",\"total\":247},\"old\":{\"warehouse_id\":1,\"product_id\":7,\"alert\":\"0.00\",\"total\":257}}','2022-05-16 03:17:46','2022-05-16 03:17:46'),(1361,'default','created','App\\Models\\Order',75,'App\\Models\\User',1,'{\"attributes\":{\"warehouse_id\":1,\"customer_id\":10,\"user_id\":1,\"subtotal\":877,\"vat\":0,\"discount\":0,\"grandtotal\":877,\"kh_grandtotal\":null}}','2022-05-16 04:57:10','2022-05-16 04:57:10'),(1362,'default','updated','App\\Models\\Balance',18,'App\\Models\\User',1,'{\"attributes\":{\"remain\":\"8157.50\",\"income\":\"1267.00\",\"withdraw\":\"0.00\",\"balance\":\"9424.50\",\"balance_date\":\"2022-05-16\",\"warehouse_id\":1,\"user_id\":1},\"old\":{\"remain\":\"8157.50\",\"income\":\"390.00\",\"withdraw\":\"0.00\",\"balance\":\"8547.50\",\"balance_date\":\"2022-05-16\",\"warehouse_id\":1,\"user_id\":1}}','2022-05-16 04:57:10','2022-05-16 04:57:10'),(1363,'default','created','App\\Models\\OrderDetail',465,'App\\Models\\User',1,'{\"attributes\":{\"order_id\":75,\"product_id\":54,\"sellprice\":15,\"quantity\":\"2.00\"}}','2022-05-16 04:57:10','2022-05-16 04:57:10'),(1364,'default','updated','App\\Models\\Stock',91,'App\\Models\\User',1,'{\"attributes\":{\"warehouse_id\":1,\"product_id\":54,\"alert\":\"0.00\",\"total\":18},\"old\":{\"warehouse_id\":1,\"product_id\":54,\"alert\":\"0.00\",\"total\":20}}','2022-05-16 04:57:10','2022-05-16 04:57:10'),(1365,'default','created','App\\Models\\OrderDetail',466,'App\\Models\\User',1,'{\"attributes\":{\"order_id\":75,\"product_id\":55,\"sellprice\":15,\"quantity\":\"2.00\"}}','2022-05-16 04:57:10','2022-05-16 04:57:10'),(1366,'default','updated','App\\Models\\Stock',92,'App\\Models\\User',1,'{\"attributes\":{\"warehouse_id\":1,\"product_id\":55,\"alert\":\"0.00\",\"total\":18},\"old\":{\"warehouse_id\":1,\"product_id\":55,\"alert\":\"0.00\",\"total\":20}}','2022-05-16 04:57:10','2022-05-16 04:57:10'),(1367,'default','created','App\\Models\\OrderDetail',467,'App\\Models\\User',1,'{\"attributes\":{\"order_id\":75,\"product_id\":23,\"sellprice\":11,\"quantity\":\"5.00\"}}','2022-05-16 04:57:10','2022-05-16 04:57:10'),(1368,'default','updated','App\\Models\\Stock',47,'App\\Models\\User',1,'{\"attributes\":{\"warehouse_id\":1,\"product_id\":23,\"alert\":\"0.00\",\"total\":75},\"old\":{\"warehouse_id\":1,\"product_id\":23,\"alert\":\"0.00\",\"total\":80}}','2022-05-16 04:57:10','2022-05-16 04:57:10'),(1369,'default','created','App\\Models\\OrderDetail',468,'App\\Models\\User',1,'{\"attributes\":{\"order_id\":75,\"product_id\":16,\"sellprice\":41,\"quantity\":\"2.00\"}}','2022-05-16 04:57:10','2022-05-16 04:57:10'),(1370,'default','updated','App\\Models\\Stock',80,'App\\Models\\User',1,'{\"attributes\":{\"warehouse_id\":1,\"product_id\":16,\"alert\":\"0.00\",\"total\":37},\"old\":{\"warehouse_id\":1,\"product_id\":16,\"alert\":\"0.00\",\"total\":39}}','2022-05-16 04:57:10','2022-05-16 04:57:10'),(1371,'default','created','App\\Models\\OrderDetail',469,'App\\Models\\User',1,'{\"attributes\":{\"order_id\":75,\"product_id\":18,\"sellprice\":14.5,\"quantity\":\"10.00\"}}','2022-05-16 04:57:10','2022-05-16 04:57:10'),(1372,'default','updated','App\\Models\\Stock',52,'App\\Models\\User',1,'{\"attributes\":{\"warehouse_id\":1,\"product_id\":18,\"alert\":\"0.00\",\"total\":40},\"old\":{\"warehouse_id\":1,\"product_id\":18,\"alert\":\"0.00\",\"total\":50}}','2022-05-16 04:57:10','2022-05-16 04:57:10'),(1373,'default','created','App\\Models\\OrderDetail',470,'App\\Models\\User',1,'{\"attributes\":{\"order_id\":75,\"product_id\":2,\"sellprice\":11,\"quantity\":\"10.00\"}}','2022-05-16 04:57:10','2022-05-16 04:57:10'),(1374,'default','updated','App\\Models\\Stock',59,'App\\Models\\User',1,'{\"attributes\":{\"warehouse_id\":1,\"product_id\":2,\"alert\":\"0.00\",\"total\":150},\"old\":{\"warehouse_id\":1,\"product_id\":2,\"alert\":\"0.00\",\"total\":160}}','2022-05-16 04:57:10','2022-05-16 04:57:10'),(1375,'default','created','App\\Models\\OrderDetail',471,'App\\Models\\User',1,'{\"attributes\":{\"order_id\":75,\"product_id\":32,\"sellprice\":14,\"quantity\":\"10.00\"}}','2022-05-16 04:57:10','2022-05-16 04:57:10'),(1376,'default','updated','App\\Models\\Stock',71,'App\\Models\\User',1,'{\"attributes\":{\"warehouse_id\":1,\"product_id\":32,\"alert\":\"0.00\",\"total\":467},\"old\":{\"warehouse_id\":1,\"product_id\":32,\"alert\":\"0.00\",\"total\":477}}','2022-05-16 04:57:10','2022-05-16 04:57:10'),(1377,'default','created','App\\Models\\OrderDetail',472,'App\\Models\\User',1,'{\"attributes\":{\"order_id\":75,\"product_id\":8,\"sellprice\":14,\"quantity\":\"10.00\"}}','2022-05-16 04:57:10','2022-05-16 04:57:10'),(1378,'default','updated','App\\Models\\Stock',83,'App\\Models\\User',1,'{\"attributes\":{\"warehouse_id\":1,\"product_id\":8,\"alert\":\"0.00\",\"total\":327},\"old\":{\"warehouse_id\":1,\"product_id\":8,\"alert\":\"0.00\",\"total\":337}}','2022-05-16 04:57:10','2022-05-16 04:57:10'),(1379,'default','created','App\\Models\\OrderDetail',473,'App\\Models\\User',1,'{\"attributes\":{\"order_id\":75,\"product_id\":4,\"sellprice\":14.5,\"quantity\":\"10.00\"}}','2022-05-16 04:57:10','2022-05-16 04:57:10'),(1380,'default','updated','App\\Models\\Stock',56,'App\\Models\\User',1,'{\"attributes\":{\"warehouse_id\":1,\"product_id\":4,\"alert\":\"0.00\",\"total\":230},\"old\":{\"warehouse_id\":1,\"product_id\":4,\"alert\":\"0.00\",\"total\":240}}','2022-05-16 04:57:10','2022-05-16 04:57:10'),(1381,'default','created','App\\Models\\Order',76,'App\\Models\\User',1,'{\"attributes\":{\"warehouse_id\":1,\"customer_id\":6,\"user_id\":1,\"subtotal\":728,\"vat\":0,\"discount\":0,\"grandtotal\":728,\"kh_grandtotal\":null}}','2022-05-16 06:21:03','2022-05-16 06:21:03'),(1382,'default','updated','App\\Models\\Balance',18,'App\\Models\\User',1,'{\"attributes\":{\"remain\":\"8157.50\",\"income\":\"1995.00\",\"withdraw\":\"0.00\",\"balance\":\"10152.50\",\"balance_date\":\"2022-05-16\",\"warehouse_id\":1,\"user_id\":1},\"old\":{\"remain\":\"8157.50\",\"income\":\"1267.00\",\"withdraw\":\"0.00\",\"balance\":\"9424.50\",\"balance_date\":\"2022-05-16\",\"warehouse_id\":1,\"user_id\":1}}','2022-05-16 06:21:03','2022-05-16 06:21:03'),(1383,'default','created','App\\Models\\OrderDetail',474,'App\\Models\\User',1,'{\"attributes\":{\"order_id\":76,\"product_id\":16,\"sellprice\":41,\"quantity\":\"2.00\"}}','2022-05-16 06:21:03','2022-05-16 06:21:03'),(1384,'default','updated','App\\Models\\Stock',80,'App\\Models\\User',1,'{\"attributes\":{\"warehouse_id\":1,\"product_id\":16,\"alert\":\"0.00\",\"total\":35},\"old\":{\"warehouse_id\":1,\"product_id\":16,\"alert\":\"0.00\",\"total\":37}}','2022-05-16 06:21:03','2022-05-16 06:21:03'),(1385,'default','created','App\\Models\\OrderDetail',475,'App\\Models\\User',1,'{\"attributes\":{\"order_id\":76,\"product_id\":17,\"sellprice\":80,\"quantity\":\"2.00\"}}','2022-05-16 06:21:03','2022-05-16 06:21:03'),(1386,'default','updated','App\\Models\\Stock',46,'App\\Models\\User',1,'{\"attributes\":{\"warehouse_id\":1,\"product_id\":17,\"alert\":\"0.00\",\"total\":8},\"old\":{\"warehouse_id\":1,\"product_id\":17,\"alert\":\"0.00\",\"total\":10}}','2022-05-16 06:21:03','2022-05-16 06:21:03'),(1387,'default','created','App\\Models\\OrderDetail',476,'App\\Models\\User',1,'{\"attributes\":{\"order_id\":76,\"product_id\":57,\"sellprice\":43,\"quantity\":\"2.00\"}}','2022-05-16 06:21:03','2022-05-16 06:21:03'),(1388,'default','updated','App\\Models\\Stock',94,'App\\Models\\User',1,'{\"attributes\":{\"warehouse_id\":1,\"product_id\":57,\"alert\":\"0.00\",\"total\":6},\"old\":{\"warehouse_id\":1,\"product_id\":57,\"alert\":\"0.00\",\"total\":8}}','2022-05-16 06:21:03','2022-05-16 06:21:03'),(1389,'default','created','App\\Models\\OrderDetail',477,'App\\Models\\User',1,'{\"attributes\":{\"order_id\":76,\"product_id\":9,\"sellprice\":12.5,\"quantity\":\"10.00\"}}','2022-05-16 06:21:03','2022-05-16 06:21:03'),(1390,'default','updated','App\\Models\\Stock',90,'App\\Models\\User',1,'{\"attributes\":{\"warehouse_id\":1,\"product_id\":9,\"alert\":\"0.00\",\"total\":179},\"old\":{\"warehouse_id\":1,\"product_id\":9,\"alert\":\"0.00\",\"total\":189}}','2022-05-16 06:21:03','2022-05-16 06:21:03'),(1391,'default','created','App\\Models\\OrderDetail',478,'App\\Models\\User',1,'{\"attributes\":{\"order_id\":76,\"product_id\":4,\"sellprice\":14.5,\"quantity\":\"10.00\"}}','2022-05-16 06:21:03','2022-05-16 06:21:03'),(1392,'default','updated','App\\Models\\Stock',56,'App\\Models\\User',1,'{\"attributes\":{\"warehouse_id\":1,\"product_id\":4,\"alert\":\"0.00\",\"total\":220},\"old\":{\"warehouse_id\":1,\"product_id\":4,\"alert\":\"0.00\",\"total\":230}}','2022-05-16 06:21:03','2022-05-16 06:21:03'),(1393,'default','created','App\\Models\\OrderDetail',479,'App\\Models\\User',1,'{\"attributes\":{\"order_id\":76,\"product_id\":3,\"sellprice\":13,\"quantity\":\"10.00\"}}','2022-05-16 06:21:03','2022-05-16 06:21:03'),(1394,'default','updated','App\\Models\\Stock',66,'App\\Models\\User',1,'{\"attributes\":{\"warehouse_id\":1,\"product_id\":3,\"alert\":\"0.00\",\"total\":125},\"old\":{\"warehouse_id\":1,\"product_id\":3,\"alert\":\"0.00\",\"total\":135}}','2022-05-16 06:21:03','2022-05-16 06:21:03'),(1395,'default','created','App\\Models\\Purchase',21,'App\\Models\\User',1,'{\"attributes\":{\"warehouse_id\":1,\"supplier_id\":1,\"user_id\":1,\"batch\":\"20220516_v13__23_1652682203513\",\"subtotal\":7910,\"vat\":0,\"grandtotal\":7910}}','2022-05-16 06:32:57','2022-05-16 06:32:57'),(1396,'default','created','App\\Models\\PurchaseDetail',125,'App\\Models\\User',1,'{\"attributes\":{\"purchase_id\":21,\"product_id\":41,\"unitprice\":\"16.40\",\"quantity\":\"50.00\"}}','2022-05-16 06:32:57','2022-05-16 06:32:57'),(1397,'default','updated','App\\Models\\Stock',77,'App\\Models\\User',1,'{\"attributes\":{\"warehouse_id\":1,\"product_id\":41,\"alert\":\"0.00\",\"total\":51},\"old\":{\"warehouse_id\":1,\"product_id\":41,\"alert\":\"0.00\",\"total\":1}}','2022-05-16 06:32:57','2022-05-16 06:32:57'),(1398,'default','created','App\\Models\\PurchaseDetail',126,'App\\Models\\User',1,'{\"attributes\":{\"purchase_id\":21,\"product_id\":53,\"unitprice\":\"11.80\",\"quantity\":\"150.00\"}}','2022-05-16 06:32:57','2022-05-16 06:32:57'),(1399,'default','created','App\\Models\\Stock',95,'App\\Models\\User',1,'{\"attributes\":{\"warehouse_id\":1,\"product_id\":53,\"alert\":\"0.00\",\"total\":150}}','2022-05-16 06:32:57','2022-05-16 06:32:57'),(1400,'default','created','App\\Models\\PurchaseDetail',127,'App\\Models\\User',1,'{\"attributes\":{\"purchase_id\":21,\"product_id\":26,\"unitprice\":\"13.40\",\"quantity\":\"200.00\"}}','2022-05-16 06:32:57','2022-05-16 06:32:57'),(1401,'default','updated','App\\Models\\Stock',84,'App\\Models\\User',1,'{\"attributes\":{\"warehouse_id\":1,\"product_id\":26,\"alert\":\"0.00\",\"total\":200},\"old\":{\"warehouse_id\":1,\"product_id\":26,\"alert\":\"0.00\",\"total\":0}}','2022-05-16 06:32:57','2022-05-16 06:32:57'),(1402,'default','created','App\\Models\\PurchaseDetail',128,'App\\Models\\User',1,'{\"attributes\":{\"purchase_id\":21,\"product_id\":13,\"unitprice\":\"16.00\",\"quantity\":\"100.00\"}}','2022-05-16 06:32:57','2022-05-16 06:32:57'),(1403,'default','updated','App\\Models\\Stock',79,'App\\Models\\User',1,'{\"attributes\":{\"warehouse_id\":1,\"product_id\":13,\"alert\":\"0.00\",\"total\":100},\"old\":{\"warehouse_id\":1,\"product_id\":13,\"alert\":\"0.00\",\"total\":0}}','2022-05-16 06:32:57','2022-05-16 06:32:57'),(1404,'default','created','App\\Models\\PurchaseDetail',129,'App\\Models\\User',1,'{\"attributes\":{\"purchase_id\":21,\"product_id\":44,\"unitprice\":\"52.00\",\"quantity\":\"20.00\"}}','2022-05-16 06:32:57','2022-05-16 06:32:57'),(1405,'default','updated','App\\Models\\Stock',81,'App\\Models\\User',1,'{\"attributes\":{\"warehouse_id\":1,\"product_id\":44,\"alert\":\"0.00\",\"total\":20},\"old\":{\"warehouse_id\":1,\"product_id\":44,\"alert\":\"0.00\",\"total\":0}}','2022-05-16 06:32:57','2022-05-16 06:32:57'),(1406,'default','created','App\\Models\\Product',58,'App\\Models\\User',1,'{\"attributes\":{\"category_id\":5,\"code\":\"509358742384\",\"en_name\":\"S1\",\"kh_name\":\"LCD VIVO\",\"description\":\"undefined\",\"image\":\"no image created\",\"sale_price\":17.5}}','2022-05-16 06:33:57','2022-05-16 06:33:57'),(1407,'default','created','App\\Models\\Purchase',22,'App\\Models\\User',1,'{\"attributes\":{\"warehouse_id\":1,\"supplier_id\":1,\"user_id\":1,\"batch\":\"20220516_v13__34_1652682856226\",\"subtotal\":456,\"vat\":0,\"grandtotal\":456}}','2022-05-16 06:35:02','2022-05-16 06:35:02'),(1408,'default','created','App\\Models\\PurchaseDetail',130,'App\\Models\\User',1,'{\"attributes\":{\"purchase_id\":22,\"product_id\":58,\"unitprice\":\"15.20\",\"quantity\":\"30.00\"}}','2022-05-16 06:35:02','2022-05-16 06:35:02'),(1409,'default','created','App\\Models\\Stock',96,'App\\Models\\User',1,'{\"attributes\":{\"warehouse_id\":1,\"product_id\":58,\"alert\":\"0.00\",\"total\":30}}','2022-05-16 06:35:02','2022-05-16 06:35:02'),(1410,'default','updated','App\\Models\\Product',41,'App\\Models\\User',1,'{\"attributes\":{\"category_id\":5,\"code\":\"908601349887\",\"en_name\":\"POVA1\",\"kh_name\":\"LCD POVA\",\"description\":\"undefined\",\"image\":\"no image created\",\"sale_price\":16.4},\"old\":{\"category_id\":5,\"code\":\"908601349887\",\"en_name\":\"POVA1\",\"kh_name\":\"LCD POVA\",\"description\":\"undefined\",\"image\":\"no image created\",\"sale_price\":20.5}}','2022-05-16 06:35:27','2022-05-16 06:35:27'),(1411,'default','updated','App\\Models\\Product',53,'App\\Models\\User',1,'{\"attributes\":{\"category_id\":5,\"code\":\"672931669645\",\"en_name\":\"C15\",\"kh_name\":\"LCD REALME\",\"description\":\"undefined\",\"image\":\"no image created\",\"sale_price\":14},\"old\":{\"category_id\":5,\"code\":\"672931669645\",\"en_name\":\"C15\",\"kh_name\":\"LCD REALME\",\"description\":\"undefined\",\"image\":\"no image created\",\"sale_price\":16.5}}','2022-05-16 06:36:07','2022-05-16 06:36:07'),(1412,'default','updated','App\\Models\\Product',26,'App\\Models\\User',1,'{\"attributes\":{\"category_id\":5,\"code\":\"908601349872\",\"en_name\":\"Y12S ORI\",\"kh_name\":\"LCD VIVO\",\"description\":\"undefined\",\"image\":\"no image created\",\"sale_price\":15.5},\"old\":{\"category_id\":5,\"code\":\"908601349872\",\"en_name\":\"Y12S ORI\",\"kh_name\":\"LCD VIVO\",\"description\":\"undefined\",\"image\":\"no image created\",\"sale_price\":20}}','2022-05-16 06:36:29','2022-05-16 06:36:29'),(1413,'default','updated','App\\Models\\Product',13,'App\\Models\\User',1,'{\"attributes\":{\"category_id\":5,\"code\":\"908601349859\",\"en_name\":\"RENO2F\",\"kh_name\":\"LCD OPPO\",\"description\":\"undefined\",\"image\":\"no image created\",\"sale_price\":18.5},\"old\":{\"category_id\":5,\"code\":\"908601349859\",\"en_name\":\"RENO2F\",\"kh_name\":\"LCD OPPO\",\"description\":\"undefined\",\"image\":\"no image created\",\"sale_price\":22.5}}','2022-05-16 06:36:57','2022-05-16 06:36:57'),(1414,'default','updated','App\\Models\\Product',44,'App\\Models\\User',1,'{\"attributes\":{\"category_id\":5,\"code\":\"441083965829\",\"en_name\":\"Xs MAX OLED\",\"kh_name\":\"LCD IPHONE\",\"description\":\"undefined\",\"image\":\"no image created\",\"sale_price\":59},\"old\":{\"category_id\":5,\"code\":\"441083965829\",\"en_name\":\"Xs MAX OLED\",\"kh_name\":\"LCD IPHONE\",\"description\":\"undefined\",\"image\":\"no image created\",\"sale_price\":60}}','2022-05-16 06:37:08','2022-05-16 06:37:08'),(1415,'default','created','App\\Models\\Order',77,'App\\Models\\User',1,'{\"attributes\":{\"warehouse_id\":1,\"customer_id\":5,\"user_id\":1,\"subtotal\":1803.5,\"vat\":0,\"discount\":0,\"grandtotal\":1803.5,\"kh_grandtotal\":null}}','2022-05-16 08:27:13','2022-05-16 08:27:13'),(1416,'default','updated','App\\Models\\Balance',18,'App\\Models\\User',1,'{\"attributes\":{\"remain\":\"8157.50\",\"income\":\"3798.50\",\"withdraw\":\"0.00\",\"balance\":\"11956.00\",\"balance_date\":\"2022-05-16\",\"warehouse_id\":1,\"user_id\":1},\"old\":{\"remain\":\"8157.50\",\"income\":\"1995.00\",\"withdraw\":\"0.00\",\"balance\":\"10152.50\",\"balance_date\":\"2022-05-16\",\"warehouse_id\":1,\"user_id\":1}}','2022-05-16 08:27:13','2022-05-16 08:27:13'),(1417,'default','created','App\\Models\\OrderDetail',480,'App\\Models\\User',1,'{\"attributes\":{\"order_id\":77,\"product_id\":45,\"sellprice\":17,\"quantity\":\"5.00\"}}','2022-05-16 08:27:13','2022-05-16 08:27:13'),(1418,'default','updated','App\\Models\\Stock',58,'App\\Models\\User',1,'{\"attributes\":{\"warehouse_id\":1,\"product_id\":45,\"alert\":\"0.00\",\"total\":45},\"old\":{\"warehouse_id\":1,\"product_id\":45,\"alert\":\"0.00\",\"total\":50}}','2022-05-16 08:27:13','2022-05-16 08:27:13'),(1419,'default','created','App\\Models\\OrderDetail',481,'App\\Models\\User',1,'{\"attributes\":{\"order_id\":77,\"product_id\":46,\"sellprice\":17,\"quantity\":\"5.00\"}}','2022-05-16 08:27:13','2022-05-16 08:27:13'),(1420,'default','updated','App\\Models\\Stock',70,'App\\Models\\User',1,'{\"attributes\":{\"warehouse_id\":1,\"product_id\":46,\"alert\":\"0.00\",\"total\":27},\"old\":{\"warehouse_id\":1,\"product_id\":46,\"alert\":\"0.00\",\"total\":32}}','2022-05-16 08:27:13','2022-05-16 08:27:13'),(1421,'default','created','App\\Models\\OrderDetail',482,'App\\Models\\User',1,'{\"attributes\":{\"order_id\":77,\"product_id\":47,\"sellprice\":17,\"quantity\":\"5.00\"}}','2022-05-16 08:27:13','2022-05-16 08:27:13'),(1422,'default','updated','App\\Models\\Stock',86,'App\\Models\\User',1,'{\"attributes\":{\"warehouse_id\":1,\"product_id\":47,\"alert\":\"0.00\",\"total\":57},\"old\":{\"warehouse_id\":1,\"product_id\":47,\"alert\":\"0.00\",\"total\":62}}','2022-05-16 08:27:13','2022-05-16 08:27:13'),(1423,'default','created','App\\Models\\OrderDetail',483,'App\\Models\\User',1,'{\"attributes\":{\"order_id\":77,\"product_id\":58,\"sellprice\":17.5,\"quantity\":\"3.00\"}}','2022-05-16 08:27:13','2022-05-16 08:27:13'),(1424,'default','updated','App\\Models\\Stock',96,'App\\Models\\User',1,'{\"attributes\":{\"warehouse_id\":1,\"product_id\":58,\"alert\":\"0.00\",\"total\":27},\"old\":{\"warehouse_id\":1,\"product_id\":58,\"alert\":\"0.00\",\"total\":30}}','2022-05-16 08:27:13','2022-05-16 08:27:13'),(1425,'default','created','App\\Models\\OrderDetail',484,'App\\Models\\User',1,'{\"attributes\":{\"order_id\":77,\"product_id\":5,\"sellprice\":15,\"quantity\":\"5.00\"}}','2022-05-16 08:27:13','2022-05-16 08:27:13'),(1426,'default','updated','App\\Models\\Stock',76,'App\\Models\\User',1,'{\"attributes\":{\"warehouse_id\":1,\"product_id\":5,\"alert\":\"0.00\",\"total\":75},\"old\":{\"warehouse_id\":1,\"product_id\":5,\"alert\":\"0.00\",\"total\":80}}','2022-05-16 08:27:13','2022-05-16 08:27:13'),(1427,'default','created','App\\Models\\OrderDetail',485,'App\\Models\\User',1,'{\"attributes\":{\"order_id\":77,\"product_id\":42,\"sellprice\":22,\"quantity\":\"3.00\"}}','2022-05-16 08:27:13','2022-05-16 08:27:13'),(1428,'default','updated','App\\Models\\Stock',78,'App\\Models\\User',1,'{\"attributes\":{\"warehouse_id\":1,\"product_id\":42,\"alert\":\"0.00\",\"total\":17},\"old\":{\"warehouse_id\":1,\"product_id\":42,\"alert\":\"0.00\",\"total\":20}}','2022-05-16 08:27:13','2022-05-16 08:27:13'),(1429,'default','created','App\\Models\\OrderDetail',486,'App\\Models\\User',1,'{\"attributes\":{\"order_id\":77,\"product_id\":41,\"sellprice\":19,\"quantity\":\"5.00\"}}','2022-05-16 08:27:13','2022-05-16 08:27:13'),(1430,'default','updated','App\\Models\\Stock',77,'App\\Models\\User',1,'{\"attributes\":{\"warehouse_id\":1,\"product_id\":41,\"alert\":\"0.00\",\"total\":46},\"old\":{\"warehouse_id\":1,\"product_id\":41,\"alert\":\"0.00\",\"total\":51}}','2022-05-16 08:27:13','2022-05-16 08:27:13'),(1431,'default','created','App\\Models\\OrderDetail',487,'App\\Models\\User',1,'{\"attributes\":{\"order_id\":77,\"product_id\":55,\"sellprice\":15,\"quantity\":\"5.00\"}}','2022-05-16 08:27:13','2022-05-16 08:27:13'),(1432,'default','updated','App\\Models\\Stock',92,'App\\Models\\User',1,'{\"attributes\":{\"warehouse_id\":1,\"product_id\":55,\"alert\":\"0.00\",\"total\":13},\"old\":{\"warehouse_id\":1,\"product_id\":55,\"alert\":\"0.00\",\"total\":18}}','2022-05-16 08:27:14','2022-05-16 08:27:14'),(1433,'default','created','App\\Models\\OrderDetail',488,'App\\Models\\User',1,'{\"attributes\":{\"order_id\":77,\"product_id\":54,\"sellprice\":15,\"quantity\":\"5.00\"}}','2022-05-16 08:27:14','2022-05-16 08:27:14'),(1434,'default','updated','App\\Models\\Stock',91,'App\\Models\\User',1,'{\"attributes\":{\"warehouse_id\":1,\"product_id\":54,\"alert\":\"0.00\",\"total\":13},\"old\":{\"warehouse_id\":1,\"product_id\":54,\"alert\":\"0.00\",\"total\":18}}','2022-05-16 08:27:14','2022-05-16 08:27:14'),(1435,'default','created','App\\Models\\OrderDetail',489,'App\\Models\\User',1,'{\"attributes\":{\"order_id\":77,\"product_id\":8,\"sellprice\":14,\"quantity\":\"10.00\"}}','2022-05-16 08:27:14','2022-05-16 08:27:14'),(1436,'default','updated','App\\Models\\Stock',83,'App\\Models\\User',1,'{\"attributes\":{\"warehouse_id\":1,\"product_id\":8,\"alert\":\"0.00\",\"total\":317},\"old\":{\"warehouse_id\":1,\"product_id\":8,\"alert\":\"0.00\",\"total\":327}}','2022-05-16 08:27:14','2022-05-16 08:27:14'),(1437,'default','created','App\\Models\\OrderDetail',490,'App\\Models\\User',1,'{\"attributes\":{\"order_id\":77,\"product_id\":32,\"sellprice\":14,\"quantity\":\"10.00\"}}','2022-05-16 08:27:14','2022-05-16 08:27:14'),(1438,'default','updated','App\\Models\\Stock',71,'App\\Models\\User',1,'{\"attributes\":{\"warehouse_id\":1,\"product_id\":32,\"alert\":\"0.00\",\"total\":457},\"old\":{\"warehouse_id\":1,\"product_id\":32,\"alert\":\"0.00\",\"total\":467}}','2022-05-16 08:27:14','2022-05-16 08:27:14'),(1439,'default','created','App\\Models\\OrderDetail',491,'App\\Models\\User',1,'{\"attributes\":{\"order_id\":77,\"product_id\":9,\"sellprice\":12.5,\"quantity\":\"10.00\"}}','2022-05-16 08:27:14','2022-05-16 08:27:14'),(1440,'default','updated','App\\Models\\Stock',90,'App\\Models\\User',1,'{\"attributes\":{\"warehouse_id\":1,\"product_id\":9,\"alert\":\"0.00\",\"total\":169},\"old\":{\"warehouse_id\":1,\"product_id\":9,\"alert\":\"0.00\",\"total\":179}}','2022-05-16 08:27:14','2022-05-16 08:27:14'),(1441,'default','created','App\\Models\\OrderDetail',492,'App\\Models\\User',1,'{\"attributes\":{\"order_id\":77,\"product_id\":4,\"sellprice\":14.5,\"quantity\":\"10.00\"}}','2022-05-16 08:27:14','2022-05-16 08:27:14'),(1442,'default','updated','App\\Models\\Stock',56,'App\\Models\\User',1,'{\"attributes\":{\"warehouse_id\":1,\"product_id\":4,\"alert\":\"0.00\",\"total\":210},\"old\":{\"warehouse_id\":1,\"product_id\":4,\"alert\":\"0.00\",\"total\":220}}','2022-05-16 08:27:14','2022-05-16 08:27:14'),(1443,'default','created','App\\Models\\OrderDetail',493,'App\\Models\\User',1,'{\"attributes\":{\"order_id\":77,\"product_id\":7,\"sellprice\":14,\"quantity\":\"20.00\"}}','2022-05-16 08:27:14','2022-05-16 08:27:14'),(1444,'default','updated','App\\Models\\Stock',82,'App\\Models\\User',1,'{\"attributes\":{\"warehouse_id\":1,\"product_id\":7,\"alert\":\"0.00\",\"total\":227},\"old\":{\"warehouse_id\":1,\"product_id\":7,\"alert\":\"0.00\",\"total\":247}}','2022-05-16 08:27:14','2022-05-16 08:27:14'),(1445,'default','created','App\\Models\\OrderDetail',494,'App\\Models\\User',1,'{\"attributes\":{\"order_id\":77,\"product_id\":53,\"sellprice\":14,\"quantity\":\"20.00\"}}','2022-05-16 08:27:14','2022-05-16 08:27:14'),(1446,'default','updated','App\\Models\\Stock',95,'App\\Models\\User',1,'{\"attributes\":{\"warehouse_id\":1,\"product_id\":53,\"alert\":\"0.00\",\"total\":130},\"old\":{\"warehouse_id\":1,\"product_id\":53,\"alert\":\"0.00\",\"total\":150}}','2022-05-16 08:27:14','2022-05-16 08:27:14'),(1447,'default','updated','App\\Models\\Product',41,'App\\Models\\User',1,'{\"attributes\":{\"category_id\":5,\"code\":\"908601349887\",\"en_name\":\"POVA1\",\"kh_name\":\"LCD POVA\",\"description\":\"undefined\",\"image\":\"no image created\",\"sale_price\":19},\"old\":{\"category_id\":5,\"code\":\"908601349887\",\"en_name\":\"POVA1\",\"kh_name\":\"LCD POVA\",\"description\":\"undefined\",\"image\":\"no image created\",\"sale_price\":16.4}}','2022-05-16 08:30:30','2022-05-16 08:30:30'),(1448,'default','created','App\\Models\\Balance',19,'App\\Models\\User',1,'{\"attributes\":{\"remain\":\"11956.00\",\"income\":\"0.00\",\"withdraw\":\"0.00\",\"balance\":\"11956.00\",\"balance_date\":\"2022-05-17\",\"warehouse_id\":1,\"user_id\":1}}','2022-05-17 04:01:32','2022-05-17 04:01:32'),(1449,'default','created','App\\Models\\Order',78,'App\\Models\\User',1,'{\"attributes\":{\"warehouse_id\":1,\"customer_id\":2,\"user_id\":1,\"subtotal\":2525,\"vat\":0,\"discount\":0,\"grandtotal\":2525,\"kh_grandtotal\":null}}','2022-05-17 04:04:01','2022-05-17 04:04:01'),(1450,'default','updated','App\\Models\\Balance',19,'App\\Models\\User',1,'{\"attributes\":{\"remain\":\"11956.00\",\"income\":\"2525.00\",\"withdraw\":\"0.00\",\"balance\":\"14481.00\",\"balance_date\":\"2022-05-17\",\"warehouse_id\":1,\"user_id\":1},\"old\":{\"remain\":\"11956.00\",\"income\":\"0.00\",\"withdraw\":\"0.00\",\"balance\":\"11956.00\",\"balance_date\":\"2022-05-17\",\"warehouse_id\":1,\"user_id\":1}}','2022-05-17 04:04:01','2022-05-17 04:04:01'),(1451,'default','created','App\\Models\\OrderDetail',495,'App\\Models\\User',1,'{\"attributes\":{\"order_id\":78,\"product_id\":39,\"sellprice\":13.5,\"quantity\":\"10.00\"}}','2022-05-17 04:04:01','2022-05-17 04:04:01'),(1452,'default','updated','App\\Models\\Stock',50,'App\\Models\\User',1,'{\"attributes\":{\"warehouse_id\":1,\"product_id\":39,\"alert\":\"0.00\",\"total\":0},\"old\":{\"warehouse_id\":1,\"product_id\":39,\"alert\":\"0.00\",\"total\":10}}','2022-05-17 04:04:01','2022-05-17 04:04:01'),(1453,'default','created','App\\Models\\OrderDetail',496,'App\\Models\\User',1,'{\"attributes\":{\"order_id\":78,\"product_id\":40,\"sellprice\":13.5,\"quantity\":\"10.00\"}}','2022-05-17 04:04:01','2022-05-17 04:04:01'),(1454,'default','updated','App\\Models\\Stock',49,'App\\Models\\User',1,'{\"attributes\":{\"warehouse_id\":1,\"product_id\":40,\"alert\":\"0.00\",\"total\":40},\"old\":{\"warehouse_id\":1,\"product_id\":40,\"alert\":\"0.00\",\"total\":50}}','2022-05-17 04:04:01','2022-05-17 04:04:01'),(1455,'default','created','App\\Models\\OrderDetail',497,'App\\Models\\User',1,'{\"attributes\":{\"order_id\":78,\"product_id\":32,\"sellprice\":14,\"quantity\":\"20.00\"}}','2022-05-17 04:04:01','2022-05-17 04:04:01'),(1456,'default','updated','App\\Models\\Stock',71,'App\\Models\\User',1,'{\"attributes\":{\"warehouse_id\":1,\"product_id\":32,\"alert\":\"0.00\",\"total\":437},\"old\":{\"warehouse_id\":1,\"product_id\":32,\"alert\":\"0.00\",\"total\":457}}','2022-05-17 04:04:01','2022-05-17 04:04:01'),(1457,'default','created','App\\Models\\OrderDetail',498,'App\\Models\\User',1,'{\"attributes\":{\"order_id\":78,\"product_id\":6,\"sellprice\":16,\"quantity\":\"20.00\"}}','2022-05-17 04:04:01','2022-05-17 04:04:01'),(1458,'default','updated','App\\Models\\Stock',72,'App\\Models\\User',1,'{\"attributes\":{\"warehouse_id\":1,\"product_id\":6,\"alert\":\"0.00\",\"total\":259},\"old\":{\"warehouse_id\":1,\"product_id\":6,\"alert\":\"0.00\",\"total\":279}}','2022-05-17 04:04:01','2022-05-17 04:04:01'),(1459,'default','created','App\\Models\\OrderDetail',499,'App\\Models\\User',1,'{\"attributes\":{\"order_id\":78,\"product_id\":3,\"sellprice\":13,\"quantity\":\"40.00\"}}','2022-05-17 04:04:01','2022-05-17 04:04:01'),(1460,'default','updated','App\\Models\\Stock',66,'App\\Models\\User',1,'{\"attributes\":{\"warehouse_id\":1,\"product_id\":3,\"alert\":\"0.00\",\"total\":85},\"old\":{\"warehouse_id\":1,\"product_id\":3,\"alert\":\"0.00\",\"total\":125}}','2022-05-17 04:04:01','2022-05-17 04:04:01'),(1461,'default','created','App\\Models\\OrderDetail',500,'App\\Models\\User',1,'{\"attributes\":{\"order_id\":78,\"product_id\":58,\"sellprice\":17.5,\"quantity\":\"10.00\"}}','2022-05-17 04:04:01','2022-05-17 04:04:01'),(1462,'default','updated','App\\Models\\Stock',96,'App\\Models\\User',1,'{\"attributes\":{\"warehouse_id\":1,\"product_id\":58,\"alert\":\"0.00\",\"total\":17},\"old\":{\"warehouse_id\":1,\"product_id\":58,\"alert\":\"0.00\",\"total\":27}}','2022-05-17 04:04:01','2022-05-17 04:04:01'),(1463,'default','created','App\\Models\\OrderDetail',501,'App\\Models\\User',1,'{\"attributes\":{\"order_id\":78,\"product_id\":53,\"sellprice\":14,\"quantity\":\"20.00\"}}','2022-05-17 04:04:01','2022-05-17 04:04:01'),(1464,'default','updated','App\\Models\\Stock',95,'App\\Models\\User',1,'{\"attributes\":{\"warehouse_id\":1,\"product_id\":53,\"alert\":\"0.00\",\"total\":110},\"old\":{\"warehouse_id\":1,\"product_id\":53,\"alert\":\"0.00\",\"total\":130}}','2022-05-17 04:04:01','2022-05-17 04:04:01'),(1465,'default','created','App\\Models\\OrderDetail',502,'App\\Models\\User',1,'{\"attributes\":{\"order_id\":78,\"product_id\":13,\"sellprice\":18.5,\"quantity\":\"20.00\"}}','2022-05-17 04:04:01','2022-05-17 04:04:01'),(1466,'default','updated','App\\Models\\Stock',79,'App\\Models\\User',1,'{\"attributes\":{\"warehouse_id\":1,\"product_id\":13,\"alert\":\"0.00\",\"total\":80},\"old\":{\"warehouse_id\":1,\"product_id\":13,\"alert\":\"0.00\",\"total\":100}}','2022-05-17 04:04:01','2022-05-17 04:04:01'),(1467,'default','created','App\\Models\\OrderDetail',503,'App\\Models\\User',1,'{\"attributes\":{\"order_id\":78,\"product_id\":26,\"sellprice\":15.5,\"quantity\":\"20.00\"}}','2022-05-17 04:04:01','2022-05-17 04:04:01'),(1468,'default','updated','App\\Models\\Stock',84,'App\\Models\\User',1,'{\"attributes\":{\"warehouse_id\":1,\"product_id\":26,\"alert\":\"0.00\",\"total\":180},\"old\":{\"warehouse_id\":1,\"product_id\":26,\"alert\":\"0.00\",\"total\":200}}','2022-05-17 04:04:01','2022-05-17 04:04:01'),(1469,'default','created','App\\Models\\Order',79,'App\\Models\\User',1,'{\"attributes\":{\"warehouse_id\":1,\"customer_id\":6,\"user_id\":1,\"subtotal\":118,\"vat\":0,\"discount\":0,\"grandtotal\":118,\"kh_grandtotal\":null}}','2022-05-17 04:04:25','2022-05-17 04:04:25'),(1470,'default','updated','App\\Models\\Balance',19,'App\\Models\\User',1,'{\"attributes\":{\"remain\":\"11956.00\",\"income\":\"2643.00\",\"withdraw\":\"0.00\",\"balance\":\"14599.00\",\"balance_date\":\"2022-05-17\",\"warehouse_id\":1,\"user_id\":1},\"old\":{\"remain\":\"11956.00\",\"income\":\"2525.00\",\"withdraw\":\"0.00\",\"balance\":\"14481.00\",\"balance_date\":\"2022-05-17\",\"warehouse_id\":1,\"user_id\":1}}','2022-05-17 04:04:25','2022-05-17 04:04:25'),(1471,'default','created','App\\Models\\OrderDetail',504,'App\\Models\\User',1,'{\"attributes\":{\"order_id\":79,\"product_id\":44,\"sellprice\":59,\"quantity\":\"2.00\"}}','2022-05-17 04:04:25','2022-05-17 04:04:25'),(1472,'default','updated','App\\Models\\Stock',81,'App\\Models\\User',1,'{\"attributes\":{\"warehouse_id\":1,\"product_id\":44,\"alert\":\"0.00\",\"total\":18},\"old\":{\"warehouse_id\":1,\"product_id\":44,\"alert\":\"0.00\",\"total\":20}}','2022-05-17 04:04:25','2022-05-17 04:04:25'),(1473,'default','created','App\\Models\\Purchase',23,'App\\Models\\User',1,'{\"attributes\":{\"warehouse_id\":1,\"supplier_id\":1,\"user_id\":1,\"batch\":\"20220517_v16__3_1652778219429\",\"subtotal\":5512,\"vat\":0,\"grandtotal\":5512}}','2022-05-17 10:04:19','2022-05-17 10:04:19'),(1474,'default','created','App\\Models\\PurchaseDetail',131,'App\\Models\\User',1,'{\"attributes\":{\"purchase_id\":23,\"product_id\":24,\"unitprice\":\"13.20\",\"quantity\":\"10.00\"}}','2022-05-17 10:04:19','2022-05-17 10:04:19'),(1475,'default','updated','App\\Models\\Stock',67,'App\\Models\\User',1,'{\"attributes\":{\"warehouse_id\":1,\"product_id\":24,\"alert\":\"0.00\",\"total\":10},\"old\":{\"warehouse_id\":1,\"product_id\":24,\"alert\":\"0.00\",\"total\":0}}','2022-05-17 10:04:19','2022-05-17 10:04:19'),(1476,'default','created','App\\Models\\PurchaseDetail',132,'App\\Models\\User',1,'{\"attributes\":{\"purchase_id\":23,\"product_id\":38,\"unitprice\":\"13.40\",\"quantity\":\"200.00\"}}','2022-05-17 10:04:19','2022-05-17 10:04:19'),(1477,'default','updated','App\\Models\\Stock',57,'App\\Models\\User',1,'{\"attributes\":{\"warehouse_id\":1,\"product_id\":38,\"alert\":\"0.00\",\"total\":200},\"old\":{\"warehouse_id\":1,\"product_id\":38,\"alert\":\"0.00\",\"total\":0}}','2022-05-17 10:04:19','2022-05-17 10:04:19'),(1478,'default','created','App\\Models\\PurchaseDetail',133,'App\\Models\\User',1,'{\"attributes\":{\"purchase_id\":23,\"product_id\":11,\"unitprice\":\"18.00\",\"quantity\":\"150.00\"}}','2022-05-17 10:04:19','2022-05-17 10:04:19'),(1479,'default','updated','App\\Models\\Stock',74,'App\\Models\\User',1,'{\"attributes\":{\"warehouse_id\":1,\"product_id\":11,\"alert\":\"0.00\",\"total\":150},\"old\":{\"warehouse_id\":1,\"product_id\":11,\"alert\":\"0.00\",\"total\":0}}','2022-05-17 10:04:19','2022-05-17 10:04:19'),(1480,'default','updated','App\\Models\\Product',11,'App\\Models\\User',1,'{\"attributes\":{\"category_id\":5,\"code\":\"908601349857\",\"en_name\":\"F11PRO ORI\",\"kh_name\":\"LCD OPPO\",\"description\":\"undefined\",\"image\":\"no image created\",\"sale_price\":20.5},\"old\":{\"category_id\":5,\"code\":\"908601349857\",\"en_name\":\"F11PRO ORI\",\"kh_name\":\"LCD OPPO\",\"description\":\"undefined\",\"image\":\"no image created\",\"sale_price\":21.5}}','2022-05-17 10:07:28','2022-05-17 10:07:28'),(1481,'default','updated','App\\Models\\Product',38,'App\\Models\\User',1,'{\"attributes\":{\"category_id\":5,\"code\":\"908601349884\",\"en_name\":\"A15 ORI\",\"kh_name\":\"LCD OPPO\",\"description\":\"undefined\",\"image\":\"no image created\",\"sale_price\":16.5},\"old\":{\"category_id\":5,\"code\":\"908601349884\",\"en_name\":\"A15 ORI\",\"kh_name\":\"LCD OPPO\",\"description\":\"undefined\",\"image\":\"no image created\",\"sale_price\":18.5}}','2022-05-17 10:07:55','2022-05-17 10:07:55'),(1482,'default','updated','App\\Models\\Product',24,'App\\Models\\User',1,'{\"attributes\":{\"category_id\":5,\"code\":\"908601349870\",\"en_name\":\"A5S ORI\",\"kh_name\":\"LCD OPPO\",\"description\":\"undefined\",\"image\":\"no image created\",\"sale_price\":16},\"old\":{\"category_id\":5,\"code\":\"908601349870\",\"en_name\":\"A5S ORI\",\"kh_name\":\"LCD OPPO\",\"description\":\"undefined\",\"image\":\"no image created\",\"sale_price\":19}}','2022-05-17 10:08:09','2022-05-17 10:08:09'),(1483,'default','created','App\\Models\\Order',80,'App\\Models\\User',1,'{\"attributes\":{\"warehouse_id\":1,\"customer_id\":7,\"user_id\":1,\"subtotal\":540,\"vat\":0,\"discount\":0,\"grandtotal\":540,\"kh_grandtotal\":null}}','2022-05-17 10:11:50','2022-05-17 10:11:50'),(1484,'default','updated','App\\Models\\Balance',19,'App\\Models\\User',1,'{\"attributes\":{\"remain\":\"11956.00\",\"income\":\"3183.00\",\"withdraw\":\"0.00\",\"balance\":\"15139.00\",\"balance_date\":\"2022-05-17\",\"warehouse_id\":1,\"user_id\":1},\"old\":{\"remain\":\"11956.00\",\"income\":\"2643.00\",\"withdraw\":\"0.00\",\"balance\":\"14599.00\",\"balance_date\":\"2022-05-17\",\"warehouse_id\":1,\"user_id\":1}}','2022-05-17 10:11:50','2022-05-17 10:11:50'),(1485,'default','created','App\\Models\\OrderDetail',505,'App\\Models\\User',1,'{\"attributes\":{\"order_id\":80,\"product_id\":24,\"sellprice\":16,\"quantity\":\"10.00\"}}','2022-05-17 10:11:50','2022-05-17 10:11:50'),(1486,'default','updated','App\\Models\\Stock',67,'App\\Models\\User',1,'{\"attributes\":{\"warehouse_id\":1,\"product_id\":24,\"alert\":\"0.00\",\"total\":0},\"old\":{\"warehouse_id\":1,\"product_id\":24,\"alert\":\"0.00\",\"total\":10}}','2022-05-17 10:11:50','2022-05-17 10:11:50'),(1487,'default','created','App\\Models\\OrderDetail',506,'App\\Models\\User',1,'{\"attributes\":{\"order_id\":80,\"product_id\":6,\"sellprice\":16,\"quantity\":\"10.00\"}}','2022-05-17 10:11:50','2022-05-17 10:11:50'),(1488,'default','updated','App\\Models\\Stock',72,'App\\Models\\User',1,'{\"attributes\":{\"warehouse_id\":1,\"product_id\":6,\"alert\":\"0.00\",\"total\":249},\"old\":{\"warehouse_id\":1,\"product_id\":6,\"alert\":\"0.00\",\"total\":259}}','2022-05-17 10:11:50','2022-05-17 10:11:50'),(1489,'default','created','App\\Models\\OrderDetail',507,'App\\Models\\User',1,'{\"attributes\":{\"order_id\":80,\"product_id\":2,\"sellprice\":11,\"quantity\":\"20.00\"}}','2022-05-17 10:11:50','2022-05-17 10:11:50'),(1490,'default','updated','App\\Models\\Stock',59,'App\\Models\\User',1,'{\"attributes\":{\"warehouse_id\":1,\"product_id\":2,\"alert\":\"0.00\",\"total\":130},\"old\":{\"warehouse_id\":1,\"product_id\":2,\"alert\":\"0.00\",\"total\":150}}','2022-05-17 10:11:50','2022-05-17 10:11:50'),(1491,'default','updated','App\\Models\\Product',38,'App\\Models\\User',1,'{\"attributes\":{\"category_id\":5,\"code\":\"908601349884\",\"en_name\":\"A15 ORI\",\"kh_name\":\"LCD OPPO\",\"description\":\"undefined\",\"image\":\"no image created\",\"sale_price\":16},\"old\":{\"category_id\":5,\"code\":\"908601349884\",\"en_name\":\"A15 ORI\",\"kh_name\":\"LCD OPPO\",\"description\":\"undefined\",\"image\":\"no image created\",\"sale_price\":16.5}}','2022-05-17 10:32:39','2022-05-17 10:32:39'),(1492,'default','created','App\\Models\\Order',81,'App\\Models\\User',1,'{\"attributes\":{\"warehouse_id\":1,\"customer_id\":13,\"user_id\":1,\"subtotal\":401,\"vat\":0,\"discount\":0,\"grandtotal\":401,\"kh_grandtotal\":null}}','2022-05-17 10:45:11','2022-05-17 10:45:11'),(1493,'default','updated','App\\Models\\Balance',19,'App\\Models\\User',1,'{\"attributes\":{\"remain\":\"11956.00\",\"income\":\"3584.00\",\"withdraw\":\"0.00\",\"balance\":\"15540.00\",\"balance_date\":\"2022-05-17\",\"warehouse_id\":1,\"user_id\":1},\"old\":{\"remain\":\"11956.00\",\"income\":\"3183.00\",\"withdraw\":\"0.00\",\"balance\":\"15139.00\",\"balance_date\":\"2022-05-17\",\"warehouse_id\":1,\"user_id\":1}}','2022-05-17 10:45:11','2022-05-17 10:45:11'),(1494,'default','created','App\\Models\\OrderDetail',508,'App\\Models\\User',1,'{\"attributes\":{\"order_id\":81,\"product_id\":16,\"sellprice\":41,\"quantity\":\"1.00\"}}','2022-05-17 10:45:11','2022-05-17 10:45:11'),(1495,'default','updated','App\\Models\\Stock',80,'App\\Models\\User',1,'{\"attributes\":{\"warehouse_id\":1,\"product_id\":16,\"alert\":\"0.00\",\"total\":34},\"old\":{\"warehouse_id\":1,\"product_id\":16,\"alert\":\"0.00\",\"total\":35}}','2022-05-17 10:45:11','2022-05-17 10:45:11'),(1496,'default','created','App\\Models\\OrderDetail',509,'App\\Models\\User',1,'{\"attributes\":{\"order_id\":81,\"product_id\":11,\"sellprice\":20,\"quantity\":\"10.00\"}}','2022-05-17 10:45:11','2022-05-17 10:45:11'),(1497,'default','updated','App\\Models\\Stock',74,'App\\Models\\User',1,'{\"attributes\":{\"warehouse_id\":1,\"product_id\":11,\"alert\":\"0.00\",\"total\":140},\"old\":{\"warehouse_id\":1,\"product_id\":11,\"alert\":\"0.00\",\"total\":150}}','2022-05-17 10:45:11','2022-05-17 10:45:11'),(1498,'default','created','App\\Models\\OrderDetail',510,'App\\Models\\User',1,'{\"attributes\":{\"order_id\":81,\"product_id\":38,\"sellprice\":16,\"quantity\":\"10.00\"}}','2022-05-17 10:45:11','2022-05-17 10:45:11'),(1499,'default','updated','App\\Models\\Stock',57,'App\\Models\\User',1,'{\"attributes\":{\"warehouse_id\":1,\"product_id\":38,\"alert\":\"0.00\",\"total\":190},\"old\":{\"warehouse_id\":1,\"product_id\":38,\"alert\":\"0.00\",\"total\":200}}','2022-05-17 10:45:11','2022-05-17 10:45:11'),(1500,'default','created','App\\Models\\Order',82,'App\\Models\\User',1,'{\"attributes\":{\"warehouse_id\":1,\"customer_id\":9,\"user_id\":1,\"subtotal\":1705,\"vat\":0,\"discount\":0,\"grandtotal\":1705,\"kh_grandtotal\":null}}','2022-05-17 11:30:26','2022-05-17 11:30:26'),(1501,'default','updated','App\\Models\\Balance',19,'App\\Models\\User',1,'{\"attributes\":{\"remain\":\"11956.00\",\"income\":\"5289.00\",\"withdraw\":\"0.00\",\"balance\":\"17245.00\",\"balance_date\":\"2022-05-17\",\"warehouse_id\":1,\"user_id\":1},\"old\":{\"remain\":\"11956.00\",\"income\":\"3584.00\",\"withdraw\":\"0.00\",\"balance\":\"15540.00\",\"balance_date\":\"2022-05-17\",\"warehouse_id\":1,\"user_id\":1}}','2022-05-17 11:30:26','2022-05-17 11:30:26'),(1502,'default','created','App\\Models\\OrderDetail',511,'App\\Models\\User',1,'{\"attributes\":{\"order_id\":82,\"product_id\":53,\"sellprice\":14,\"quantity\":\"30.00\"}}','2022-05-17 11:30:26','2022-05-17 11:30:26'),(1503,'default','updated','App\\Models\\Stock',95,'App\\Models\\User',1,'{\"attributes\":{\"warehouse_id\":1,\"product_id\":53,\"alert\":\"0.00\",\"total\":80},\"old\":{\"warehouse_id\":1,\"product_id\":53,\"alert\":\"0.00\",\"total\":110}}','2022-05-17 11:30:26','2022-05-17 11:30:26'),(1504,'default','created','App\\Models\\OrderDetail',512,'App\\Models\\User',1,'{\"attributes\":{\"order_id\":82,\"product_id\":44,\"sellprice\":59,\"quantity\":\"5.00\"}}','2022-05-17 11:30:26','2022-05-17 11:30:26'),(1505,'default','updated','App\\Models\\Stock',81,'App\\Models\\User',1,'{\"attributes\":{\"warehouse_id\":1,\"product_id\":44,\"alert\":\"0.00\",\"total\":13},\"old\":{\"warehouse_id\":1,\"product_id\":44,\"alert\":\"0.00\",\"total\":18}}','2022-05-17 11:30:26','2022-05-17 11:30:26'),(1506,'default','created','App\\Models\\OrderDetail',513,'App\\Models\\User',1,'{\"attributes\":{\"order_id\":82,\"product_id\":18,\"sellprice\":14.5,\"quantity\":\"10.00\"}}','2022-05-17 11:30:26','2022-05-17 11:30:26'),(1507,'default','updated','App\\Models\\Stock',52,'App\\Models\\User',1,'{\"attributes\":{\"warehouse_id\":1,\"product_id\":18,\"alert\":\"0.00\",\"total\":30},\"old\":{\"warehouse_id\":1,\"product_id\":18,\"alert\":\"0.00\",\"total\":40}}','2022-05-17 11:30:26','2022-05-17 11:30:26'),(1508,'default','created','App\\Models\\OrderDetail',514,'App\\Models\\User',1,'{\"attributes\":{\"order_id\":82,\"product_id\":37,\"sellprice\":21.5,\"quantity\":\"10.00\"}}','2022-05-17 11:30:26','2022-05-17 11:30:26'),(1509,'default','updated','App\\Models\\Stock',65,'App\\Models\\User',1,'{\"attributes\":{\"warehouse_id\":1,\"product_id\":37,\"alert\":\"0.00\",\"total\":95},\"old\":{\"warehouse_id\":1,\"product_id\":37,\"alert\":\"0.00\",\"total\":105}}','2022-05-17 11:30:26','2022-05-17 11:30:26'),(1510,'default','created','App\\Models\\OrderDetail',515,'App\\Models\\User',1,'{\"attributes\":{\"order_id\":82,\"product_id\":26,\"sellprice\":15.5,\"quantity\":\"20.00\"}}','2022-05-17 11:30:26','2022-05-17 11:30:26'),(1511,'default','updated','App\\Models\\Stock',84,'App\\Models\\User',1,'{\"attributes\":{\"warehouse_id\":1,\"product_id\":26,\"alert\":\"0.00\",\"total\":160},\"old\":{\"warehouse_id\":1,\"product_id\":26,\"alert\":\"0.00\",\"total\":180}}','2022-05-17 11:30:26','2022-05-17 11:30:26'),(1512,'default','created','App\\Models\\OrderDetail',516,'App\\Models\\User',1,'{\"attributes\":{\"order_id\":82,\"product_id\":6,\"sellprice\":16,\"quantity\":\"20.00\"}}','2022-05-17 11:30:26','2022-05-17 11:30:26'),(1513,'default','updated','App\\Models\\Stock',72,'App\\Models\\User',1,'{\"attributes\":{\"warehouse_id\":1,\"product_id\":6,\"alert\":\"0.00\",\"total\":229},\"old\":{\"warehouse_id\":1,\"product_id\":6,\"alert\":\"0.00\",\"total\":249}}','2022-05-17 11:30:26','2022-05-17 11:30:26'),(1514,'default','created','App\\Models\\Balance',20,'App\\Models\\User',1,'{\"attributes\":{\"remain\":\"17245.00\",\"income\":\"0.00\",\"withdraw\":\"0.00\",\"balance\":\"17245.00\",\"balance_date\":\"2022-05-18\",\"warehouse_id\":1,\"user_id\":1}}','2022-05-18 07:04:38','2022-05-18 07:04:38'),(1515,'default','created','App\\Models\\Order',83,'App\\Models\\User',1,'{\"attributes\":{\"warehouse_id\":1,\"customer_id\":12,\"user_id\":1,\"subtotal\":377.5,\"vat\":0,\"discount\":0,\"grandtotal\":377.5,\"kh_grandtotal\":null}}','2022-05-18 07:05:46','2022-05-18 07:05:46'),(1516,'default','updated','App\\Models\\Balance',20,'App\\Models\\User',1,'{\"attributes\":{\"remain\":\"17245.00\",\"income\":\"377.50\",\"withdraw\":\"0.00\",\"balance\":\"17622.50\",\"balance_date\":\"2022-05-18\",\"warehouse_id\":1,\"user_id\":1},\"old\":{\"remain\":\"17245.00\",\"income\":\"0.00\",\"withdraw\":\"0.00\",\"balance\":\"17245.00\",\"balance_date\":\"2022-05-18\",\"warehouse_id\":1,\"user_id\":1}}','2022-05-18 07:05:46','2022-05-18 07:05:46'),(1517,'default','created','App\\Models\\OrderDetail',517,'App\\Models\\User',1,'{\"attributes\":{\"order_id\":83,\"product_id\":8,\"sellprice\":14,\"quantity\":\"5.00\"}}','2022-05-18 07:05:46','2022-05-18 07:05:46'),(1518,'default','updated','App\\Models\\Stock',83,'App\\Models\\User',1,'{\"attributes\":{\"warehouse_id\":1,\"product_id\":8,\"alert\":\"0.00\",\"total\":312},\"old\":{\"warehouse_id\":1,\"product_id\":8,\"alert\":\"0.00\",\"total\":317}}','2022-05-18 07:05:46','2022-05-18 07:05:46'),(1519,'default','created','App\\Models\\OrderDetail',518,'App\\Models\\User',1,'{\"attributes\":{\"order_id\":83,\"product_id\":11,\"sellprice\":20.5,\"quantity\":\"5.00\"}}','2022-05-18 07:05:46','2022-05-18 07:05:46'),(1520,'default','updated','App\\Models\\Stock',74,'App\\Models\\User',1,'{\"attributes\":{\"warehouse_id\":1,\"product_id\":11,\"alert\":\"0.00\",\"total\":135},\"old\":{\"warehouse_id\":1,\"product_id\":11,\"alert\":\"0.00\",\"total\":140}}','2022-05-18 07:05:46','2022-05-18 07:05:46'),(1521,'default','created','App\\Models\\OrderDetail',519,'App\\Models\\User',1,'{\"attributes\":{\"order_id\":83,\"product_id\":6,\"sellprice\":16,\"quantity\":\"5.00\"}}','2022-05-18 07:05:46','2022-05-18 07:05:46'),(1522,'default','updated','App\\Models\\Stock',72,'App\\Models\\User',1,'{\"attributes\":{\"warehouse_id\":1,\"product_id\":6,\"alert\":\"0.00\",\"total\":224},\"old\":{\"warehouse_id\":1,\"product_id\":6,\"alert\":\"0.00\",\"total\":229}}','2022-05-18 07:05:46','2022-05-18 07:05:46'),(1523,'default','created','App\\Models\\OrderDetail',520,'App\\Models\\User',1,'{\"attributes\":{\"order_id\":83,\"product_id\":9,\"sellprice\":12.5,\"quantity\":\"10.00\"}}','2022-05-18 07:05:46','2022-05-18 07:05:46'),(1524,'default','updated','App\\Models\\Stock',90,'App\\Models\\User',1,'{\"attributes\":{\"warehouse_id\":1,\"product_id\":9,\"alert\":\"0.00\",\"total\":159},\"old\":{\"warehouse_id\":1,\"product_id\":9,\"alert\":\"0.00\",\"total\":169}}','2022-05-18 07:05:46','2022-05-18 07:05:46'),(1525,'default','created','App\\Models\\Order',84,'App\\Models\\User',1,'{\"attributes\":{\"warehouse_id\":1,\"customer_id\":4,\"user_id\":1,\"subtotal\":176,\"vat\":0,\"discount\":0,\"grandtotal\":176,\"kh_grandtotal\":null}}','2022-05-18 09:48:36','2022-05-18 09:48:36'),(1526,'default','updated','App\\Models\\Balance',20,'App\\Models\\User',1,'{\"attributes\":{\"remain\":\"17245.00\",\"income\":\"553.50\",\"withdraw\":\"0.00\",\"balance\":\"17798.50\",\"balance_date\":\"2022-05-18\",\"warehouse_id\":1,\"user_id\":1},\"old\":{\"remain\":\"17245.00\",\"income\":\"377.50\",\"withdraw\":\"0.00\",\"balance\":\"17622.50\",\"balance_date\":\"2022-05-18\",\"warehouse_id\":1,\"user_id\":1}}','2022-05-18 09:48:36','2022-05-18 09:48:36'),(1527,'default','created','App\\Models\\OrderDetail',521,'App\\Models\\User',1,'{\"attributes\":{\"order_id\":84,\"product_id\":15,\"sellprice\":15.5,\"quantity\":\"2.00\"}}','2022-05-18 09:48:36','2022-05-18 09:48:36'),(1528,'default','updated','App\\Models\\Stock',68,'App\\Models\\User',1,'{\"attributes\":{\"warehouse_id\":1,\"product_id\":15,\"alert\":\"0.00\",\"total\":50},\"old\":{\"warehouse_id\":1,\"product_id\":15,\"alert\":\"0.00\",\"total\":52}}','2022-05-18 09:48:36','2022-05-18 09:48:36'),(1529,'default','created','App\\Models\\OrderDetail',522,'App\\Models\\User',1,'{\"attributes\":{\"order_id\":84,\"product_id\":2,\"sellprice\":11,\"quantity\":\"5.00\"}}','2022-05-18 09:48:36','2022-05-18 09:48:36'),(1530,'default','updated','App\\Models\\Stock',59,'App\\Models\\User',1,'{\"attributes\":{\"warehouse_id\":1,\"product_id\":2,\"alert\":\"0.00\",\"total\":125},\"old\":{\"warehouse_id\":1,\"product_id\":2,\"alert\":\"0.00\",\"total\":130}}','2022-05-18 09:48:36','2022-05-18 09:48:36'),(1531,'default','created','App\\Models\\OrderDetail',523,'App\\Models\\User',1,'{\"attributes\":{\"order_id\":84,\"product_id\":28,\"sellprice\":18,\"quantity\":\"5.00\"}}','2022-05-18 09:48:36','2022-05-18 09:48:36'),(1532,'default','updated','App\\Models\\Stock',73,'App\\Models\\User',1,'{\"attributes\":{\"warehouse_id\":1,\"product_id\":28,\"alert\":\"0.00\",\"total\":107},\"old\":{\"warehouse_id\":1,\"product_id\":28,\"alert\":\"0.00\",\"total\":112}}','2022-05-18 09:48:36','2022-05-18 09:48:36'),(1533,'default','created','App\\Models\\Order',85,'App\\Models\\User',1,'{\"attributes\":{\"warehouse_id\":1,\"customer_id\":4,\"user_id\":1,\"subtotal\":203,\"vat\":0,\"discount\":0,\"grandtotal\":203,\"kh_grandtotal\":null}}','2022-05-18 09:51:10','2022-05-18 09:51:10'),(1534,'default','updated','App\\Models\\Balance',20,'App\\Models\\User',1,'{\"attributes\":{\"remain\":\"17245.00\",\"income\":\"756.50\",\"withdraw\":\"0.00\",\"balance\":\"18001.50\",\"balance_date\":\"2022-05-18\",\"warehouse_id\":1,\"user_id\":1},\"old\":{\"remain\":\"17245.00\",\"income\":\"553.50\",\"withdraw\":\"0.00\",\"balance\":\"17798.50\",\"balance_date\":\"2022-05-18\",\"warehouse_id\":1,\"user_id\":1}}','2022-05-18 09:51:10','2022-05-18 09:51:10'),(1535,'default','created','App\\Models\\OrderDetail',524,'App\\Models\\User',1,'{\"attributes\":{\"order_id\":85,\"product_id\":27,\"sellprice\":18,\"quantity\":\"2.00\"}}','2022-05-18 09:51:10','2022-05-18 09:51:10'),(1536,'default','updated','App\\Models\\Stock',63,'App\\Models\\User',1,'{\"attributes\":{\"warehouse_id\":1,\"product_id\":27,\"alert\":\"0.00\",\"total\":183},\"old\":{\"warehouse_id\":1,\"product_id\":27,\"alert\":\"0.00\",\"total\":185}}','2022-05-18 09:51:10','2022-05-18 09:51:10'),(1537,'default','created','App\\Models\\OrderDetail',525,'App\\Models\\User',1,'{\"attributes\":{\"order_id\":85,\"product_id\":32,\"sellprice\":14,\"quantity\":\"3.00\"}}','2022-05-18 09:51:10','2022-05-18 09:51:10'),(1538,'default','updated','App\\Models\\Stock',71,'App\\Models\\User',1,'{\"attributes\":{\"warehouse_id\":1,\"product_id\":32,\"alert\":\"0.00\",\"total\":434},\"old\":{\"warehouse_id\":1,\"product_id\":32,\"alert\":\"0.00\",\"total\":437}}','2022-05-18 09:51:10','2022-05-18 09:51:10'),(1539,'default','created','App\\Models\\OrderDetail',526,'App\\Models\\User',1,'{\"attributes\":{\"order_id\":85,\"product_id\":28,\"sellprice\":18,\"quantity\":\"2.00\"}}','2022-05-18 09:51:10','2022-05-18 09:51:10'),(1540,'default','updated','App\\Models\\Stock',73,'App\\Models\\User',1,'{\"attributes\":{\"warehouse_id\":1,\"product_id\":28,\"alert\":\"0.00\",\"total\":105},\"old\":{\"warehouse_id\":1,\"product_id\":28,\"alert\":\"0.00\",\"total\":107}}','2022-05-18 09:51:10','2022-05-18 09:51:10'),(1541,'default','created','App\\Models\\OrderDetail',527,'App\\Models\\User',1,'{\"attributes\":{\"order_id\":85,\"product_id\":7,\"sellprice\":14,\"quantity\":\"2.00\"}}','2022-05-18 09:51:10','2022-05-18 09:51:10'),(1542,'default','updated','App\\Models\\Stock',82,'App\\Models\\User',1,'{\"attributes\":{\"warehouse_id\":1,\"product_id\":7,\"alert\":\"0.00\",\"total\":225},\"old\":{\"warehouse_id\":1,\"product_id\":7,\"alert\":\"0.00\",\"total\":227}}','2022-05-18 09:51:10','2022-05-18 09:51:10'),(1543,'default','created','App\\Models\\OrderDetail',528,'App\\Models\\User',1,'{\"attributes\":{\"order_id\":85,\"product_id\":4,\"sellprice\":14.5,\"quantity\":\"2.00\"}}','2022-05-18 09:51:10','2022-05-18 09:51:10'),(1544,'default','updated','App\\Models\\Stock',56,'App\\Models\\User',1,'{\"attributes\":{\"warehouse_id\":1,\"product_id\":4,\"alert\":\"0.00\",\"total\":208},\"old\":{\"warehouse_id\":1,\"product_id\":4,\"alert\":\"0.00\",\"total\":210}}','2022-05-18 09:51:10','2022-05-18 09:51:10'),(1545,'default','created','App\\Models\\OrderDetail',529,'App\\Models\\User',1,'{\"attributes\":{\"order_id\":85,\"product_id\":51,\"sellprice\":16,\"quantity\":\"2.00\"}}','2022-05-18 09:51:10','2022-05-18 09:51:10'),(1546,'default','updated','App\\Models\\Stock',61,'App\\Models\\User',1,'{\"attributes\":{\"warehouse_id\":1,\"product_id\":51,\"alert\":\"0.00\",\"total\":101},\"old\":{\"warehouse_id\":1,\"product_id\":51,\"alert\":\"0.00\",\"total\":103}}','2022-05-18 09:51:10','2022-05-18 09:51:10'),(1547,'default','created','App\\Models\\Order',86,'App\\Models\\User',1,'{\"attributes\":{\"warehouse_id\":1,\"customer_id\":2,\"user_id\":1,\"subtotal\":3530,\"vat\":0,\"discount\":0,\"grandtotal\":3530,\"kh_grandtotal\":null}}','2022-05-18 10:48:43','2022-05-18 10:48:43'),(1548,'default','updated','App\\Models\\Balance',20,'App\\Models\\User',1,'{\"attributes\":{\"remain\":\"17245.00\",\"income\":\"4286.50\",\"withdraw\":\"0.00\",\"balance\":\"21531.50\",\"balance_date\":\"2022-05-18\",\"warehouse_id\":1,\"user_id\":1},\"old\":{\"remain\":\"17245.00\",\"income\":\"756.50\",\"withdraw\":\"0.00\",\"balance\":\"18001.50\",\"balance_date\":\"2022-05-18\",\"warehouse_id\":1,\"user_id\":1}}','2022-05-18 10:48:43','2022-05-18 10:48:43'),(1549,'default','created','App\\Models\\OrderDetail',530,'App\\Models\\User',1,'{\"attributes\":{\"order_id\":86,\"product_id\":7,\"sellprice\":14,\"quantity\":\"20.00\"}}','2022-05-18 10:48:43','2022-05-18 10:48:43'),(1550,'default','updated','App\\Models\\Stock',82,'App\\Models\\User',1,'{\"attributes\":{\"warehouse_id\":1,\"product_id\":7,\"alert\":\"0.00\",\"total\":205},\"old\":{\"warehouse_id\":1,\"product_id\":7,\"alert\":\"0.00\",\"total\":225}}','2022-05-18 10:48:43','2022-05-18 10:48:43'),(1551,'default','created','App\\Models\\OrderDetail',531,'App\\Models\\User',1,'{\"attributes\":{\"order_id\":86,\"product_id\":26,\"sellprice\":15.5,\"quantity\":\"30.00\"}}','2022-05-18 10:48:43','2022-05-18 10:48:43'),(1552,'default','updated','App\\Models\\Stock',84,'App\\Models\\User',1,'{\"attributes\":{\"warehouse_id\":1,\"product_id\":26,\"alert\":\"0.00\",\"total\":130},\"old\":{\"warehouse_id\":1,\"product_id\":26,\"alert\":\"0.00\",\"total\":160}}','2022-05-18 10:48:43','2022-05-18 10:48:43'),(1553,'default','created','App\\Models\\OrderDetail',532,'App\\Models\\User',1,'{\"attributes\":{\"order_id\":86,\"product_id\":6,\"sellprice\":16,\"quantity\":\"30.00\"}}','2022-05-18 10:48:43','2022-05-18 10:48:43'),(1554,'default','updated','App\\Models\\Stock',72,'App\\Models\\User',1,'{\"attributes\":{\"warehouse_id\":1,\"product_id\":6,\"alert\":\"0.00\",\"total\":194},\"old\":{\"warehouse_id\":1,\"product_id\":6,\"alert\":\"0.00\",\"total\":224}}','2022-05-18 10:48:43','2022-05-18 10:48:43'),(1555,'default','created','App\\Models\\OrderDetail',533,'App\\Models\\User',1,'{\"attributes\":{\"order_id\":86,\"product_id\":51,\"sellprice\":16,\"quantity\":\"30.00\"}}','2022-05-18 10:48:43','2022-05-18 10:48:43'),(1556,'default','updated','App\\Models\\Stock',61,'App\\Models\\User',1,'{\"attributes\":{\"warehouse_id\":1,\"product_id\":51,\"alert\":\"0.00\",\"total\":71},\"old\":{\"warehouse_id\":1,\"product_id\":51,\"alert\":\"0.00\",\"total\":101}}','2022-05-18 10:48:43','2022-05-18 10:48:43'),(1557,'default','created','App\\Models\\OrderDetail',534,'App\\Models\\User',1,'{\"attributes\":{\"order_id\":86,\"product_id\":11,\"sellprice\":20.5,\"quantity\":\"50.00\"}}','2022-05-18 10:48:43','2022-05-18 10:48:43'),(1558,'default','updated','App\\Models\\Stock',74,'App\\Models\\User',1,'{\"attributes\":{\"warehouse_id\":1,\"product_id\":11,\"alert\":\"0.00\",\"total\":85},\"old\":{\"warehouse_id\":1,\"product_id\":11,\"alert\":\"0.00\",\"total\":135}}','2022-05-18 10:48:43','2022-05-18 10:48:43'),(1559,'default','created','App\\Models\\OrderDetail',535,'App\\Models\\User',1,'{\"attributes\":{\"order_id\":86,\"product_id\":38,\"sellprice\":16,\"quantity\":\"50.00\"}}','2022-05-18 10:48:43','2022-05-18 10:48:43'),(1560,'default','updated','App\\Models\\Stock',57,'App\\Models\\User',1,'{\"attributes\":{\"warehouse_id\":1,\"product_id\":38,\"alert\":\"0.00\",\"total\":140},\"old\":{\"warehouse_id\":1,\"product_id\":38,\"alert\":\"0.00\",\"total\":190}}','2022-05-18 10:48:43','2022-05-18 10:48:43'),(1561,'default','created','App\\Models\\Order',87,'App\\Models\\User',1,'{\"attributes\":{\"warehouse_id\":1,\"customer_id\":2,\"user_id\":1,\"subtotal\":4215,\"vat\":0,\"discount\":0,\"grandtotal\":4215,\"kh_grandtotal\":null}}','2022-05-18 10:52:05','2022-05-18 10:52:05'),(1562,'default','updated','App\\Models\\Balance',20,'App\\Models\\User',1,'{\"attributes\":{\"remain\":\"17245.00\",\"income\":\"8501.50\",\"withdraw\":\"0.00\",\"balance\":\"25746.50\",\"balance_date\":\"2022-05-18\",\"warehouse_id\":1,\"user_id\":1},\"old\":{\"remain\":\"17245.00\",\"income\":\"4286.50\",\"withdraw\":\"0.00\",\"balance\":\"21531.50\",\"balance_date\":\"2022-05-18\",\"warehouse_id\":1,\"user_id\":1}}','2022-05-18 10:52:05','2022-05-18 10:52:05'),(1563,'default','created','App\\Models\\OrderDetail',536,'App\\Models\\User',1,'{\"attributes\":{\"order_id\":87,\"product_id\":42,\"sellprice\":22,\"quantity\":\"10.00\"}}','2022-05-18 10:52:05','2022-05-18 10:52:05'),(1564,'default','updated','App\\Models\\Stock',78,'App\\Models\\User',1,'{\"attributes\":{\"warehouse_id\":1,\"product_id\":42,\"alert\":\"0.00\",\"total\":7},\"old\":{\"warehouse_id\":1,\"product_id\":42,\"alert\":\"0.00\",\"total\":17}}','2022-05-18 10:52:05','2022-05-18 10:52:05'),(1565,'default','created','App\\Models\\OrderDetail',537,'App\\Models\\User',1,'{\"attributes\":{\"order_id\":87,\"product_id\":33,\"sellprice\":23,\"quantity\":\"10.00\"}}','2022-05-18 10:52:05','2022-05-18 10:52:05'),(1566,'default','updated','App\\Models\\Stock',87,'App\\Models\\User',1,'{\"attributes\":{\"warehouse_id\":1,\"product_id\":33,\"alert\":\"0.00\",\"total\":90},\"old\":{\"warehouse_id\":1,\"product_id\":33,\"alert\":\"0.00\",\"total\":100}}','2022-05-18 10:52:05','2022-05-18 10:52:05'),(1567,'default','created','App\\Models\\OrderDetail',538,'App\\Models\\User',1,'{\"attributes\":{\"order_id\":87,\"product_id\":47,\"sellprice\":17,\"quantity\":\"10.00\"}}','2022-05-18 10:52:05','2022-05-18 10:52:05'),(1568,'default','updated','App\\Models\\Stock',86,'App\\Models\\User',1,'{\"attributes\":{\"warehouse_id\":1,\"product_id\":47,\"alert\":\"0.00\",\"total\":47},\"old\":{\"warehouse_id\":1,\"product_id\":47,\"alert\":\"0.00\",\"total\":57}}','2022-05-18 10:52:05','2022-05-18 10:52:05'),(1569,'default','created','App\\Models\\OrderDetail',539,'App\\Models\\User',1,'{\"attributes\":{\"order_id\":87,\"product_id\":27,\"sellprice\":18,\"quantity\":\"10.00\"}}','2022-05-18 10:52:05','2022-05-18 10:52:05'),(1570,'default','updated','App\\Models\\Stock',63,'App\\Models\\User',1,'{\"attributes\":{\"warehouse_id\":1,\"product_id\":27,\"alert\":\"0.00\",\"total\":173},\"old\":{\"warehouse_id\":1,\"product_id\":27,\"alert\":\"0.00\",\"total\":183}}','2022-05-18 10:52:05','2022-05-18 10:52:05'),(1571,'default','created','App\\Models\\OrderDetail',540,'App\\Models\\User',1,'{\"attributes\":{\"order_id\":87,\"product_id\":37,\"sellprice\":21.5,\"quantity\":\"10.00\"}}','2022-05-18 10:52:05','2022-05-18 10:52:05'),(1572,'default','updated','App\\Models\\Stock',65,'App\\Models\\User',1,'{\"attributes\":{\"warehouse_id\":1,\"product_id\":37,\"alert\":\"0.00\",\"total\":85},\"old\":{\"warehouse_id\":1,\"product_id\":37,\"alert\":\"0.00\",\"total\":95}}','2022-05-18 10:52:05','2022-05-18 10:52:05'),(1573,'default','created','App\\Models\\OrderDetail',541,'App\\Models\\User',1,'{\"attributes\":{\"order_id\":87,\"product_id\":11,\"sellprice\":20.5,\"quantity\":\"10.00\"}}','2022-05-18 10:52:05','2022-05-18 10:52:05'),(1574,'default','updated','App\\Models\\Stock',74,'App\\Models\\User',1,'{\"attributes\":{\"warehouse_id\":1,\"product_id\":11,\"alert\":\"0.00\",\"total\":75},\"old\":{\"warehouse_id\":1,\"product_id\":11,\"alert\":\"0.00\",\"total\":85}}','2022-05-18 10:52:05','2022-05-18 10:52:05'),(1575,'default','created','App\\Models\\OrderDetail',542,'App\\Models\\User',1,'{\"attributes\":{\"order_id\":87,\"product_id\":46,\"sellprice\":17,\"quantity\":\"20.00\"}}','2022-05-18 10:52:05','2022-05-18 10:52:05'),(1576,'default','updated','App\\Models\\Stock',70,'App\\Models\\User',1,'{\"attributes\":{\"warehouse_id\":1,\"product_id\":46,\"alert\":\"0.00\",\"total\":7},\"old\":{\"warehouse_id\":1,\"product_id\":46,\"alert\":\"0.00\",\"total\":27}}','2022-05-18 10:52:05','2022-05-18 10:52:05'),(1577,'default','created','App\\Models\\OrderDetail',543,'App\\Models\\User',1,'{\"attributes\":{\"order_id\":87,\"product_id\":4,\"sellprice\":14.5,\"quantity\":\"20.00\"}}','2022-05-18 10:52:05','2022-05-18 10:52:05'),(1578,'default','updated','App\\Models\\Stock',56,'App\\Models\\User',1,'{\"attributes\":{\"warehouse_id\":1,\"product_id\":4,\"alert\":\"0.00\",\"total\":188},\"old\":{\"warehouse_id\":1,\"product_id\":4,\"alert\":\"0.00\",\"total\":208}}','2022-05-18 10:52:05','2022-05-18 10:52:05'),(1579,'default','created','App\\Models\\OrderDetail',544,'App\\Models\\User',1,'{\"attributes\":{\"order_id\":87,\"product_id\":32,\"sellprice\":14,\"quantity\":\"20.00\"}}','2022-05-18 10:52:05','2022-05-18 10:52:05'),(1580,'default','updated','App\\Models\\Stock',71,'App\\Models\\User',1,'{\"attributes\":{\"warehouse_id\":1,\"product_id\":32,\"alert\":\"0.00\",\"total\":414},\"old\":{\"warehouse_id\":1,\"product_id\":32,\"alert\":\"0.00\",\"total\":434}}','2022-05-18 10:52:05','2022-05-18 10:52:05'),(1581,'default','created','App\\Models\\OrderDetail',545,'App\\Models\\User',1,'{\"attributes\":{\"order_id\":87,\"product_id\":9,\"sellprice\":12.5,\"quantity\":\"30.00\"}}','2022-05-18 10:52:05','2022-05-18 10:52:05'),(1582,'default','updated','App\\Models\\Stock',90,'App\\Models\\User',1,'{\"attributes\":{\"warehouse_id\":1,\"product_id\":9,\"alert\":\"0.00\",\"total\":129},\"old\":{\"warehouse_id\":1,\"product_id\":9,\"alert\":\"0.00\",\"total\":159}}','2022-05-18 10:52:05','2022-05-18 10:52:05'),(1583,'default','created','App\\Models\\OrderDetail',546,'App\\Models\\User',1,'{\"attributes\":{\"order_id\":87,\"product_id\":3,\"sellprice\":13,\"quantity\":\"30.00\"}}','2022-05-18 10:52:05','2022-05-18 10:52:05'),(1584,'default','updated','App\\Models\\Stock',66,'App\\Models\\User',1,'{\"attributes\":{\"warehouse_id\":1,\"product_id\":3,\"alert\":\"0.00\",\"total\":55},\"old\":{\"warehouse_id\":1,\"product_id\":3,\"alert\":\"0.00\",\"total\":85}}','2022-05-18 10:52:05','2022-05-18 10:52:05'),(1585,'default','created','App\\Models\\OrderDetail',547,'App\\Models\\User',1,'{\"attributes\":{\"order_id\":87,\"product_id\":8,\"sellprice\":14,\"quantity\":\"30.00\"}}','2022-05-18 10:52:05','2022-05-18 10:52:05'),(1586,'default','updated','App\\Models\\Stock',83,'App\\Models\\User',1,'{\"attributes\":{\"warehouse_id\":1,\"product_id\":8,\"alert\":\"0.00\",\"total\":282},\"old\":{\"warehouse_id\":1,\"product_id\":8,\"alert\":\"0.00\",\"total\":312}}','2022-05-18 10:52:05','2022-05-18 10:52:05'),(1587,'default','created','App\\Models\\OrderDetail',548,'App\\Models\\User',1,'{\"attributes\":{\"order_id\":87,\"product_id\":7,\"sellprice\":14,\"quantity\":\"30.00\"}}','2022-05-18 10:52:05','2022-05-18 10:52:05'),(1588,'default','updated','App\\Models\\Stock',82,'App\\Models\\User',1,'{\"attributes\":{\"warehouse_id\":1,\"product_id\":7,\"alert\":\"0.00\",\"total\":175},\"old\":{\"warehouse_id\":1,\"product_id\":7,\"alert\":\"0.00\",\"total\":205}}','2022-05-18 10:52:05','2022-05-18 10:52:05'),(1589,'default','created','App\\Models\\OrderDetail',549,'App\\Models\\User',1,'{\"attributes\":{\"order_id\":87,\"product_id\":51,\"sellprice\":16,\"quantity\":\"30.00\"}}','2022-05-18 10:52:05','2022-05-18 10:52:05'),(1590,'default','updated','App\\Models\\Stock',61,'App\\Models\\User',1,'{\"attributes\":{\"warehouse_id\":1,\"product_id\":51,\"alert\":\"0.00\",\"total\":41},\"old\":{\"warehouse_id\":1,\"product_id\":51,\"alert\":\"0.00\",\"total\":71}}','2022-05-18 10:52:05','2022-05-18 10:52:05'),(1591,'default','created','App\\Models\\Order',88,'App\\Models\\User',1,'{\"attributes\":{\"warehouse_id\":1,\"customer_id\":7,\"user_id\":1,\"subtotal\":642.5,\"vat\":0,\"discount\":0,\"grandtotal\":642.5,\"kh_grandtotal\":null}}','2022-05-18 11:29:39','2022-05-18 11:29:39'),(1592,'default','updated','App\\Models\\Balance',20,'App\\Models\\User',1,'{\"attributes\":{\"remain\":\"17245.00\",\"income\":\"9144.00\",\"withdraw\":\"0.00\",\"balance\":\"26389.00\",\"balance_date\":\"2022-05-18\",\"warehouse_id\":1,\"user_id\":1},\"old\":{\"remain\":\"17245.00\",\"income\":\"8501.50\",\"withdraw\":\"0.00\",\"balance\":\"25746.50\",\"balance_date\":\"2022-05-18\",\"warehouse_id\":1,\"user_id\":1}}','2022-05-18 11:29:39','2022-05-18 11:29:39'),(1593,'default','created','App\\Models\\OrderDetail',550,'App\\Models\\User',1,'{\"attributes\":{\"order_id\":88,\"product_id\":58,\"sellprice\":17.5,\"quantity\":\"2.00\"}}','2022-05-18 11:29:39','2022-05-18 11:29:39'),(1594,'default','updated','App\\Models\\Stock',96,'App\\Models\\User',1,'{\"attributes\":{\"warehouse_id\":1,\"product_id\":58,\"alert\":\"0.00\",\"total\":15},\"old\":{\"warehouse_id\":1,\"product_id\":58,\"alert\":\"0.00\",\"total\":17}}','2022-05-18 11:29:39','2022-05-18 11:29:39'),(1595,'default','created','App\\Models\\OrderDetail',551,'App\\Models\\User',1,'{\"attributes\":{\"order_id\":88,\"product_id\":13,\"sellprice\":18.5,\"quantity\":\"5.00\"}}','2022-05-18 11:29:40','2022-05-18 11:29:40'),(1596,'default','updated','App\\Models\\Stock',79,'App\\Models\\User',1,'{\"attributes\":{\"warehouse_id\":1,\"product_id\":13,\"alert\":\"0.00\",\"total\":75},\"old\":{\"warehouse_id\":1,\"product_id\":13,\"alert\":\"0.00\",\"total\":80}}','2022-05-18 11:29:40','2022-05-18 11:29:40'),(1597,'default','created','App\\Models\\OrderDetail',552,'App\\Models\\User',1,'{\"attributes\":{\"order_id\":88,\"product_id\":11,\"sellprice\":20.5,\"quantity\":\"10.00\"}}','2022-05-18 11:29:40','2022-05-18 11:29:40'),(1598,'default','updated','App\\Models\\Stock',74,'App\\Models\\User',1,'{\"attributes\":{\"warehouse_id\":1,\"product_id\":11,\"alert\":\"0.00\",\"total\":65},\"old\":{\"warehouse_id\":1,\"product_id\":11,\"alert\":\"0.00\",\"total\":75}}','2022-05-18 11:29:40','2022-05-18 11:29:40'),(1599,'default','created','App\\Models\\OrderDetail',553,'App\\Models\\User',1,'{\"attributes\":{\"order_id\":88,\"product_id\":26,\"sellprice\":15.5,\"quantity\":\"20.00\"}}','2022-05-18 11:29:40','2022-05-18 11:29:40'),(1600,'default','updated','App\\Models\\Stock',84,'App\\Models\\User',1,'{\"attributes\":{\"warehouse_id\":1,\"product_id\":26,\"alert\":\"0.00\",\"total\":110},\"old\":{\"warehouse_id\":1,\"product_id\":26,\"alert\":\"0.00\",\"total\":130}}','2022-05-18 11:29:40','2022-05-18 11:29:40'),(1601,'default','created','App\\Models\\Purchase',24,'App\\Models\\User',1,'{\"attributes\":{\"warehouse_id\":1,\"supplier_id\":1,\"user_id\":1,\"batch\":\"20220519_v19__58_1652965139720\",\"subtotal\":3960,\"vat\":0,\"grandtotal\":3960}}','2022-05-19 12:59:59','2022-05-19 12:59:59'),(1602,'default','created','App\\Models\\PurchaseDetail',134,'App\\Models\\User',1,'{\"attributes\":{\"purchase_id\":24,\"product_id\":1,\"unitprice\":\"11.00\",\"quantity\":\"360.00\"}}','2022-05-19 12:59:59','2022-05-19 12:59:59'),(1603,'default','updated','App\\Models\\Stock',60,'App\\Models\\User',1,'{\"attributes\":{\"warehouse_id\":1,\"product_id\":1,\"alert\":\"0.00\",\"total\":360},\"old\":{\"warehouse_id\":1,\"product_id\":1,\"alert\":\"0.00\",\"total\":0}}','2022-05-19 12:59:59','2022-05-19 12:59:59'),(1604,'default','updated','App\\Models\\Product',1,'App\\Models\\User',1,'{\"attributes\":{\"category_id\":5,\"code\":\"316466814841\",\"en_name\":\"A3S\",\"kh_name\":\"LCD OPPO\",\"description\":\"undefined\",\"image\":\"1651156393.jpg\",\"sale_price\":13},\"old\":{\"category_id\":5,\"code\":\"316466814841\",\"en_name\":\"A3S\",\"kh_name\":\"LCD OPPO\",\"description\":\"undefined\",\"image\":\"1651156393.jpg\",\"sale_price\":13.5}}','2022-05-19 13:00:31','2022-05-19 13:00:31'),(1605,'default','created','App\\Models\\Balance',21,'App\\Models\\User',1,'{\"attributes\":{\"remain\":\"26389.00\",\"income\":\"0.00\",\"withdraw\":\"0.00\",\"balance\":\"26389.00\",\"balance_date\":\"2022-05-20\",\"warehouse_id\":1,\"user_id\":1}}','2022-05-20 07:45:42','2022-05-20 07:45:42'),(1606,'default','created','App\\Models\\Order',89,'App\\Models\\User',1,'{\"attributes\":{\"warehouse_id\":1,\"customer_id\":15,\"user_id\":1,\"subtotal\":1222.5,\"vat\":0,\"discount\":0,\"grandtotal\":1222.5,\"kh_grandtotal\":null}}','2022-05-20 07:48:37','2022-05-20 07:48:37'),(1607,'default','updated','App\\Models\\Balance',21,'App\\Models\\User',1,'{\"attributes\":{\"remain\":\"26389.00\",\"income\":\"1222.50\",\"withdraw\":\"0.00\",\"balance\":\"27611.50\",\"balance_date\":\"2022-05-20\",\"warehouse_id\":1,\"user_id\":1},\"old\":{\"remain\":\"26389.00\",\"income\":\"0.00\",\"withdraw\":\"0.00\",\"balance\":\"26389.00\",\"balance_date\":\"2022-05-20\",\"warehouse_id\":1,\"user_id\":1}}','2022-05-20 07:48:37','2022-05-20 07:48:37'),(1608,'default','created','App\\Models\\OrderDetail',554,'App\\Models\\User',1,'{\"attributes\":{\"order_id\":89,\"product_id\":32,\"sellprice\":14,\"quantity\":\"10.00\"}}','2022-05-20 07:48:37','2022-05-20 07:48:37'),(1609,'default','updated','App\\Models\\Stock',71,'App\\Models\\User',1,'{\"attributes\":{\"warehouse_id\":1,\"product_id\":32,\"alert\":\"0.00\",\"total\":404},\"old\":{\"warehouse_id\":1,\"product_id\":32,\"alert\":\"0.00\",\"total\":414}}','2022-05-20 07:48:37','2022-05-20 07:48:37'),(1610,'default','created','App\\Models\\OrderDetail',555,'App\\Models\\User',1,'{\"attributes\":{\"order_id\":89,\"product_id\":4,\"sellprice\":14.5,\"quantity\":\"13.00\"}}','2022-05-20 07:48:37','2022-05-20 07:48:37'),(1611,'default','updated','App\\Models\\Stock',56,'App\\Models\\User',1,'{\"attributes\":{\"warehouse_id\":1,\"product_id\":4,\"alert\":\"0.00\",\"total\":175},\"old\":{\"warehouse_id\":1,\"product_id\":4,\"alert\":\"0.00\",\"total\":188}}','2022-05-20 07:48:37','2022-05-20 07:48:37'),(1612,'default','created','App\\Models\\OrderDetail',556,'App\\Models\\User',1,'{\"attributes\":{\"order_id\":89,\"product_id\":8,\"sellprice\":14,\"quantity\":\"10.00\"}}','2022-05-20 07:48:37','2022-05-20 07:48:37'),(1613,'default','updated','App\\Models\\Stock',83,'App\\Models\\User',1,'{\"attributes\":{\"warehouse_id\":1,\"product_id\":8,\"alert\":\"0.00\",\"total\":272},\"old\":{\"warehouse_id\":1,\"product_id\":8,\"alert\":\"0.00\",\"total\":282}}','2022-05-20 07:48:37','2022-05-20 07:48:37'),(1614,'default','created','App\\Models\\OrderDetail',557,'App\\Models\\User',1,'{\"attributes\":{\"order_id\":89,\"product_id\":7,\"sellprice\":14,\"quantity\":\"10.00\"}}','2022-05-20 07:48:37','2022-05-20 07:48:37'),(1615,'default','updated','App\\Models\\Stock',82,'App\\Models\\User',1,'{\"attributes\":{\"warehouse_id\":1,\"product_id\":7,\"alert\":\"0.00\",\"total\":165},\"old\":{\"warehouse_id\":1,\"product_id\":7,\"alert\":\"0.00\",\"total\":175}}','2022-05-20 07:48:37','2022-05-20 07:48:37'),(1616,'default','created','App\\Models\\OrderDetail',558,'App\\Models\\User',1,'{\"attributes\":{\"order_id\":89,\"product_id\":3,\"sellprice\":13,\"quantity\":\"13.00\"}}','2022-05-20 07:48:37','2022-05-20 07:48:37'),(1617,'default','updated','App\\Models\\Stock',66,'App\\Models\\User',1,'{\"attributes\":{\"warehouse_id\":1,\"product_id\":3,\"alert\":\"0.00\",\"total\":42},\"old\":{\"warehouse_id\":1,\"product_id\":3,\"alert\":\"0.00\",\"total\":55}}','2022-05-20 07:48:37','2022-05-20 07:48:37'),(1618,'default','created','App\\Models\\OrderDetail',559,'App\\Models\\User',1,'{\"attributes\":{\"order_id\":89,\"product_id\":9,\"sellprice\":12.5,\"quantity\":\"20.00\"}}','2022-05-20 07:48:37','2022-05-20 07:48:37'),(1619,'default','updated','App\\Models\\Stock',90,'App\\Models\\User',1,'{\"attributes\":{\"warehouse_id\":1,\"product_id\":9,\"alert\":\"0.00\",\"total\":109},\"old\":{\"warehouse_id\":1,\"product_id\":9,\"alert\":\"0.00\",\"total\":129}}','2022-05-20 07:48:37','2022-05-20 07:48:37'),(1620,'default','created','App\\Models\\OrderDetail',560,'App\\Models\\User',1,'{\"attributes\":{\"order_id\":89,\"product_id\":1,\"sellprice\":13,\"quantity\":\"15.00\"}}','2022-05-20 07:48:37','2022-05-20 07:48:37'),(1621,'default','updated','App\\Models\\Stock',60,'App\\Models\\User',1,'{\"attributes\":{\"warehouse_id\":1,\"product_id\":1,\"alert\":\"0.00\",\"total\":345},\"old\":{\"warehouse_id\":1,\"product_id\":1,\"alert\":\"0.00\",\"total\":360}}','2022-05-20 07:48:37','2022-05-20 07:48:37'),(1622,'default','created','App\\Models\\Order',90,'App\\Models\\User',1,'{\"attributes\":{\"warehouse_id\":1,\"customer_id\":10,\"user_id\":1,\"subtotal\":640,\"vat\":0,\"discount\":0,\"grandtotal\":640,\"kh_grandtotal\":null}}','2022-05-20 08:00:58','2022-05-20 08:00:58'),(1623,'default','updated','App\\Models\\Balance',21,'App\\Models\\User',1,'{\"attributes\":{\"remain\":\"26389.00\",\"income\":\"1862.50\",\"withdraw\":\"0.00\",\"balance\":\"28251.50\",\"balance_date\":\"2022-05-20\",\"warehouse_id\":1,\"user_id\":1},\"old\":{\"remain\":\"26389.00\",\"income\":\"1222.50\",\"withdraw\":\"0.00\",\"balance\":\"27611.50\",\"balance_date\":\"2022-05-20\",\"warehouse_id\":1,\"user_id\":1}}','2022-05-20 08:00:58','2022-05-20 08:00:58'),(1624,'default','created','App\\Models\\OrderDetail',561,'App\\Models\\User',1,'{\"attributes\":{\"order_id\":90,\"product_id\":3,\"sellprice\":13,\"quantity\":\"10.00\"}}','2022-05-20 08:00:58','2022-05-20 08:00:58'),(1625,'default','updated','App\\Models\\Stock',66,'App\\Models\\User',1,'{\"attributes\":{\"warehouse_id\":1,\"product_id\":3,\"alert\":\"0.00\",\"total\":32},\"old\":{\"warehouse_id\":1,\"product_id\":3,\"alert\":\"0.00\",\"total\":42}}','2022-05-20 08:00:58','2022-05-20 08:00:58'),(1626,'default','created','App\\Models\\OrderDetail',562,'App\\Models\\User',1,'{\"attributes\":{\"order_id\":90,\"product_id\":51,\"sellprice\":16,\"quantity\":\"10.00\"}}','2022-05-20 08:00:58','2022-05-20 08:00:58'),(1627,'default','updated','App\\Models\\Stock',61,'App\\Models\\User',1,'{\"attributes\":{\"warehouse_id\":1,\"product_id\":51,\"alert\":\"0.00\",\"total\":31},\"old\":{\"warehouse_id\":1,\"product_id\":51,\"alert\":\"0.00\",\"total\":41}}','2022-05-20 08:00:58','2022-05-20 08:00:58'),(1628,'default','created','App\\Models\\OrderDetail',563,'App\\Models\\User',1,'{\"attributes\":{\"order_id\":90,\"product_id\":4,\"sellprice\":14.5,\"quantity\":\"10.00\"}}','2022-05-20 08:00:58','2022-05-20 08:00:58'),(1629,'default','updated','App\\Models\\Stock',56,'App\\Models\\User',1,'{\"attributes\":{\"warehouse_id\":1,\"product_id\":4,\"alert\":\"0.00\",\"total\":165},\"old\":{\"warehouse_id\":1,\"product_id\":4,\"alert\":\"0.00\",\"total\":175}}','2022-05-20 08:00:58','2022-05-20 08:00:58'),(1630,'default','created','App\\Models\\OrderDetail',564,'App\\Models\\User',1,'{\"attributes\":{\"order_id\":90,\"product_id\":33,\"sellprice\":23,\"quantity\":\"5.00\"}}','2022-05-20 08:00:58','2022-05-20 08:00:58'),(1631,'default','updated','App\\Models\\Stock',87,'App\\Models\\User',1,'{\"attributes\":{\"warehouse_id\":1,\"product_id\":33,\"alert\":\"0.00\",\"total\":85},\"old\":{\"warehouse_id\":1,\"product_id\":33,\"alert\":\"0.00\",\"total\":90}}','2022-05-20 08:00:58','2022-05-20 08:00:58'),(1632,'default','created','App\\Models\\OrderDetail',565,'App\\Models\\User',1,'{\"attributes\":{\"order_id\":90,\"product_id\":27,\"sellprice\":18,\"quantity\":\"5.00\"}}','2022-05-20 08:00:58','2022-05-20 08:00:58'),(1633,'default','updated','App\\Models\\Stock',63,'App\\Models\\User',1,'{\"attributes\":{\"warehouse_id\":1,\"product_id\":27,\"alert\":\"0.00\",\"total\":168},\"old\":{\"warehouse_id\":1,\"product_id\":27,\"alert\":\"0.00\",\"total\":173}}','2022-05-20 08:00:58','2022-05-20 08:00:58'),(1634,'default','created','App\\Models\\Order',91,'App\\Models\\User',1,'{\"attributes\":{\"warehouse_id\":1,\"customer_id\":10,\"user_id\":1,\"subtotal\":945.5,\"vat\":0,\"discount\":0,\"grandtotal\":945.5,\"kh_grandtotal\":null}}','2022-05-20 08:03:07','2022-05-20 08:03:07'),(1635,'default','updated','App\\Models\\Balance',21,'App\\Models\\User',1,'{\"attributes\":{\"remain\":\"26389.00\",\"income\":\"2808.00\",\"withdraw\":\"0.00\",\"balance\":\"29197.00\",\"balance_date\":\"2022-05-20\",\"warehouse_id\":1,\"user_id\":1},\"old\":{\"remain\":\"26389.00\",\"income\":\"1862.50\",\"withdraw\":\"0.00\",\"balance\":\"28251.50\",\"balance_date\":\"2022-05-20\",\"warehouse_id\":1,\"user_id\":1}}','2022-05-20 08:03:07','2022-05-20 08:03:07'),(1636,'default','created','App\\Models\\OrderDetail',566,'App\\Models\\User',1,'{\"attributes\":{\"order_id\":91,\"product_id\":55,\"sellprice\":15,\"quantity\":\"2.00\"}}','2022-05-20 08:03:07','2022-05-20 08:03:07'),(1637,'default','updated','App\\Models\\Stock',92,'App\\Models\\User',1,'{\"attributes\":{\"warehouse_id\":1,\"product_id\":55,\"alert\":\"0.00\",\"total\":11},\"old\":{\"warehouse_id\":1,\"product_id\":55,\"alert\":\"0.00\",\"total\":13}}','2022-05-20 08:03:07','2022-05-20 08:03:07'),(1638,'default','created','App\\Models\\OrderDetail',567,'App\\Models\\User',1,'{\"attributes\":{\"order_id\":91,\"product_id\":54,\"sellprice\":15,\"quantity\":\"2.00\"}}','2022-05-20 08:03:07','2022-05-20 08:03:07'),(1639,'default','updated','App\\Models\\Stock',91,'App\\Models\\User',1,'{\"attributes\":{\"warehouse_id\":1,\"product_id\":54,\"alert\":\"0.00\",\"total\":11},\"old\":{\"warehouse_id\":1,\"product_id\":54,\"alert\":\"0.00\",\"total\":13}}','2022-05-20 08:03:07','2022-05-20 08:03:07'),(1640,'default','created','App\\Models\\OrderDetail',568,'App\\Models\\User',1,'{\"attributes\":{\"order_id\":91,\"product_id\":13,\"sellprice\":18.5,\"quantity\":\"3.00\"}}','2022-05-20 08:03:07','2022-05-20 08:03:07'),(1641,'default','updated','App\\Models\\Stock',79,'App\\Models\\User',1,'{\"attributes\":{\"warehouse_id\":1,\"product_id\":13,\"alert\":\"0.00\",\"total\":72},\"old\":{\"warehouse_id\":1,\"product_id\":13,\"alert\":\"0.00\",\"total\":75}}','2022-05-20 08:03:07','2022-05-20 08:03:07'),(1642,'default','created','App\\Models\\OrderDetail',569,'App\\Models\\User',1,'{\"attributes\":{\"order_id\":91,\"product_id\":32,\"sellprice\":14,\"quantity\":\"10.00\"}}','2022-05-20 08:03:07','2022-05-20 08:03:07'),(1643,'default','updated','App\\Models\\Stock',71,'App\\Models\\User',1,'{\"attributes\":{\"warehouse_id\":1,\"product_id\":32,\"alert\":\"0.00\",\"total\":394},\"old\":{\"warehouse_id\":1,\"product_id\":32,\"alert\":\"0.00\",\"total\":404}}','2022-05-20 08:03:07','2022-05-20 08:03:07'),(1644,'default','created','App\\Models\\OrderDetail',570,'App\\Models\\User',1,'{\"attributes\":{\"order_id\":91,\"product_id\":7,\"sellprice\":14,\"quantity\":\"10.00\"}}','2022-05-20 08:03:07','2022-05-20 08:03:07'),(1645,'default','updated','App\\Models\\Stock',82,'App\\Models\\User',1,'{\"attributes\":{\"warehouse_id\":1,\"product_id\":7,\"alert\":\"0.00\",\"total\":155},\"old\":{\"warehouse_id\":1,\"product_id\":7,\"alert\":\"0.00\",\"total\":165}}','2022-05-20 08:03:07','2022-05-20 08:03:07'),(1646,'default','created','App\\Models\\OrderDetail',571,'App\\Models\\User',1,'{\"attributes\":{\"order_id\":91,\"product_id\":1,\"sellprice\":13,\"quantity\":\"10.00\"}}','2022-05-20 08:03:07','2022-05-20 08:03:07'),(1647,'default','updated','App\\Models\\Stock',60,'App\\Models\\User',1,'{\"attributes\":{\"warehouse_id\":1,\"product_id\":1,\"alert\":\"0.00\",\"total\":335},\"old\":{\"warehouse_id\":1,\"product_id\":1,\"alert\":\"0.00\",\"total\":345}}','2022-05-20 08:03:07','2022-05-20 08:03:07'),(1648,'default','created','App\\Models\\OrderDetail',572,'App\\Models\\User',1,'{\"attributes\":{\"order_id\":91,\"product_id\":3,\"sellprice\":13,\"quantity\":\"10.00\"}}','2022-05-20 08:03:07','2022-05-20 08:03:07'),(1649,'default','updated','App\\Models\\Stock',66,'App\\Models\\User',1,'{\"attributes\":{\"warehouse_id\":1,\"product_id\":3,\"alert\":\"0.00\",\"total\":22},\"old\":{\"warehouse_id\":1,\"product_id\":3,\"alert\":\"0.00\",\"total\":32}}','2022-05-20 08:03:07','2022-05-20 08:03:07'),(1650,'default','created','App\\Models\\OrderDetail',573,'App\\Models\\User',1,'{\"attributes\":{\"order_id\":91,\"product_id\":4,\"sellprice\":14.5,\"quantity\":\"20.00\"}}','2022-05-20 08:03:07','2022-05-20 08:03:07'),(1651,'default','updated','App\\Models\\Stock',56,'App\\Models\\User',1,'{\"attributes\":{\"warehouse_id\":1,\"product_id\":4,\"alert\":\"0.00\",\"total\":145},\"old\":{\"warehouse_id\":1,\"product_id\":4,\"alert\":\"0.00\",\"total\":165}}','2022-05-20 08:03:07','2022-05-20 08:03:07'),(1652,'default','created','App\\Models\\Order',92,'App\\Models\\User',1,'{\"attributes\":{\"warehouse_id\":1,\"customer_id\":11,\"user_id\":1,\"subtotal\":2860,\"vat\":0,\"discount\":0,\"grandtotal\":2860,\"kh_grandtotal\":null}}','2022-05-20 08:39:50','2022-05-20 08:39:50'),(1653,'default','updated','App\\Models\\Balance',21,'App\\Models\\User',1,'{\"attributes\":{\"remain\":\"26389.00\",\"income\":\"5668.00\",\"withdraw\":\"0.00\",\"balance\":\"32057.00\",\"balance_date\":\"2022-05-20\",\"warehouse_id\":1,\"user_id\":1},\"old\":{\"remain\":\"26389.00\",\"income\":\"2808.00\",\"withdraw\":\"0.00\",\"balance\":\"29197.00\",\"balance_date\":\"2022-05-20\",\"warehouse_id\":1,\"user_id\":1}}','2022-05-20 08:39:50','2022-05-20 08:39:50'),(1654,'default','created','App\\Models\\OrderDetail',574,'App\\Models\\User',1,'{\"attributes\":{\"order_id\":92,\"product_id\":22,\"sellprice\":11,\"quantity\":\"10.00\"}}','2022-05-20 08:39:50','2022-05-20 08:39:50'),(1655,'default','updated','App\\Models\\Stock',48,'App\\Models\\User',1,'{\"attributes\":{\"warehouse_id\":1,\"product_id\":22,\"alert\":\"0.00\",\"total\":80},\"old\":{\"warehouse_id\":1,\"product_id\":22,\"alert\":\"0.00\",\"total\":90}}','2022-05-20 08:39:50','2022-05-20 08:39:50'),(1656,'default','created','App\\Models\\OrderDetail',575,'App\\Models\\User',1,'{\"attributes\":{\"order_id\":92,\"product_id\":34,\"sellprice\":16,\"quantity\":\"10.00\"}}','2022-05-20 08:39:50','2022-05-20 08:39:50'),(1657,'default','updated','App\\Models\\Stock',75,'App\\Models\\User',1,'{\"attributes\":{\"warehouse_id\":1,\"product_id\":34,\"alert\":\"0.00\",\"total\":80},\"old\":{\"warehouse_id\":1,\"product_id\":34,\"alert\":\"0.00\",\"total\":90}}','2022-05-20 08:39:50','2022-05-20 08:39:50'),(1658,'default','created','App\\Models\\OrderDetail',576,'App\\Models\\User',1,'{\"attributes\":{\"order_id\":92,\"product_id\":9,\"sellprice\":12.5,\"quantity\":\"10.00\"}}','2022-05-20 08:39:50','2022-05-20 08:39:50'),(1659,'default','updated','App\\Models\\Stock',90,'App\\Models\\User',1,'{\"attributes\":{\"warehouse_id\":1,\"product_id\":9,\"alert\":\"0.00\",\"total\":99},\"old\":{\"warehouse_id\":1,\"product_id\":9,\"alert\":\"0.00\",\"total\":109}}','2022-05-20 08:39:50','2022-05-20 08:39:50'),(1660,'default','created','App\\Models\\OrderDetail',577,'App\\Models\\User',1,'{\"attributes\":{\"order_id\":92,\"product_id\":18,\"sellprice\":14.5,\"quantity\":\"20.00\"}}','2022-05-20 08:39:50','2022-05-20 08:39:50'),(1661,'default','updated','App\\Models\\Stock',52,'App\\Models\\User',1,'{\"attributes\":{\"warehouse_id\":1,\"product_id\":18,\"alert\":\"0.00\",\"total\":10},\"old\":{\"warehouse_id\":1,\"product_id\":18,\"alert\":\"0.00\",\"total\":30}}','2022-05-20 08:39:50','2022-05-20 08:39:50'),(1662,'default','created','App\\Models\\OrderDetail',578,'App\\Models\\User',1,'{\"attributes\":{\"order_id\":92,\"product_id\":53,\"sellprice\":14,\"quantity\":\"20.00\"}}','2022-05-20 08:39:50','2022-05-20 08:39:50'),(1663,'default','updated','App\\Models\\Stock',95,'App\\Models\\User',1,'{\"attributes\":{\"warehouse_id\":1,\"product_id\":53,\"alert\":\"0.00\",\"total\":60},\"old\":{\"warehouse_id\":1,\"product_id\":53,\"alert\":\"0.00\",\"total\":80}}','2022-05-20 08:39:50','2022-05-20 08:39:50'),(1664,'default','created','App\\Models\\OrderDetail',579,'App\\Models\\User',1,'{\"attributes\":{\"order_id\":92,\"product_id\":2,\"sellprice\":11,\"quantity\":\"20.00\"}}','2022-05-20 08:39:50','2022-05-20 08:39:50'),(1665,'default','updated','App\\Models\\Stock',59,'App\\Models\\User',1,'{\"attributes\":{\"warehouse_id\":1,\"product_id\":2,\"alert\":\"0.00\",\"total\":105},\"old\":{\"warehouse_id\":1,\"product_id\":2,\"alert\":\"0.00\",\"total\":125}}','2022-05-20 08:39:50','2022-05-20 08:39:50'),(1666,'default','created','App\\Models\\OrderDetail',580,'App\\Models\\User',1,'{\"attributes\":{\"order_id\":92,\"product_id\":32,\"sellprice\":14,\"quantity\":\"20.00\"}}','2022-05-20 08:39:50','2022-05-20 08:39:50'),(1667,'default','updated','App\\Models\\Stock',71,'App\\Models\\User',1,'{\"attributes\":{\"warehouse_id\":1,\"product_id\":32,\"alert\":\"0.00\",\"total\":374},\"old\":{\"warehouse_id\":1,\"product_id\":32,\"alert\":\"0.00\",\"total\":394}}','2022-05-20 08:39:50','2022-05-20 08:39:50'),(1668,'default','created','App\\Models\\OrderDetail',581,'App\\Models\\User',1,'{\"attributes\":{\"order_id\":92,\"product_id\":1,\"sellprice\":13,\"quantity\":\"50.00\"}}','2022-05-20 08:39:50','2022-05-20 08:39:50'),(1669,'default','updated','App\\Models\\Stock',60,'App\\Models\\User',1,'{\"attributes\":{\"warehouse_id\":1,\"product_id\":1,\"alert\":\"0.00\",\"total\":285},\"old\":{\"warehouse_id\":1,\"product_id\":1,\"alert\":\"0.00\",\"total\":335}}','2022-05-20 08:39:50','2022-05-20 08:39:50'),(1670,'default','created','App\\Models\\OrderDetail',582,'App\\Models\\User',1,'{\"attributes\":{\"order_id\":92,\"product_id\":33,\"sellprice\":23,\"quantity\":\"5.00\"}}','2022-05-20 08:39:50','2022-05-20 08:39:50'),(1671,'default','updated','App\\Models\\Stock',87,'App\\Models\\User',1,'{\"attributes\":{\"warehouse_id\":1,\"product_id\":33,\"alert\":\"0.00\",\"total\":80},\"old\":{\"warehouse_id\":1,\"product_id\":33,\"alert\":\"0.00\",\"total\":85}}','2022-05-20 08:39:50','2022-05-20 08:39:50'),(1672,'default','created','App\\Models\\OrderDetail',583,'App\\Models\\User',1,'{\"attributes\":{\"order_id\":92,\"product_id\":38,\"sellprice\":16,\"quantity\":\"10.00\"}}','2022-05-20 08:39:50','2022-05-20 08:39:50'),(1673,'default','updated','App\\Models\\Stock',57,'App\\Models\\User',1,'{\"attributes\":{\"warehouse_id\":1,\"product_id\":38,\"alert\":\"0.00\",\"total\":130},\"old\":{\"warehouse_id\":1,\"product_id\":38,\"alert\":\"0.00\",\"total\":140}}','2022-05-20 08:39:50','2022-05-20 08:39:50'),(1674,'default','created','App\\Models\\OrderDetail',584,'App\\Models\\User',1,'{\"attributes\":{\"order_id\":92,\"product_id\":26,\"sellprice\":15.5,\"quantity\":\"20.00\"}}','2022-05-20 08:39:50','2022-05-20 08:39:50'),(1675,'default','updated','App\\Models\\Stock',84,'App\\Models\\User',1,'{\"attributes\":{\"warehouse_id\":1,\"product_id\":26,\"alert\":\"0.00\",\"total\":90},\"old\":{\"warehouse_id\":1,\"product_id\":26,\"alert\":\"0.00\",\"total\":110}}','2022-05-20 08:39:50','2022-05-20 08:39:50'),(1676,'default','created','App\\Models\\OrderDetail',585,'App\\Models\\User',1,'{\"attributes\":{\"order_id\":92,\"product_id\":51,\"sellprice\":16,\"quantity\":\"10.00\"}}','2022-05-20 08:39:50','2022-05-20 08:39:50'),(1677,'default','updated','App\\Models\\Stock',61,'App\\Models\\User',1,'{\"attributes\":{\"warehouse_id\":1,\"product_id\":51,\"alert\":\"0.00\",\"total\":21},\"old\":{\"warehouse_id\":1,\"product_id\":51,\"alert\":\"0.00\",\"total\":31}}','2022-05-20 08:39:50','2022-05-20 08:39:50'),(1678,'default','created','App\\Models\\Order',93,'App\\Models\\User',1,'{\"attributes\":{\"warehouse_id\":1,\"customer_id\":4,\"user_id\":1,\"subtotal\":228.5,\"vat\":0,\"discount\":0,\"grandtotal\":228.5,\"kh_grandtotal\":null}}','2022-05-20 08:50:21','2022-05-20 08:50:21'),(1679,'default','updated','App\\Models\\Balance',21,'App\\Models\\User',1,'{\"attributes\":{\"remain\":\"26389.00\",\"income\":\"5896.50\",\"withdraw\":\"0.00\",\"balance\":\"32285.50\",\"balance_date\":\"2022-05-20\",\"warehouse_id\":1,\"user_id\":1},\"old\":{\"remain\":\"26389.00\",\"income\":\"5668.00\",\"withdraw\":\"0.00\",\"balance\":\"32057.00\",\"balance_date\":\"2022-05-20\",\"warehouse_id\":1,\"user_id\":1}}','2022-05-20 08:50:21','2022-05-20 08:50:21'),(1680,'default','created','App\\Models\\OrderDetail',586,'App\\Models\\User',1,'{\"attributes\":{\"order_id\":93,\"product_id\":18,\"sellprice\":14.5,\"quantity\":\"2.00\"}}','2022-05-20 08:50:21','2022-05-20 08:50:21'),(1681,'default','updated','App\\Models\\Stock',52,'App\\Models\\User',1,'{\"attributes\":{\"warehouse_id\":1,\"product_id\":18,\"alert\":\"0.00\",\"total\":8},\"old\":{\"warehouse_id\":1,\"product_id\":18,\"alert\":\"0.00\",\"total\":10}}','2022-05-20 08:50:21','2022-05-20 08:50:21'),(1682,'default','created','App\\Models\\OrderDetail',587,'App\\Models\\User',1,'{\"attributes\":{\"order_id\":93,\"product_id\":43,\"sellprice\":14.5,\"quantity\":\"2.00\"}}','2022-05-20 08:50:21','2022-05-20 08:50:21'),(1683,'default','updated','App\\Models\\Stock',53,'App\\Models\\User',1,'{\"attributes\":{\"warehouse_id\":1,\"product_id\":43,\"alert\":\"0.00\",\"total\":68},\"old\":{\"warehouse_id\":1,\"product_id\":43,\"alert\":\"0.00\",\"total\":70}}','2022-05-20 08:50:21','2022-05-20 08:50:21'),(1684,'default','created','App\\Models\\OrderDetail',588,'App\\Models\\User',1,'{\"attributes\":{\"order_id\":93,\"product_id\":4,\"sellprice\":14.5,\"quantity\":\"5.00\"}}','2022-05-20 08:50:21','2022-05-20 08:50:21'),(1685,'default','updated','App\\Models\\Stock',56,'App\\Models\\User',1,'{\"attributes\":{\"warehouse_id\":1,\"product_id\":4,\"alert\":\"0.00\",\"total\":140},\"old\":{\"warehouse_id\":1,\"product_id\":4,\"alert\":\"0.00\",\"total\":145}}','2022-05-20 08:50:21','2022-05-20 08:50:21'),(1686,'default','created','App\\Models\\OrderDetail',589,'App\\Models\\User',1,'{\"attributes\":{\"order_id\":93,\"product_id\":27,\"sellprice\":18,\"quantity\":\"2.00\"}}','2022-05-20 08:50:21','2022-05-20 08:50:21'),(1687,'default','updated','App\\Models\\Stock',63,'App\\Models\\User',1,'{\"attributes\":{\"warehouse_id\":1,\"product_id\":27,\"alert\":\"0.00\",\"total\":166},\"old\":{\"warehouse_id\":1,\"product_id\":27,\"alert\":\"0.00\",\"total\":168}}','2022-05-20 08:50:21','2022-05-20 08:50:21'),(1688,'default','created','App\\Models\\OrderDetail',590,'App\\Models\\User',1,'{\"attributes\":{\"order_id\":93,\"product_id\":34,\"sellprice\":16,\"quantity\":\"2.00\"}}','2022-05-20 08:50:21','2022-05-20 08:50:21'),(1689,'default','updated','App\\Models\\Stock',75,'App\\Models\\User',1,'{\"attributes\":{\"warehouse_id\":1,\"product_id\":34,\"alert\":\"0.00\",\"total\":78},\"old\":{\"warehouse_id\":1,\"product_id\":34,\"alert\":\"0.00\",\"total\":80}}','2022-05-20 08:50:21','2022-05-20 08:50:21'),(1690,'default','created','App\\Models\\OrderDetail',591,'App\\Models\\User',1,'{\"attributes\":{\"order_id\":93,\"product_id\":5,\"sellprice\":15,\"quantity\":\"2.00\"}}','2022-05-20 08:50:21','2022-05-20 08:50:21'),(1691,'default','updated','App\\Models\\Stock',76,'App\\Models\\User',1,'{\"attributes\":{\"warehouse_id\":1,\"product_id\":5,\"alert\":\"0.00\",\"total\":73},\"old\":{\"warehouse_id\":1,\"product_id\":5,\"alert\":\"0.00\",\"total\":75}}','2022-05-20 08:50:21','2022-05-20 08:50:21'),(1692,'default','created','App\\Models\\Balance',22,'App\\Models\\User',1,'{\"attributes\":{\"remain\":\"32285.50\",\"income\":\"0.00\",\"withdraw\":\"0.00\",\"balance\":\"32285.50\",\"balance_date\":\"2022-05-21\",\"warehouse_id\":1,\"user_id\":1}}','2022-05-21 08:48:25','2022-05-21 08:48:25'),(1693,'default','created','App\\Models\\Balance',23,'App\\Models\\User',1,'{\"attributes\":{\"remain\":\"32285.50\",\"income\":\"0.00\",\"withdraw\":\"0.00\",\"balance\":\"32285.50\",\"balance_date\":\"2022-05-22\",\"warehouse_id\":1,\"user_id\":1}}','2022-05-22 04:09:09','2022-05-22 04:09:09'),(1694,'default','created','App\\Models\\Order',94,'App\\Models\\User',1,'{\"attributes\":{\"warehouse_id\":1,\"customer_id\":11,\"user_id\":1,\"subtotal\":1137.5,\"vat\":0,\"discount\":0,\"grandtotal\":1137.5,\"kh_grandtotal\":null}}','2022-05-22 04:10:40','2022-05-22 04:10:40'),(1695,'default','updated','App\\Models\\Balance',23,'App\\Models\\User',1,'{\"attributes\":{\"remain\":\"32285.50\",\"income\":\"1137.50\",\"withdraw\":\"0.00\",\"balance\":\"33423.00\",\"balance_date\":\"2022-05-22\",\"warehouse_id\":1,\"user_id\":1},\"old\":{\"remain\":\"32285.50\",\"income\":\"0.00\",\"withdraw\":\"0.00\",\"balance\":\"32285.50\",\"balance_date\":\"2022-05-22\",\"warehouse_id\":1,\"user_id\":1}}','2022-05-22 04:10:40','2022-05-22 04:10:40'),(1696,'default','created','App\\Models\\OrderDetail',592,'App\\Models\\User',1,'{\"attributes\":{\"order_id\":94,\"product_id\":38,\"sellprice\":16,\"quantity\":\"50.00\"}}','2022-05-22 04:10:40','2022-05-22 04:10:40'),(1697,'default','updated','App\\Models\\Stock',57,'App\\Models\\User',1,'{\"attributes\":{\"warehouse_id\":1,\"product_id\":38,\"alert\":\"0.00\",\"total\":80},\"old\":{\"warehouse_id\":1,\"product_id\":38,\"alert\":\"0.00\",\"total\":130}}','2022-05-22 04:10:40','2022-05-22 04:10:40'),(1698,'default','created','App\\Models\\OrderDetail',593,'App\\Models\\User',1,'{\"attributes\":{\"order_id\":94,\"product_id\":40,\"sellprice\":13.5,\"quantity\":\"20.00\"}}','2022-05-22 04:10:40','2022-05-22 04:10:40'),(1699,'default','updated','App\\Models\\Stock',49,'App\\Models\\User',1,'{\"attributes\":{\"warehouse_id\":1,\"product_id\":40,\"alert\":\"0.00\",\"total\":20},\"old\":{\"warehouse_id\":1,\"product_id\":40,\"alert\":\"0.00\",\"total\":40}}','2022-05-22 04:10:40','2022-05-22 04:10:40'),(1700,'default','created','App\\Models\\OrderDetail',594,'App\\Models\\User',1,'{\"attributes\":{\"order_id\":94,\"product_id\":35,\"sellprice\":13.5,\"quantity\":\"5.00\"}}','2022-05-22 04:10:40','2022-05-22 04:10:40'),(1701,'default','updated','App\\Models\\Stock',88,'App\\Models\\User',1,'{\"attributes\":{\"warehouse_id\":1,\"product_id\":35,\"alert\":\"0.00\",\"total\":75},\"old\":{\"warehouse_id\":1,\"product_id\":35,\"alert\":\"0.00\",\"total\":80}}','2022-05-22 04:10:40','2022-05-22 04:10:40'),(1702,'default','created','App\\Models\\Order',95,'App\\Models\\User',1,'{\"attributes\":{\"warehouse_id\":1,\"customer_id\":4,\"user_id\":1,\"subtotal\":258,\"vat\":0,\"discount\":0,\"grandtotal\":258,\"kh_grandtotal\":null}}','2022-05-22 04:11:34','2022-05-22 04:11:34'),(1703,'default','updated','App\\Models\\Balance',23,'App\\Models\\User',1,'{\"attributes\":{\"remain\":\"32285.50\",\"income\":\"1395.50\",\"withdraw\":\"0.00\",\"balance\":\"33681.00\",\"balance_date\":\"2022-05-22\",\"warehouse_id\":1,\"user_id\":1},\"old\":{\"remain\":\"32285.50\",\"income\":\"1137.50\",\"withdraw\":\"0.00\",\"balance\":\"33423.00\",\"balance_date\":\"2022-05-22\",\"warehouse_id\":1,\"user_id\":1}}','2022-05-22 04:11:34','2022-05-22 04:11:34'),(1704,'default','created','App\\Models\\OrderDetail',595,'App\\Models\\User',1,'{\"attributes\":{\"order_id\":95,\"product_id\":6,\"sellprice\":16,\"quantity\":\"8.00\"}}','2022-05-22 04:11:34','2022-05-22 04:11:34'),(1705,'default','updated','App\\Models\\Stock',72,'App\\Models\\User',1,'{\"attributes\":{\"warehouse_id\":1,\"product_id\":6,\"alert\":\"0.00\",\"total\":186},\"old\":{\"warehouse_id\":1,\"product_id\":6,\"alert\":\"0.00\",\"total\":194}}','2022-05-22 04:11:34','2022-05-22 04:11:34'),(1706,'default','created','App\\Models\\OrderDetail',596,'App\\Models\\User',1,'{\"attributes\":{\"order_id\":95,\"product_id\":47,\"sellprice\":17,\"quantity\":\"4.00\"}}','2022-05-22 04:11:34','2022-05-22 04:11:34'),(1707,'default','updated','App\\Models\\Stock',86,'App\\Models\\User',1,'{\"attributes\":{\"warehouse_id\":1,\"product_id\":47,\"alert\":\"0.00\",\"total\":43},\"old\":{\"warehouse_id\":1,\"product_id\":47,\"alert\":\"0.00\",\"total\":47}}','2022-05-22 04:11:34','2022-05-22 04:11:34'),(1708,'default','created','App\\Models\\OrderDetail',597,'App\\Models\\User',1,'{\"attributes\":{\"order_id\":95,\"product_id\":26,\"sellprice\":15.5,\"quantity\":\"4.00\"}}','2022-05-22 04:11:34','2022-05-22 04:11:34'),(1709,'default','updated','App\\Models\\Stock',84,'App\\Models\\User',1,'{\"attributes\":{\"warehouse_id\":1,\"product_id\":26,\"alert\":\"0.00\",\"total\":86},\"old\":{\"warehouse_id\":1,\"product_id\":26,\"alert\":\"0.00\",\"total\":90}}','2022-05-22 04:11:34','2022-05-22 04:11:34'),(1710,'default','created','App\\Models\\Order',96,'App\\Models\\User',1,'{\"attributes\":{\"warehouse_id\":1,\"customer_id\":4,\"user_id\":1,\"subtotal\":4075,\"vat\":0,\"discount\":0,\"grandtotal\":4075,\"kh_grandtotal\":null}}','2022-05-22 04:21:09','2022-05-22 04:21:09'),(1711,'default','updated','App\\Models\\Balance',23,'App\\Models\\User',1,'{\"attributes\":{\"remain\":\"32285.50\",\"income\":\"5470.50\",\"withdraw\":\"0.00\",\"balance\":\"37756.00\",\"balance_date\":\"2022-05-22\",\"warehouse_id\":1,\"user_id\":1},\"old\":{\"remain\":\"32285.50\",\"income\":\"1395.50\",\"withdraw\":\"0.00\",\"balance\":\"33681.00\",\"balance_date\":\"2022-05-22\",\"warehouse_id\":1,\"user_id\":1}}','2022-05-22 04:21:09','2022-05-22 04:21:09'),(1712,'default','created','App\\Models\\OrderDetail',598,'App\\Models\\User',1,'{\"attributes\":{\"order_id\":96,\"product_id\":9,\"sellprice\":12.5,\"quantity\":\"20.00\"}}','2022-05-22 04:21:09','2022-05-22 04:21:09'),(1713,'default','updated','App\\Models\\Stock',90,'App\\Models\\User',1,'{\"attributes\":{\"warehouse_id\":1,\"product_id\":9,\"alert\":\"0.00\",\"total\":79},\"old\":{\"warehouse_id\":1,\"product_id\":9,\"alert\":\"0.00\",\"total\":99}}','2022-05-22 04:21:09','2022-05-22 04:21:09'),(1714,'default','created','App\\Models\\OrderDetail',599,'App\\Models\\User',1,'{\"attributes\":{\"order_id\":96,\"product_id\":32,\"sellprice\":14,\"quantity\":\"20.00\"}}','2022-05-22 04:21:09','2022-05-22 04:21:09'),(1715,'default','updated','App\\Models\\Stock',71,'App\\Models\\User',1,'{\"attributes\":{\"warehouse_id\":1,\"product_id\":32,\"alert\":\"0.00\",\"total\":354},\"old\":{\"warehouse_id\":1,\"product_id\":32,\"alert\":\"0.00\",\"total\":374}}','2022-05-22 04:21:09','2022-05-22 04:21:09'),(1716,'default','created','App\\Models\\OrderDetail',600,'App\\Models\\User',1,'{\"attributes\":{\"order_id\":96,\"product_id\":2,\"sellprice\":11,\"quantity\":\"10.00\"}}','2022-05-22 04:21:09','2022-05-22 04:21:09'),(1717,'default','updated','App\\Models\\Stock',59,'App\\Models\\User',1,'{\"attributes\":{\"warehouse_id\":1,\"product_id\":2,\"alert\":\"0.00\",\"total\":95},\"old\":{\"warehouse_id\":1,\"product_id\":2,\"alert\":\"0.00\",\"total\":105}}','2022-05-22 04:21:09','2022-05-22 04:21:09'),(1718,'default','created','App\\Models\\OrderDetail',601,'App\\Models\\User',1,'{\"attributes\":{\"order_id\":96,\"product_id\":5,\"sellprice\":15,\"quantity\":\"10.00\"}}','2022-05-22 04:21:09','2022-05-22 04:21:09'),(1719,'default','updated','App\\Models\\Stock',76,'App\\Models\\User',1,'{\"attributes\":{\"warehouse_id\":1,\"product_id\":5,\"alert\":\"0.00\",\"total\":63},\"old\":{\"warehouse_id\":1,\"product_id\":5,\"alert\":\"0.00\",\"total\":73}}','2022-05-22 04:21:09','2022-05-22 04:21:09'),(1720,'default','created','App\\Models\\OrderDetail',602,'App\\Models\\User',1,'{\"attributes\":{\"order_id\":96,\"product_id\":34,\"sellprice\":16,\"quantity\":\"10.00\"}}','2022-05-22 04:21:09','2022-05-22 04:21:09'),(1721,'default','updated','App\\Models\\Stock',75,'App\\Models\\User',1,'{\"attributes\":{\"warehouse_id\":1,\"product_id\":34,\"alert\":\"0.00\",\"total\":68},\"old\":{\"warehouse_id\":1,\"product_id\":34,\"alert\":\"0.00\",\"total\":78}}','2022-05-22 04:21:09','2022-05-22 04:21:09'),(1722,'default','created','App\\Models\\OrderDetail',603,'App\\Models\\User',1,'{\"attributes\":{\"order_id\":96,\"product_id\":28,\"sellprice\":18,\"quantity\":\"10.00\"}}','2022-05-22 04:21:09','2022-05-22 04:21:09'),(1723,'default','updated','App\\Models\\Stock',73,'App\\Models\\User',1,'{\"attributes\":{\"warehouse_id\":1,\"product_id\":28,\"alert\":\"0.00\",\"total\":95},\"old\":{\"warehouse_id\":1,\"product_id\":28,\"alert\":\"0.00\",\"total\":105}}','2022-05-22 04:21:09','2022-05-22 04:21:09'),(1724,'default','created','App\\Models\\OrderDetail',604,'App\\Models\\User',1,'{\"attributes\":{\"order_id\":96,\"product_id\":27,\"sellprice\":18,\"quantity\":\"10.00\"}}','2022-05-22 04:21:09','2022-05-22 04:21:09'),(1725,'default','updated','App\\Models\\Stock',63,'App\\Models\\User',1,'{\"attributes\":{\"warehouse_id\":1,\"product_id\":27,\"alert\":\"0.00\",\"total\":156},\"old\":{\"warehouse_id\":1,\"product_id\":27,\"alert\":\"0.00\",\"total\":166}}','2022-05-22 04:21:09','2022-05-22 04:21:09'),(1726,'default','created','App\\Models\\OrderDetail',605,'App\\Models\\User',1,'{\"attributes\":{\"order_id\":96,\"product_id\":4,\"sellprice\":14.5,\"quantity\":\"30.00\"}}','2022-05-22 04:21:09','2022-05-22 04:21:09'),(1727,'default','updated','App\\Models\\Stock',56,'App\\Models\\User',1,'{\"attributes\":{\"warehouse_id\":1,\"product_id\":4,\"alert\":\"0.00\",\"total\":110},\"old\":{\"warehouse_id\":1,\"product_id\":4,\"alert\":\"0.00\",\"total\":140}}','2022-05-22 04:21:09','2022-05-22 04:21:09'),(1728,'default','created','App\\Models\\OrderDetail',606,'App\\Models\\User',1,'{\"attributes\":{\"order_id\":96,\"product_id\":3,\"sellprice\":13,\"quantity\":\"20.00\"}}','2022-05-22 04:21:09','2022-05-22 04:21:09'),(1729,'default','updated','App\\Models\\Stock',66,'App\\Models\\User',1,'{\"attributes\":{\"warehouse_id\":1,\"product_id\":3,\"alert\":\"0.00\",\"total\":2},\"old\":{\"warehouse_id\":1,\"product_id\":3,\"alert\":\"0.00\",\"total\":22}}','2022-05-22 04:21:09','2022-05-22 04:21:09'),(1730,'default','created','App\\Models\\OrderDetail',607,'App\\Models\\User',1,'{\"attributes\":{\"order_id\":96,\"product_id\":1,\"sellprice\":13,\"quantity\":\"30.00\"}}','2022-05-22 04:21:09','2022-05-22 04:21:09'),(1731,'default','updated','App\\Models\\Stock',60,'App\\Models\\User',1,'{\"attributes\":{\"warehouse_id\":1,\"product_id\":1,\"alert\":\"0.00\",\"total\":255},\"old\":{\"warehouse_id\":1,\"product_id\":1,\"alert\":\"0.00\",\"total\":285}}','2022-05-22 04:21:09','2022-05-22 04:21:09'),(1732,'default','created','App\\Models\\OrderDetail',608,'App\\Models\\User',1,'{\"attributes\":{\"order_id\":96,\"product_id\":26,\"sellprice\":15.5,\"quantity\":\"20.00\"}}','2022-05-22 04:21:09','2022-05-22 04:21:09'),(1733,'default','updated','App\\Models\\Stock',84,'App\\Models\\User',1,'{\"attributes\":{\"warehouse_id\":1,\"product_id\":26,\"alert\":\"0.00\",\"total\":66},\"old\":{\"warehouse_id\":1,\"product_id\":26,\"alert\":\"0.00\",\"total\":86}}','2022-05-22 04:21:09','2022-05-22 04:21:09'),(1734,'default','created','App\\Models\\OrderDetail',609,'App\\Models\\User',1,'{\"attributes\":{\"order_id\":96,\"product_id\":11,\"sellprice\":20.5,\"quantity\":\"20.00\"}}','2022-05-22 04:21:09','2022-05-22 04:21:09'),(1735,'default','updated','App\\Models\\Stock',74,'App\\Models\\User',1,'{\"attributes\":{\"warehouse_id\":1,\"product_id\":11,\"alert\":\"0.00\",\"total\":45},\"old\":{\"warehouse_id\":1,\"product_id\":11,\"alert\":\"0.00\",\"total\":65}}','2022-05-22 04:21:09','2022-05-22 04:21:09'),(1736,'default','created','App\\Models\\OrderDetail',610,'App\\Models\\User',1,'{\"attributes\":{\"order_id\":96,\"product_id\":38,\"sellprice\":16,\"quantity\":\"20.00\"}}','2022-05-22 04:21:09','2022-05-22 04:21:09'),(1737,'default','updated','App\\Models\\Stock',57,'App\\Models\\User',1,'{\"attributes\":{\"warehouse_id\":1,\"product_id\":38,\"alert\":\"0.00\",\"total\":60},\"old\":{\"warehouse_id\":1,\"product_id\":38,\"alert\":\"0.00\",\"total\":80}}','2022-05-22 04:21:09','2022-05-22 04:21:09'),(1738,'default','created','App\\Models\\OrderDetail',611,'App\\Models\\User',1,'{\"attributes\":{\"order_id\":96,\"product_id\":6,\"sellprice\":16,\"quantity\":\"20.00\"}}','2022-05-22 04:21:09','2022-05-22 04:21:09'),(1739,'default','updated','App\\Models\\Stock',72,'App\\Models\\User',1,'{\"attributes\":{\"warehouse_id\":1,\"product_id\":6,\"alert\":\"0.00\",\"total\":166},\"old\":{\"warehouse_id\":1,\"product_id\":6,\"alert\":\"0.00\",\"total\":186}}','2022-05-22 04:21:09','2022-05-22 04:21:09'),(1740,'default','created','App\\Models\\OrderDetail',612,'App\\Models\\User',1,'{\"attributes\":{\"order_id\":96,\"product_id\":51,\"sellprice\":16,\"quantity\":\"20.00\"}}','2022-05-22 04:21:09','2022-05-22 04:21:09'),(1741,'default','updated','App\\Models\\Stock',61,'App\\Models\\User',1,'{\"attributes\":{\"warehouse_id\":1,\"product_id\":51,\"alert\":\"0.00\",\"total\":1},\"old\":{\"warehouse_id\":1,\"product_id\":51,\"alert\":\"0.00\",\"total\":21}}','2022-05-22 04:21:09','2022-05-22 04:21:09'),(1742,'default','created','App\\Models\\Order',97,'App\\Models\\User',1,'{\"attributes\":{\"warehouse_id\":1,\"customer_id\":4,\"user_id\":1,\"subtotal\":1970,\"vat\":0,\"discount\":0,\"grandtotal\":1970,\"kh_grandtotal\":null}}','2022-05-22 04:23:40','2022-05-22 04:23:40'),(1743,'default','updated','App\\Models\\Balance',23,'App\\Models\\User',1,'{\"attributes\":{\"remain\":\"32285.50\",\"income\":\"7440.50\",\"withdraw\":\"0.00\",\"balance\":\"39726.00\",\"balance_date\":\"2022-05-22\",\"warehouse_id\":1,\"user_id\":1},\"old\":{\"remain\":\"32285.50\",\"income\":\"5470.50\",\"withdraw\":\"0.00\",\"balance\":\"37756.00\",\"balance_date\":\"2022-05-22\",\"warehouse_id\":1,\"user_id\":1}}','2022-05-22 04:23:40','2022-05-22 04:23:40'),(1744,'default','created','App\\Models\\OrderDetail',613,'App\\Models\\User',1,'{\"attributes\":{\"order_id\":97,\"product_id\":54,\"sellprice\":15,\"quantity\":\"10.00\"}}','2022-05-22 04:23:40','2022-05-22 04:23:40'),(1745,'default','updated','App\\Models\\Stock',91,'App\\Models\\User',1,'{\"attributes\":{\"warehouse_id\":1,\"product_id\":54,\"alert\":\"0.00\",\"total\":1},\"old\":{\"warehouse_id\":1,\"product_id\":54,\"alert\":\"0.00\",\"total\":11}}','2022-05-22 04:23:40','2022-05-22 04:23:40'),(1746,'default','created','App\\Models\\OrderDetail',614,'App\\Models\\User',1,'{\"attributes\":{\"order_id\":97,\"product_id\":55,\"sellprice\":15,\"quantity\":\"10.00\"}}','2022-05-22 04:23:40','2022-05-22 04:23:40'),(1747,'default','updated','App\\Models\\Stock',92,'App\\Models\\User',1,'{\"attributes\":{\"warehouse_id\":1,\"product_id\":55,\"alert\":\"0.00\",\"total\":1},\"old\":{\"warehouse_id\":1,\"product_id\":55,\"alert\":\"0.00\",\"total\":11}}','2022-05-22 04:23:40','2022-05-22 04:23:40'),(1748,'default','created','App\\Models\\OrderDetail',615,'App\\Models\\User',1,'{\"attributes\":{\"order_id\":97,\"product_id\":45,\"sellprice\":17,\"quantity\":\"10.00\"}}','2022-05-22 04:23:40','2022-05-22 04:23:40'),(1749,'default','updated','App\\Models\\Stock',58,'App\\Models\\User',1,'{\"attributes\":{\"warehouse_id\":1,\"product_id\":45,\"alert\":\"0.00\",\"total\":35},\"old\":{\"warehouse_id\":1,\"product_id\":45,\"alert\":\"0.00\",\"total\":45}}','2022-05-22 04:23:40','2022-05-22 04:23:40'),(1750,'default','created','App\\Models\\OrderDetail',616,'App\\Models\\User',1,'{\"attributes\":{\"order_id\":97,\"product_id\":47,\"sellprice\":17,\"quantity\":\"10.00\"}}','2022-05-22 04:23:40','2022-05-22 04:23:40'),(1751,'default','updated','App\\Models\\Stock',86,'App\\Models\\User',1,'{\"attributes\":{\"warehouse_id\":1,\"product_id\":47,\"alert\":\"0.00\",\"total\":33},\"old\":{\"warehouse_id\":1,\"product_id\":47,\"alert\":\"0.00\",\"total\":43}}','2022-05-22 04:23:40','2022-05-22 04:23:40'),(1752,'default','created','App\\Models\\OrderDetail',617,'App\\Models\\User',1,'{\"attributes\":{\"order_id\":97,\"product_id\":13,\"sellprice\":18.5,\"quantity\":\"10.00\"}}','2022-05-22 04:23:40','2022-05-22 04:23:40'),(1753,'default','updated','App\\Models\\Stock',79,'App\\Models\\User',1,'{\"attributes\":{\"warehouse_id\":1,\"product_id\":13,\"alert\":\"0.00\",\"total\":62},\"old\":{\"warehouse_id\":1,\"product_id\":13,\"alert\":\"0.00\",\"total\":72}}','2022-05-22 04:23:40','2022-05-22 04:23:40'),(1754,'default','created','App\\Models\\OrderDetail',618,'App\\Models\\User',1,'{\"attributes\":{\"order_id\":97,\"product_id\":53,\"sellprice\":14,\"quantity\":\"10.00\"}}','2022-05-22 04:23:40','2022-05-22 04:23:40'),(1755,'default','updated','App\\Models\\Stock',95,'App\\Models\\User',1,'{\"attributes\":{\"warehouse_id\":1,\"product_id\":53,\"alert\":\"0.00\",\"total\":50},\"old\":{\"warehouse_id\":1,\"product_id\":53,\"alert\":\"0.00\",\"total\":60}}','2022-05-22 04:23:40','2022-05-22 04:23:40'),(1756,'default','created','App\\Models\\OrderDetail',619,'App\\Models\\User',1,'{\"attributes\":{\"order_id\":97,\"product_id\":36,\"sellprice\":17,\"quantity\":\"10.00\"}}','2022-05-22 04:23:40','2022-05-22 04:23:40'),(1757,'default','updated','App\\Models\\Stock',89,'App\\Models\\User',1,'{\"attributes\":{\"warehouse_id\":1,\"product_id\":36,\"alert\":\"0.00\",\"total\":80},\"old\":{\"warehouse_id\":1,\"product_id\":36,\"alert\":\"0.00\",\"total\":90}}','2022-05-22 04:23:40','2022-05-22 04:23:40'),(1758,'default','created','App\\Models\\OrderDetail',620,'App\\Models\\User',1,'{\"attributes\":{\"order_id\":97,\"product_id\":35,\"sellprice\":13.5,\"quantity\":\"10.00\"}}','2022-05-22 04:23:40','2022-05-22 04:23:40'),(1759,'default','updated','App\\Models\\Stock',88,'App\\Models\\User',1,'{\"attributes\":{\"warehouse_id\":1,\"product_id\":35,\"alert\":\"0.00\",\"total\":65},\"old\":{\"warehouse_id\":1,\"product_id\":35,\"alert\":\"0.00\",\"total\":75}}','2022-05-22 04:23:40','2022-05-22 04:23:40'),(1760,'default','created','App\\Models\\OrderDetail',621,'App\\Models\\User',1,'{\"attributes\":{\"order_id\":97,\"product_id\":8,\"sellprice\":14,\"quantity\":\"30.00\"}}','2022-05-22 04:23:40','2022-05-22 04:23:40'),(1761,'default','updated','App\\Models\\Stock',83,'App\\Models\\User',1,'{\"attributes\":{\"warehouse_id\":1,\"product_id\":8,\"alert\":\"0.00\",\"total\":242},\"old\":{\"warehouse_id\":1,\"product_id\":8,\"alert\":\"0.00\",\"total\":272}}','2022-05-22 04:23:40','2022-05-22 04:23:40'),(1762,'default','created','App\\Models\\OrderDetail',622,'App\\Models\\User',1,'{\"attributes\":{\"order_id\":97,\"product_id\":7,\"sellprice\":14,\"quantity\":\"20.00\"}}','2022-05-22 04:23:40','2022-05-22 04:23:40'),(1763,'default','updated','App\\Models\\Stock',82,'App\\Models\\User',1,'{\"attributes\":{\"warehouse_id\":1,\"product_id\":7,\"alert\":\"0.00\",\"total\":135},\"old\":{\"warehouse_id\":1,\"product_id\":7,\"alert\":\"0.00\",\"total\":155}}','2022-05-22 04:23:40','2022-05-22 04:23:40'),(1764,'default','created','App\\Models\\Order',98,'App\\Models\\User',1,'{\"attributes\":{\"warehouse_id\":1,\"customer_id\":13,\"user_id\":1,\"subtotal\":370,\"vat\":0,\"discount\":0,\"grandtotal\":370,\"kh_grandtotal\":null}}','2022-05-22 04:25:32','2022-05-22 04:25:32'),(1765,'default','updated','App\\Models\\Balance',23,'App\\Models\\User',1,'{\"attributes\":{\"remain\":\"32285.50\",\"income\":\"7810.50\",\"withdraw\":\"0.00\",\"balance\":\"40096.00\",\"balance_date\":\"2022-05-22\",\"warehouse_id\":1,\"user_id\":1},\"old\":{\"remain\":\"32285.50\",\"income\":\"7440.50\",\"withdraw\":\"0.00\",\"balance\":\"39726.00\",\"balance_date\":\"2022-05-22\",\"warehouse_id\":1,\"user_id\":1}}','2022-05-22 04:25:32','2022-05-22 04:25:32'),(1766,'default','created','App\\Models\\OrderDetail',623,'App\\Models\\User',1,'{\"attributes\":{\"order_id\":98,\"product_id\":2,\"sellprice\":11,\"quantity\":\"10.00\"}}','2022-05-22 04:25:32','2022-05-22 04:25:32'),(1767,'default','updated','App\\Models\\Stock',59,'App\\Models\\User',1,'{\"attributes\":{\"warehouse_id\":1,\"product_id\":2,\"alert\":\"0.00\",\"total\":85},\"old\":{\"warehouse_id\":1,\"product_id\":2,\"alert\":\"0.00\",\"total\":95}}','2022-05-22 04:25:32','2022-05-22 04:25:32'),(1768,'default','created','App\\Models\\OrderDetail',624,'App\\Models\\User',1,'{\"attributes\":{\"order_id\":98,\"product_id\":1,\"sellprice\":13,\"quantity\":\"20.00\"}}','2022-05-22 04:25:32','2022-05-22 04:25:32'),(1769,'default','updated','App\\Models\\Stock',60,'App\\Models\\User',1,'{\"attributes\":{\"warehouse_id\":1,\"product_id\":1,\"alert\":\"0.00\",\"total\":235},\"old\":{\"warehouse_id\":1,\"product_id\":1,\"alert\":\"0.00\",\"total\":255}}','2022-05-22 04:25:32','2022-05-22 04:25:32'),(1770,'default','created','App\\Models\\Order',99,'App\\Models\\User',1,'{\"attributes\":{\"warehouse_id\":1,\"customer_id\":5,\"user_id\":1,\"subtotal\":1445,\"vat\":0,\"discount\":0,\"grandtotal\":1445,\"kh_grandtotal\":null}}','2022-05-22 04:28:45','2022-05-22 04:28:45'),(1771,'default','updated','App\\Models\\Balance',23,'App\\Models\\User',1,'{\"attributes\":{\"remain\":\"32285.50\",\"income\":\"9255.50\",\"withdraw\":\"0.00\",\"balance\":\"41541.00\",\"balance_date\":\"2022-05-22\",\"warehouse_id\":1,\"user_id\":1},\"old\":{\"remain\":\"32285.50\",\"income\":\"7810.50\",\"withdraw\":\"0.00\",\"balance\":\"40096.00\",\"balance_date\":\"2022-05-22\",\"warehouse_id\":1,\"user_id\":1}}','2022-05-22 04:28:45','2022-05-22 04:28:45'),(1772,'default','created','App\\Models\\OrderDetail',625,'App\\Models\\User',1,'{\"attributes\":{\"order_id\":99,\"product_id\":19,\"sellprice\":14.5,\"quantity\":\"3.00\"}}','2022-05-22 04:28:45','2022-05-22 04:28:45'),(1773,'default','updated','App\\Models\\Stock',55,'App\\Models\\User',1,'{\"attributes\":{\"warehouse_id\":1,\"product_id\":19,\"alert\":\"0.00\",\"total\":24},\"old\":{\"warehouse_id\":1,\"product_id\":19,\"alert\":\"0.00\",\"total\":27}}','2022-05-22 04:28:45','2022-05-22 04:28:45'),(1774,'default','created','App\\Models\\OrderDetail',626,'App\\Models\\User',1,'{\"attributes\":{\"order_id\":99,\"product_id\":40,\"sellprice\":13.5,\"quantity\":\"5.00\"}}','2022-05-22 04:28:45','2022-05-22 04:28:45'),(1775,'default','updated','App\\Models\\Stock',49,'App\\Models\\User',1,'{\"attributes\":{\"warehouse_id\":1,\"product_id\":40,\"alert\":\"0.00\",\"total\":15},\"old\":{\"warehouse_id\":1,\"product_id\":40,\"alert\":\"0.00\",\"total\":20}}','2022-05-22 04:28:45','2022-05-22 04:28:45'),(1776,'default','created','App\\Models\\OrderDetail',627,'App\\Models\\User',1,'{\"attributes\":{\"order_id\":99,\"product_id\":34,\"sellprice\":16,\"quantity\":\"5.00\"}}','2022-05-22 04:28:45','2022-05-22 04:28:45'),(1777,'default','updated','App\\Models\\Stock',75,'App\\Models\\User',1,'{\"attributes\":{\"warehouse_id\":1,\"product_id\":34,\"alert\":\"0.00\",\"total\":63},\"old\":{\"warehouse_id\":1,\"product_id\":34,\"alert\":\"0.00\",\"total\":68}}','2022-05-22 04:28:45','2022-05-22 04:28:45'),(1778,'default','created','App\\Models\\OrderDetail',628,'App\\Models\\User',1,'{\"attributes\":{\"order_id\":99,\"product_id\":36,\"sellprice\":17,\"quantity\":\"5.00\"}}','2022-05-22 04:28:45','2022-05-22 04:28:45'),(1779,'default','updated','App\\Models\\Stock',89,'App\\Models\\User',1,'{\"attributes\":{\"warehouse_id\":1,\"product_id\":36,\"alert\":\"0.00\",\"total\":75},\"old\":{\"warehouse_id\":1,\"product_id\":36,\"alert\":\"0.00\",\"total\":80}}','2022-05-22 04:28:45','2022-05-22 04:28:45'),(1780,'default','created','App\\Models\\OrderDetail',629,'App\\Models\\User',1,'{\"attributes\":{\"order_id\":99,\"product_id\":42,\"sellprice\":22,\"quantity\":\"3.00\"}}','2022-05-22 04:28:45','2022-05-22 04:28:45'),(1781,'default','updated','App\\Models\\Stock',78,'App\\Models\\User',1,'{\"attributes\":{\"warehouse_id\":1,\"product_id\":42,\"alert\":\"0.00\",\"total\":4},\"old\":{\"warehouse_id\":1,\"product_id\":42,\"alert\":\"0.00\",\"total\":7}}','2022-05-22 04:28:45','2022-05-22 04:28:45'),(1782,'default','created','App\\Models\\OrderDetail',630,'App\\Models\\User',1,'{\"attributes\":{\"order_id\":99,\"product_id\":41,\"sellprice\":19,\"quantity\":\"5.00\"}}','2022-05-22 04:28:45','2022-05-22 04:28:45'),(1783,'default','updated','App\\Models\\Stock',77,'App\\Models\\User',1,'{\"attributes\":{\"warehouse_id\":1,\"product_id\":41,\"alert\":\"0.00\",\"total\":41},\"old\":{\"warehouse_id\":1,\"product_id\":41,\"alert\":\"0.00\",\"total\":46}}','2022-05-22 04:28:45','2022-05-22 04:28:45'),(1784,'default','created','App\\Models\\OrderDetail',631,'App\\Models\\User',1,'{\"attributes\":{\"order_id\":99,\"product_id\":58,\"sellprice\":17.5,\"quantity\":\"5.00\"}}','2022-05-22 04:28:45','2022-05-22 04:28:45'),(1785,'default','updated','App\\Models\\Stock',96,'App\\Models\\User',1,'{\"attributes\":{\"warehouse_id\":1,\"product_id\":58,\"alert\":\"0.00\",\"total\":10},\"old\":{\"warehouse_id\":1,\"product_id\":58,\"alert\":\"0.00\",\"total\":15}}','2022-05-22 04:28:45','2022-05-22 04:28:45'),(1786,'default','created','App\\Models\\OrderDetail',632,'App\\Models\\User',1,'{\"attributes\":{\"order_id\":99,\"product_id\":13,\"sellprice\":18.5,\"quantity\":\"3.00\"}}','2022-05-22 04:28:45','2022-05-22 04:28:45'),(1787,'default','updated','App\\Models\\Stock',79,'App\\Models\\User',1,'{\"attributes\":{\"warehouse_id\":1,\"product_id\":13,\"alert\":\"0.00\",\"total\":59},\"old\":{\"warehouse_id\":1,\"product_id\":13,\"alert\":\"0.00\",\"total\":62}}','2022-05-22 04:28:45','2022-05-22 04:28:45'),(1788,'default','created','App\\Models\\OrderDetail',633,'App\\Models\\User',1,'{\"attributes\":{\"order_id\":99,\"product_id\":5,\"sellprice\":15,\"quantity\":\"2.00\"}}','2022-05-22 04:28:45','2022-05-22 04:28:45'),(1789,'default','updated','App\\Models\\Stock',76,'App\\Models\\User',1,'{\"attributes\":{\"warehouse_id\":1,\"product_id\":5,\"alert\":\"0.00\",\"total\":61},\"old\":{\"warehouse_id\":1,\"product_id\":5,\"alert\":\"0.00\",\"total\":63}}','2022-05-22 04:28:45','2022-05-22 04:28:45'),(1790,'default','created','App\\Models\\OrderDetail',634,'App\\Models\\User',1,'{\"attributes\":{\"order_id\":99,\"product_id\":2,\"sellprice\":11,\"quantity\":\"10.00\"}}','2022-05-22 04:28:45','2022-05-22 04:28:45'),(1791,'default','updated','App\\Models\\Stock',59,'App\\Models\\User',1,'{\"attributes\":{\"warehouse_id\":1,\"product_id\":2,\"alert\":\"0.00\",\"total\":75},\"old\":{\"warehouse_id\":1,\"product_id\":2,\"alert\":\"0.00\",\"total\":85}}','2022-05-22 04:28:45','2022-05-22 04:28:45'),(1792,'default','created','App\\Models\\OrderDetail',635,'App\\Models\\User',1,'{\"attributes\":{\"order_id\":99,\"product_id\":28,\"sellprice\":18,\"quantity\":\"10.00\"}}','2022-05-22 04:28:45','2022-05-22 04:28:45'),(1793,'default','updated','App\\Models\\Stock',73,'App\\Models\\User',1,'{\"attributes\":{\"warehouse_id\":1,\"product_id\":28,\"alert\":\"0.00\",\"total\":85},\"old\":{\"warehouse_id\":1,\"product_id\":28,\"alert\":\"0.00\",\"total\":95}}','2022-05-22 04:28:45','2022-05-22 04:28:45'),(1794,'default','created','App\\Models\\OrderDetail',636,'App\\Models\\User',1,'{\"attributes\":{\"order_id\":99,\"product_id\":35,\"sellprice\":13.5,\"quantity\":\"10.00\"}}','2022-05-22 04:28:45','2022-05-22 04:28:45'),(1795,'default','updated','App\\Models\\Stock',88,'App\\Models\\User',1,'{\"attributes\":{\"warehouse_id\":1,\"product_id\":35,\"alert\":\"0.00\",\"total\":55},\"old\":{\"warehouse_id\":1,\"product_id\":35,\"alert\":\"0.00\",\"total\":65}}','2022-05-22 04:28:45','2022-05-22 04:28:45'),(1796,'default','created','App\\Models\\OrderDetail',637,'App\\Models\\User',1,'{\"attributes\":{\"order_id\":99,\"product_id\":8,\"sellprice\":14,\"quantity\":\"10.00\"}}','2022-05-22 04:28:45','2022-05-22 04:28:45'),(1797,'default','updated','App\\Models\\Stock',83,'App\\Models\\User',1,'{\"attributes\":{\"warehouse_id\":1,\"product_id\":8,\"alert\":\"0.00\",\"total\":232},\"old\":{\"warehouse_id\":1,\"product_id\":8,\"alert\":\"0.00\",\"total\":242}}','2022-05-22 04:28:45','2022-05-22 04:28:45'),(1798,'default','created','App\\Models\\OrderDetail',638,'App\\Models\\User',1,'{\"attributes\":{\"order_id\":99,\"product_id\":1,\"sellprice\":13,\"quantity\":\"10.00\"}}','2022-05-22 04:28:45','2022-05-22 04:28:45'),(1799,'default','updated','App\\Models\\Stock',60,'App\\Models\\User',1,'{\"attributes\":{\"warehouse_id\":1,\"product_id\":1,\"alert\":\"0.00\",\"total\":225},\"old\":{\"warehouse_id\":1,\"product_id\":1,\"alert\":\"0.00\",\"total\":235}}','2022-05-22 04:28:45','2022-05-22 04:28:45'),(1800,'default','created','App\\Models\\OrderDetail',639,'App\\Models\\User',1,'{\"attributes\":{\"order_id\":99,\"product_id\":7,\"sellprice\":14,\"quantity\":\"10.00\"}}','2022-05-22 04:28:45','2022-05-22 04:28:45'),(1801,'default','updated','App\\Models\\Stock',82,'App\\Models\\User',1,'{\"attributes\":{\"warehouse_id\":1,\"product_id\":7,\"alert\":\"0.00\",\"total\":125},\"old\":{\"warehouse_id\":1,\"product_id\":7,\"alert\":\"0.00\",\"total\":135}}','2022-05-22 04:28:45','2022-05-22 04:28:45'),(1802,'default','created','App\\Models\\Order',100,'App\\Models\\User',1,'{\"attributes\":{\"warehouse_id\":1,\"customer_id\":5,\"user_id\":1,\"subtotal\":66,\"vat\":0,\"discount\":0,\"grandtotal\":66,\"kh_grandtotal\":null}}','2022-05-22 04:31:43','2022-05-22 04:31:43'),(1803,'default','updated','App\\Models\\Balance',23,'App\\Models\\User',1,'{\"attributes\":{\"remain\":\"32285.50\",\"income\":\"9321.50\",\"withdraw\":\"0.00\",\"balance\":\"41607.00\",\"balance_date\":\"2022-05-22\",\"warehouse_id\":1,\"user_id\":1},\"old\":{\"remain\":\"32285.50\",\"income\":\"9255.50\",\"withdraw\":\"0.00\",\"balance\":\"41541.00\",\"balance_date\":\"2022-05-22\",\"warehouse_id\":1,\"user_id\":1}}','2022-05-22 04:31:43','2022-05-22 04:31:43'),(1804,'default','created','App\\Models\\OrderDetail',640,'App\\Models\\User',1,'{\"attributes\":{\"order_id\":100,\"product_id\":23,\"sellprice\":11,\"quantity\":\"3.00\"}}','2022-05-22 04:31:43','2022-05-22 04:31:43'),(1805,'default','updated','App\\Models\\Stock',47,'App\\Models\\User',1,'{\"attributes\":{\"warehouse_id\":1,\"product_id\":23,\"alert\":\"0.00\",\"total\":72},\"old\":{\"warehouse_id\":1,\"product_id\":23,\"alert\":\"0.00\",\"total\":75}}','2022-05-22 04:31:43','2022-05-22 04:31:43'),(1806,'default','created','App\\Models\\OrderDetail',641,'App\\Models\\User',1,'{\"attributes\":{\"order_id\":100,\"product_id\":22,\"sellprice\":11,\"quantity\":\"3.00\"}}','2022-05-22 04:31:43','2022-05-22 04:31:43'),(1807,'default','updated','App\\Models\\Stock',48,'App\\Models\\User',1,'{\"attributes\":{\"warehouse_id\":1,\"product_id\":22,\"alert\":\"0.00\",\"total\":77},\"old\":{\"warehouse_id\":1,\"product_id\":22,\"alert\":\"0.00\",\"total\":80}}','2022-05-22 04:31:43','2022-05-22 04:31:43'),(1808,'default','created','App\\Models\\Order',101,'App\\Models\\User',1,'{\"attributes\":{\"warehouse_id\":1,\"customer_id\":15,\"user_id\":1,\"subtotal\":28,\"vat\":0,\"discount\":0,\"grandtotal\":28,\"kh_grandtotal\":null}}','2022-05-22 04:32:36','2022-05-22 04:32:36'),(1809,'default','updated','App\\Models\\Balance',23,'App\\Models\\User',1,'{\"attributes\":{\"remain\":\"32285.50\",\"income\":\"9349.50\",\"withdraw\":\"0.00\",\"balance\":\"41635.00\",\"balance_date\":\"2022-05-22\",\"warehouse_id\":1,\"user_id\":1},\"old\":{\"remain\":\"32285.50\",\"income\":\"9321.50\",\"withdraw\":\"0.00\",\"balance\":\"41607.00\",\"balance_date\":\"2022-05-22\",\"warehouse_id\":1,\"user_id\":1}}','2022-05-22 04:32:36','2022-05-22 04:32:36'),(1810,'default','created','App\\Models\\OrderDetail',642,'App\\Models\\User',1,'{\"attributes\":{\"order_id\":101,\"product_id\":8,\"sellprice\":14,\"quantity\":\"2.00\"}}','2022-05-22 04:32:36','2022-05-22 04:32:36'),(1811,'default','updated','App\\Models\\Stock',83,'App\\Models\\User',1,'{\"attributes\":{\"warehouse_id\":1,\"product_id\":8,\"alert\":\"0.00\",\"total\":230},\"old\":{\"warehouse_id\":1,\"product_id\":8,\"alert\":\"0.00\",\"total\":232}}','2022-05-22 04:32:36','2022-05-22 04:32:36'),(1812,'default','created','App\\Models\\Order',102,'App\\Models\\User',1,'{\"attributes\":{\"warehouse_id\":1,\"customer_id\":7,\"user_id\":1,\"subtotal\":336,\"vat\":0,\"discount\":0,\"grandtotal\":336,\"kh_grandtotal\":null}}','2022-05-22 04:34:05','2022-05-22 04:34:05'),(1813,'default','updated','App\\Models\\Balance',23,'App\\Models\\User',1,'{\"attributes\":{\"remain\":\"32285.50\",\"income\":\"9685.50\",\"withdraw\":\"0.00\",\"balance\":\"41971.00\",\"balance_date\":\"2022-05-22\",\"warehouse_id\":1,\"user_id\":1},\"old\":{\"remain\":\"32285.50\",\"income\":\"9349.50\",\"withdraw\":\"0.00\",\"balance\":\"41635.00\",\"balance_date\":\"2022-05-22\",\"warehouse_id\":1,\"user_id\":1}}','2022-05-22 04:34:05','2022-05-22 04:34:05'),(1814,'default','created','App\\Models\\OrderDetail',643,'App\\Models\\User',1,'{\"attributes\":{\"order_id\":102,\"product_id\":6,\"sellprice\":16,\"quantity\":\"10.00\"}}','2022-05-22 04:34:05','2022-05-22 04:34:05'),(1815,'default','updated','App\\Models\\Stock',72,'App\\Models\\User',1,'{\"attributes\":{\"warehouse_id\":1,\"product_id\":6,\"alert\":\"0.00\",\"total\":156},\"old\":{\"warehouse_id\":1,\"product_id\":6,\"alert\":\"0.00\",\"total\":166}}','2022-05-22 04:34:05','2022-05-22 04:34:05'),(1816,'default','created','App\\Models\\OrderDetail',644,'App\\Models\\User',1,'{\"attributes\":{\"order_id\":102,\"product_id\":38,\"sellprice\":16,\"quantity\":\"10.00\"}}','2022-05-22 04:34:05','2022-05-22 04:34:05'),(1817,'default','updated','App\\Models\\Stock',57,'App\\Models\\User',1,'{\"attributes\":{\"warehouse_id\":1,\"product_id\":38,\"alert\":\"0.00\",\"total\":50},\"old\":{\"warehouse_id\":1,\"product_id\":38,\"alert\":\"0.00\",\"total\":60}}','2022-05-22 04:34:05','2022-05-22 04:34:05'),(1818,'default','created','App\\Models\\OrderDetail',645,'App\\Models\\User',1,'{\"attributes\":{\"order_id\":102,\"product_id\":51,\"sellprice\":16,\"quantity\":\"1.00\"}}','2022-05-22 04:34:05','2022-05-22 04:34:05'),(1819,'default','updated','App\\Models\\Stock',61,'App\\Models\\User',1,'{\"attributes\":{\"warehouse_id\":1,\"product_id\":51,\"alert\":\"0.00\",\"total\":0},\"old\":{\"warehouse_id\":1,\"product_id\":51,\"alert\":\"0.00\",\"total\":1}}','2022-05-22 04:34:05','2022-05-22 04:34:05'),(1820,'default','created','App\\Models\\Order',103,'App\\Models\\User',1,'{\"attributes\":{\"warehouse_id\":1,\"customer_id\":2,\"user_id\":1,\"subtotal\":2545,\"vat\":0,\"discount\":0,\"grandtotal\":2545,\"kh_grandtotal\":null}}','2022-05-22 04:39:03','2022-05-22 04:39:03'),(1821,'default','updated','App\\Models\\Balance',23,'App\\Models\\User',1,'{\"attributes\":{\"remain\":\"32285.50\",\"income\":\"12230.50\",\"withdraw\":\"0.00\",\"balance\":\"44516.00\",\"balance_date\":\"2022-05-22\",\"warehouse_id\":1,\"user_id\":1},\"old\":{\"remain\":\"32285.50\",\"income\":\"9685.50\",\"withdraw\":\"0.00\",\"balance\":\"41971.00\",\"balance_date\":\"2022-05-22\",\"warehouse_id\":1,\"user_id\":1}}','2022-05-22 04:39:03','2022-05-22 04:39:03'),(1822,'default','created','App\\Models\\OrderDetail',646,'App\\Models\\User',1,'{\"attributes\":{\"order_id\":103,\"product_id\":16,\"sellprice\":41,\"quantity\":\"10.00\"}}','2022-05-22 04:39:03','2022-05-22 04:39:03'),(1823,'default','updated','App\\Models\\Stock',80,'App\\Models\\User',1,'{\"attributes\":{\"warehouse_id\":1,\"product_id\":16,\"alert\":\"0.00\",\"total\":24},\"old\":{\"warehouse_id\":1,\"product_id\":16,\"alert\":\"0.00\",\"total\":34}}','2022-05-22 04:39:03','2022-05-22 04:39:03'),(1824,'default','created','App\\Models\\OrderDetail',647,'App\\Models\\User',1,'{\"attributes\":{\"order_id\":103,\"product_id\":34,\"sellprice\":16,\"quantity\":\"10.00\"}}','2022-05-22 04:39:03','2022-05-22 04:39:03'),(1825,'default','updated','App\\Models\\Stock',75,'App\\Models\\User',1,'{\"attributes\":{\"warehouse_id\":1,\"product_id\":34,\"alert\":\"0.00\",\"total\":53},\"old\":{\"warehouse_id\":1,\"product_id\":34,\"alert\":\"0.00\",\"total\":63}}','2022-05-22 04:39:03','2022-05-22 04:39:03'),(1826,'default','created','App\\Models\\OrderDetail',648,'App\\Models\\User',1,'{\"attributes\":{\"order_id\":103,\"product_id\":5,\"sellprice\":15,\"quantity\":\"20.00\"}}','2022-05-22 04:39:03','2022-05-22 04:39:03'),(1827,'default','updated','App\\Models\\Stock',76,'App\\Models\\User',1,'{\"attributes\":{\"warehouse_id\":1,\"product_id\":5,\"alert\":\"0.00\",\"total\":41},\"old\":{\"warehouse_id\":1,\"product_id\":5,\"alert\":\"0.00\",\"total\":61}}','2022-05-22 04:39:03','2022-05-22 04:39:03'),(1828,'default','created','App\\Models\\OrderDetail',649,'App\\Models\\User',1,'{\"attributes\":{\"order_id\":103,\"product_id\":33,\"sellprice\":23,\"quantity\":\"10.00\"}}','2022-05-22 04:39:03','2022-05-22 04:39:03'),(1829,'default','updated','App\\Models\\Stock',87,'App\\Models\\User',1,'{\"attributes\":{\"warehouse_id\":1,\"product_id\":33,\"alert\":\"0.00\",\"total\":70},\"old\":{\"warehouse_id\":1,\"product_id\":33,\"alert\":\"0.00\",\"total\":80}}','2022-05-22 04:39:03','2022-05-22 04:39:03'),(1830,'default','created','App\\Models\\OrderDetail',650,'App\\Models\\User',1,'{\"attributes\":{\"order_id\":103,\"product_id\":7,\"sellprice\":14,\"quantity\":\"30.00\"}}','2022-05-22 04:39:03','2022-05-22 04:39:03'),(1831,'default','updated','App\\Models\\Stock',82,'App\\Models\\User',1,'{\"attributes\":{\"warehouse_id\":1,\"product_id\":7,\"alert\":\"0.00\",\"total\":95},\"old\":{\"warehouse_id\":1,\"product_id\":7,\"alert\":\"0.00\",\"total\":125}}','2022-05-22 04:39:03','2022-05-22 04:39:03'),(1832,'default','created','App\\Models\\OrderDetail',651,'App\\Models\\User',1,'{\"attributes\":{\"order_id\":103,\"product_id\":9,\"sellprice\":12.5,\"quantity\":\"30.00\"}}','2022-05-22 04:39:03','2022-05-22 04:39:03'),(1833,'default','updated','App\\Models\\Stock',90,'App\\Models\\User',1,'{\"attributes\":{\"warehouse_id\":1,\"product_id\":9,\"alert\":\"0.00\",\"total\":49},\"old\":{\"warehouse_id\":1,\"product_id\":9,\"alert\":\"0.00\",\"total\":79}}','2022-05-22 04:39:03','2022-05-22 04:39:03'),(1834,'default','created','App\\Models\\OrderDetail',652,'App\\Models\\User',1,'{\"attributes\":{\"order_id\":103,\"product_id\":1,\"sellprice\":13,\"quantity\":\"50.00\"}}','2022-05-22 04:39:03','2022-05-22 04:39:03'),(1835,'default','updated','App\\Models\\Stock',60,'App\\Models\\User',1,'{\"attributes\":{\"warehouse_id\":1,\"product_id\":1,\"alert\":\"0.00\",\"total\":175},\"old\":{\"warehouse_id\":1,\"product_id\":1,\"alert\":\"0.00\",\"total\":225}}','2022-05-22 04:39:03','2022-05-22 04:39:03'),(1836,'default','created','App\\Models\\Purchase',25,'App\\Models\\User',1,'{\"attributes\":{\"warehouse_id\":1,\"supplier_id\":1,\"user_id\":1,\"batch\":\"20220522_v13__17_1653200264804\",\"subtotal\":2508,\"vat\":0,\"grandtotal\":2508}}','2022-05-22 13:18:47','2022-05-22 13:18:47'),(1837,'default','created','App\\Models\\PurchaseDetail',135,'App\\Models\\User',1,'{\"attributes\":{\"purchase_id\":25,\"product_id\":24,\"unitprice\":\"13.20\",\"quantity\":\"190.00\"}}','2022-05-22 13:18:47','2022-05-22 13:18:47'),(1838,'default','updated','App\\Models\\Stock',67,'App\\Models\\User',1,'{\"attributes\":{\"warehouse_id\":1,\"product_id\":24,\"alert\":\"0.00\",\"total\":190},\"old\":{\"warehouse_id\":1,\"product_id\":24,\"alert\":\"0.00\",\"total\":0}}','2022-05-22 13:18:47','2022-05-22 13:18:47'),(1839,'default','created','App\\Models\\Order',104,'App\\Models\\User',1,'{\"attributes\":{\"warehouse_id\":1,\"customer_id\":4,\"user_id\":1,\"subtotal\":596.5,\"vat\":0,\"discount\":0,\"grandtotal\":596.5,\"kh_grandtotal\":null}}','2022-05-22 17:00:07','2022-05-22 17:00:07'),(1840,'default','updated','App\\Models\\Balance',23,'App\\Models\\User',1,'{\"attributes\":{\"remain\":\"32285.50\",\"income\":\"12827.00\",\"withdraw\":\"0.00\",\"balance\":\"45112.50\",\"balance_date\":\"2022-05-22\",\"warehouse_id\":1,\"user_id\":1},\"old\":{\"remain\":\"32285.50\",\"income\":\"12230.50\",\"withdraw\":\"0.00\",\"balance\":\"44516.00\",\"balance_date\":\"2022-05-22\",\"warehouse_id\":1,\"user_id\":1}}','2022-05-22 17:00:07','2022-05-22 17:00:07'),(1841,'default','created','App\\Models\\OrderDetail',653,'App\\Models\\User',1,'{\"attributes\":{\"order_id\":104,\"product_id\":35,\"sellprice\":13.5,\"quantity\":\"2.00\"}}','2022-05-22 17:00:07','2022-05-22 17:00:07'),(1842,'default','updated','App\\Models\\Stock',88,'App\\Models\\User',1,'{\"attributes\":{\"warehouse_id\":1,\"product_id\":35,\"alert\":\"0.00\",\"total\":53},\"old\":{\"warehouse_id\":1,\"product_id\":35,\"alert\":\"0.00\",\"total\":55}}','2022-05-22 17:00:07','2022-05-22 17:00:07'),(1843,'default','created','App\\Models\\OrderDetail',654,'App\\Models\\User',1,'{\"attributes\":{\"order_id\":104,\"product_id\":55,\"sellprice\":15,\"quantity\":\"1.00\"}}','2022-05-22 17:00:07','2022-05-22 17:00:07'),(1844,'default','updated','App\\Models\\Stock',92,'App\\Models\\User',1,'{\"attributes\":{\"warehouse_id\":1,\"product_id\":55,\"alert\":\"0.00\",\"total\":0},\"old\":{\"warehouse_id\":1,\"product_id\":55,\"alert\":\"0.00\",\"total\":1}}','2022-05-22 17:00:07','2022-05-22 17:00:07'),(1845,'default','created','App\\Models\\OrderDetail',655,'App\\Models\\User',1,'{\"attributes\":{\"order_id\":104,\"product_id\":54,\"sellprice\":15,\"quantity\":\"1.00\"}}','2022-05-22 17:00:07','2022-05-22 17:00:07'),(1846,'default','updated','App\\Models\\Stock',91,'App\\Models\\User',1,'{\"attributes\":{\"warehouse_id\":1,\"product_id\":54,\"alert\":\"0.00\",\"total\":0},\"old\":{\"warehouse_id\":1,\"product_id\":54,\"alert\":\"0.00\",\"total\":1}}','2022-05-22 17:00:07','2022-05-22 17:00:07'),(1847,'default','created','App\\Models\\OrderDetail',656,'App\\Models\\User',1,'{\"attributes\":{\"order_id\":104,\"product_id\":37,\"sellprice\":21.5,\"quantity\":\"2.00\"}}','2022-05-22 17:00:07','2022-05-22 17:00:07'),(1848,'default','updated','App\\Models\\Stock',65,'App\\Models\\User',1,'{\"attributes\":{\"warehouse_id\":1,\"product_id\":37,\"alert\":\"0.00\",\"total\":83},\"old\":{\"warehouse_id\":1,\"product_id\":37,\"alert\":\"0.00\",\"total\":85}}','2022-05-22 17:00:07','2022-05-22 17:00:07'),(1849,'default','created','App\\Models\\OrderDetail',657,'App\\Models\\User',1,'{\"attributes\":{\"order_id\":104,\"product_id\":27,\"sellprice\":18,\"quantity\":\"2.00\"}}','2022-05-22 17:00:07','2022-05-22 17:00:07'),(1850,'default','updated','App\\Models\\Stock',63,'App\\Models\\User',1,'{\"attributes\":{\"warehouse_id\":1,\"product_id\":27,\"alert\":\"0.00\",\"total\":154},\"old\":{\"warehouse_id\":1,\"product_id\":27,\"alert\":\"0.00\",\"total\":156}}','2022-05-22 17:00:07','2022-05-22 17:00:07'),(1851,'default','created','App\\Models\\OrderDetail',658,'App\\Models\\User',1,'{\"attributes\":{\"order_id\":104,\"product_id\":1,\"sellprice\":13,\"quantity\":\"5.00\"}}','2022-05-22 17:00:07','2022-05-22 17:00:07'),(1852,'default','updated','App\\Models\\Stock',60,'App\\Models\\User',1,'{\"attributes\":{\"warehouse_id\":1,\"product_id\":1,\"alert\":\"0.00\",\"total\":170},\"old\":{\"warehouse_id\":1,\"product_id\":1,\"alert\":\"0.00\",\"total\":175}}','2022-05-22 17:00:07','2022-05-22 17:00:07'),(1853,'default','created','App\\Models\\OrderDetail',659,'App\\Models\\User',1,'{\"attributes\":{\"order_id\":104,\"product_id\":33,\"sellprice\":23,\"quantity\":\"6.00\"}}','2022-05-22 17:00:07','2022-05-22 17:00:07'),(1854,'default','updated','App\\Models\\Stock',87,'App\\Models\\User',1,'{\"attributes\":{\"warehouse_id\":1,\"product_id\":33,\"alert\":\"0.00\",\"total\":64},\"old\":{\"warehouse_id\":1,\"product_id\":33,\"alert\":\"0.00\",\"total\":70}}','2022-05-22 17:00:07','2022-05-22 17:00:07'),(1855,'default','created','App\\Models\\OrderDetail',660,'App\\Models\\User',1,'{\"attributes\":{\"order_id\":104,\"product_id\":7,\"sellprice\":14,\"quantity\":\"5.00\"}}','2022-05-22 17:00:07','2022-05-22 17:00:07'),(1856,'default','updated','App\\Models\\Stock',82,'App\\Models\\User',1,'{\"attributes\":{\"warehouse_id\":1,\"product_id\":7,\"alert\":\"0.00\",\"total\":90},\"old\":{\"warehouse_id\":1,\"product_id\":7,\"alert\":\"0.00\",\"total\":95}}','2022-05-22 17:00:07','2022-05-22 17:00:07'),(1857,'default','created','App\\Models\\OrderDetail',661,'App\\Models\\User',1,'{\"attributes\":{\"order_id\":104,\"product_id\":9,\"sellprice\":12.5,\"quantity\":\"15.00\"}}','2022-05-22 17:00:07','2022-05-22 17:00:07'),(1858,'default','updated','App\\Models\\Stock',90,'App\\Models\\User',1,'{\"attributes\":{\"warehouse_id\":1,\"product_id\":9,\"alert\":\"0.00\",\"total\":34},\"old\":{\"warehouse_id\":1,\"product_id\":9,\"alert\":\"0.00\",\"total\":49}}','2022-05-22 17:00:07','2022-05-22 17:00:07'),(1859,'default','created','App\\Models\\Order',105,'App\\Models\\User',1,'{\"attributes\":{\"warehouse_id\":1,\"customer_id\":6,\"user_id\":1,\"subtotal\":495,\"vat\":0,\"discount\":0,\"grandtotal\":495,\"kh_grandtotal\":null}}','2022-05-22 17:00:58','2022-05-22 17:00:58'),(1860,'default','updated','App\\Models\\Balance',23,'App\\Models\\User',1,'{\"attributes\":{\"remain\":\"32285.50\",\"income\":\"13322.00\",\"withdraw\":\"0.00\",\"balance\":\"45607.50\",\"balance_date\":\"2022-05-22\",\"warehouse_id\":1,\"user_id\":1},\"old\":{\"remain\":\"32285.50\",\"income\":\"12827.00\",\"withdraw\":\"0.00\",\"balance\":\"45112.50\",\"balance_date\":\"2022-05-22\",\"warehouse_id\":1,\"user_id\":1}}','2022-05-22 17:00:58','2022-05-22 17:00:58'),(1861,'default','created','App\\Models\\OrderDetail',662,'App\\Models\\User',1,'{\"attributes\":{\"order_id\":105,\"product_id\":1,\"sellprice\":13,\"quantity\":\"10.00\"}}','2022-05-22 17:00:58','2022-05-22 17:00:58'),(1862,'default','updated','App\\Models\\Stock',60,'App\\Models\\User',1,'{\"attributes\":{\"warehouse_id\":1,\"product_id\":1,\"alert\":\"0.00\",\"total\":160},\"old\":{\"warehouse_id\":1,\"product_id\":1,\"alert\":\"0.00\",\"total\":170}}','2022-05-22 17:00:58','2022-05-22 17:00:58'),(1863,'default','created','App\\Models\\OrderDetail',663,'App\\Models\\User',1,'{\"attributes\":{\"order_id\":105,\"product_id\":11,\"sellprice\":20.5,\"quantity\":\"10.00\"}}','2022-05-22 17:00:58','2022-05-22 17:00:58'),(1864,'default','updated','App\\Models\\Stock',74,'App\\Models\\User',1,'{\"attributes\":{\"warehouse_id\":1,\"product_id\":11,\"alert\":\"0.00\",\"total\":35},\"old\":{\"warehouse_id\":1,\"product_id\":11,\"alert\":\"0.00\",\"total\":45}}','2022-05-22 17:00:58','2022-05-22 17:00:58'),(1865,'default','created','App\\Models\\OrderDetail',664,'App\\Models\\User',1,'{\"attributes\":{\"order_id\":105,\"product_id\":6,\"sellprice\":16,\"quantity\":\"10.00\"}}','2022-05-22 17:00:58','2022-05-22 17:00:58'),(1866,'default','updated','App\\Models\\Stock',72,'App\\Models\\User',1,'{\"attributes\":{\"warehouse_id\":1,\"product_id\":6,\"alert\":\"0.00\",\"total\":146},\"old\":{\"warehouse_id\":1,\"product_id\":6,\"alert\":\"0.00\",\"total\":156}}','2022-05-22 17:00:58','2022-05-22 17:00:58'),(1867,'default','created','App\\Models\\Balance',24,'App\\Models\\User',1,'{\"attributes\":{\"remain\":\"45607.50\",\"income\":\"0.00\",\"withdraw\":\"0.00\",\"balance\":\"45607.50\",\"balance_date\":\"2022-05-23\",\"warehouse_id\":1,\"user_id\":1}}','2022-05-23 09:47:10','2022-05-23 09:47:10'),(1868,'default','created','App\\Models\\Order',106,'App\\Models\\User',1,'{\"attributes\":{\"warehouse_id\":1,\"customer_id\":6,\"user_id\":1,\"subtotal\":432.5,\"vat\":0,\"discount\":0,\"grandtotal\":432.5,\"kh_grandtotal\":null}}','2022-05-23 15:59:52','2022-05-23 15:59:52'),(1869,'default','updated','App\\Models\\Balance',24,'App\\Models\\User',1,'{\"attributes\":{\"remain\":\"45607.50\",\"income\":\"432.50\",\"withdraw\":\"0.00\",\"balance\":\"46040.00\",\"balance_date\":\"2022-05-23\",\"warehouse_id\":1,\"user_id\":1},\"old\":{\"remain\":\"45607.50\",\"income\":\"0.00\",\"withdraw\":\"0.00\",\"balance\":\"45607.50\",\"balance_date\":\"2022-05-23\",\"warehouse_id\":1,\"user_id\":1}}','2022-05-23 15:59:52','2022-05-23 15:59:52'),(1870,'default','created','App\\Models\\OrderDetail',665,'App\\Models\\User',1,'{\"attributes\":{\"order_id\":106,\"product_id\":40,\"sellprice\":13.5,\"quantity\":\"5.00\"}}','2022-05-23 15:59:52','2022-05-23 15:59:52'),(1871,'default','updated','App\\Models\\Stock',49,'App\\Models\\User',1,'{\"attributes\":{\"warehouse_id\":1,\"product_id\":40,\"alert\":\"0.00\",\"total\":10},\"old\":{\"warehouse_id\":1,\"product_id\":40,\"alert\":\"0.00\",\"total\":15}}','2022-05-23 15:59:52','2022-05-23 15:59:52'),(1872,'default','created','App\\Models\\OrderDetail',666,'App\\Models\\User',1,'{\"attributes\":{\"order_id\":106,\"product_id\":10,\"sellprice\":19.5,\"quantity\":\"10.00\"}}','2022-05-23 15:59:52','2022-05-23 15:59:52'),(1873,'default','updated','App\\Models\\Stock',85,'App\\Models\\User',1,'{\"attributes\":{\"warehouse_id\":1,\"product_id\":10,\"alert\":\"0.00\",\"total\":58},\"old\":{\"warehouse_id\":1,\"product_id\":10,\"alert\":\"0.00\",\"total\":68}}','2022-05-23 15:59:52','2022-05-23 15:59:52'),(1874,'default','created','App\\Models\\OrderDetail',667,'App\\Models\\User',1,'{\"attributes\":{\"order_id\":106,\"product_id\":36,\"sellprice\":17,\"quantity\":\"10.00\"}}','2022-05-23 15:59:52','2022-05-23 15:59:52'),(1875,'default','updated','App\\Models\\Stock',89,'App\\Models\\User',1,'{\"attributes\":{\"warehouse_id\":1,\"product_id\":36,\"alert\":\"0.00\",\"total\":65},\"old\":{\"warehouse_id\":1,\"product_id\":36,\"alert\":\"0.00\",\"total\":75}}','2022-05-23 15:59:52','2022-05-23 15:59:52'),(1876,'default','created','App\\Models\\Order',107,'App\\Models\\User',1,'{\"attributes\":{\"warehouse_id\":1,\"customer_id\":6,\"user_id\":1,\"subtotal\":386,\"vat\":0,\"discount\":0,\"grandtotal\":386,\"kh_grandtotal\":null}}','2022-05-23 19:07:04','2022-05-23 19:07:04'),(1877,'default','updated','App\\Models\\Balance',24,'App\\Models\\User',1,'{\"attributes\":{\"remain\":\"45607.50\",\"income\":\"818.50\",\"withdraw\":\"0.00\",\"balance\":\"46426.00\",\"balance_date\":\"2022-05-23\",\"warehouse_id\":1,\"user_id\":1},\"old\":{\"remain\":\"45607.50\",\"income\":\"432.50\",\"withdraw\":\"0.00\",\"balance\":\"46040.00\",\"balance_date\":\"2022-05-23\",\"warehouse_id\":1,\"user_id\":1}}','2022-05-23 19:07:04','2022-05-23 19:07:04'),(1878,'default','created','App\\Models\\OrderDetail',668,'App\\Models\\User',1,'{\"attributes\":{\"order_id\":107,\"product_id\":18,\"sellprice\":14.5,\"quantity\":\"8.00\"}}','2022-05-23 19:07:04','2022-05-23 19:07:04'),(1879,'default','updated','App\\Models\\Stock',52,'App\\Models\\User',1,'{\"attributes\":{\"warehouse_id\":1,\"product_id\":18,\"alert\":\"0.00\",\"total\":0},\"old\":{\"warehouse_id\":1,\"product_id\":18,\"alert\":\"0.00\",\"total\":8}}','2022-05-23 19:07:04','2022-05-23 19:07:04'),(1880,'default','created','App\\Models\\OrderDetail',669,'App\\Models\\User',1,'{\"attributes\":{\"order_id\":107,\"product_id\":7,\"sellprice\":14,\"quantity\":\"10.00\"}}','2022-05-23 19:07:04','2022-05-23 19:07:04'),(1881,'default','updated','App\\Models\\Stock',82,'App\\Models\\User',1,'{\"attributes\":{\"warehouse_id\":1,\"product_id\":7,\"alert\":\"0.00\",\"total\":80},\"old\":{\"warehouse_id\":1,\"product_id\":7,\"alert\":\"0.00\",\"total\":90}}','2022-05-23 19:07:04','2022-05-23 19:07:04'),(1882,'default','created','App\\Models\\OrderDetail',670,'App\\Models\\User',1,'{\"attributes\":{\"order_id\":107,\"product_id\":1,\"sellprice\":13,\"quantity\":\"10.00\"}}','2022-05-23 19:07:04','2022-05-23 19:07:04'),(1883,'default','updated','App\\Models\\Stock',60,'App\\Models\\User',1,'{\"attributes\":{\"warehouse_id\":1,\"product_id\":1,\"alert\":\"0.00\",\"total\":150},\"old\":{\"warehouse_id\":1,\"product_id\":1,\"alert\":\"0.00\",\"total\":160}}','2022-05-23 19:07:04','2022-05-23 19:07:04'),(1884,'default','created','App\\Models\\Balance',25,'App\\Models\\User',1,'{\"attributes\":{\"remain\":\"46426.00\",\"income\":\"0.00\",\"withdraw\":\"0.00\",\"balance\":\"46426.00\",\"balance_date\":\"2022-05-25\",\"warehouse_id\":1,\"user_id\":1}}','2022-05-25 08:26:59','2022-05-25 08:26:59'),(1885,'default','created','App\\Models\\Order',108,'App\\Models\\User',1,'{\"attributes\":{\"warehouse_id\":1,\"customer_id\":14,\"user_id\":1,\"subtotal\":1345,\"vat\":0,\"discount\":0,\"grandtotal\":1345,\"kh_grandtotal\":null}}','2022-05-25 08:30:15','2022-05-25 08:30:15'),(1886,'default','updated','App\\Models\\Balance',25,'App\\Models\\User',1,'{\"attributes\":{\"remain\":\"46426.00\",\"income\":\"1345.00\",\"withdraw\":\"0.00\",\"balance\":\"47771.00\",\"balance_date\":\"2022-05-25\",\"warehouse_id\":1,\"user_id\":1},\"old\":{\"remain\":\"46426.00\",\"income\":\"0.00\",\"withdraw\":\"0.00\",\"balance\":\"46426.00\",\"balance_date\":\"2022-05-25\",\"warehouse_id\":1,\"user_id\":1}}','2022-05-25 08:30:15','2022-05-25 08:30:15'),(1887,'default','created','App\\Models\\OrderDetail',671,'App\\Models\\User',1,'{\"attributes\":{\"order_id\":108,\"product_id\":47,\"sellprice\":17,\"quantity\":\"5.00\"}}','2022-05-25 08:30:15','2022-05-25 08:30:15'),(1888,'default','updated','App\\Models\\Stock',86,'App\\Models\\User',1,'{\"attributes\":{\"warehouse_id\":1,\"product_id\":47,\"alert\":\"0.00\",\"total\":28},\"old\":{\"warehouse_id\":1,\"product_id\":47,\"alert\":\"0.00\",\"total\":33}}','2022-05-25 08:30:15','2022-05-25 08:30:15'),(1889,'default','created','App\\Models\\OrderDetail',672,'App\\Models\\User',1,'{\"attributes\":{\"order_id\":108,\"product_id\":10,\"sellprice\":19.5,\"quantity\":\"3.00\"}}','2022-05-25 08:30:15','2022-05-25 08:30:15'),(1890,'default','updated','App\\Models\\Stock',85,'App\\Models\\User',1,'{\"attributes\":{\"warehouse_id\":1,\"product_id\":10,\"alert\":\"0.00\",\"total\":55},\"old\":{\"warehouse_id\":1,\"product_id\":10,\"alert\":\"0.00\",\"total\":58}}','2022-05-25 08:30:15','2022-05-25 08:30:15'),(1891,'default','created','App\\Models\\OrderDetail',673,'App\\Models\\User',1,'{\"attributes\":{\"order_id\":108,\"product_id\":15,\"sellprice\":15.5,\"quantity\":\"2.00\"}}','2022-05-25 08:30:15','2022-05-25 08:30:15'),(1892,'default','updated','App\\Models\\Stock',68,'App\\Models\\User',1,'{\"attributes\":{\"warehouse_id\":1,\"product_id\":15,\"alert\":\"0.00\",\"total\":48},\"old\":{\"warehouse_id\":1,\"product_id\":15,\"alert\":\"0.00\",\"total\":50}}','2022-05-25 08:30:15','2022-05-25 08:30:15'),(1893,'default','created','App\\Models\\OrderDetail',674,'App\\Models\\User',1,'{\"attributes\":{\"order_id\":108,\"product_id\":14,\"sellprice\":15.5,\"quantity\":\"3.00\"}}','2022-05-25 08:30:15','2022-05-25 08:30:15'),(1894,'default','updated','App\\Models\\Stock',69,'App\\Models\\User',1,'{\"attributes\":{\"warehouse_id\":1,\"product_id\":14,\"alert\":\"0.00\",\"total\":62},\"old\":{\"warehouse_id\":1,\"product_id\":14,\"alert\":\"0.00\",\"total\":65}}','2022-05-25 08:30:15','2022-05-25 08:30:15'),(1895,'default','created','App\\Models\\OrderDetail',675,'App\\Models\\User',1,'{\"attributes\":{\"order_id\":108,\"product_id\":27,\"sellprice\":18,\"quantity\":\"3.00\"}}','2022-05-25 08:30:15','2022-05-25 08:30:15'),(1896,'default','updated','App\\Models\\Stock',63,'App\\Models\\User',1,'{\"attributes\":{\"warehouse_id\":1,\"product_id\":27,\"alert\":\"0.00\",\"total\":151},\"old\":{\"warehouse_id\":1,\"product_id\":27,\"alert\":\"0.00\",\"total\":154}}','2022-05-25 08:30:15','2022-05-25 08:30:15'),(1897,'default','created','App\\Models\\OrderDetail',676,'App\\Models\\User',1,'{\"attributes\":{\"order_id\":108,\"product_id\":43,\"sellprice\":14.5,\"quantity\":\"5.00\"}}','2022-05-25 08:30:15','2022-05-25 08:30:15'),(1898,'default','updated','App\\Models\\Stock',53,'App\\Models\\User',1,'{\"attributes\":{\"warehouse_id\":1,\"product_id\":43,\"alert\":\"0.00\",\"total\":63},\"old\":{\"warehouse_id\":1,\"product_id\":43,\"alert\":\"0.00\",\"total\":68}}','2022-05-25 08:30:15','2022-05-25 08:30:15'),(1899,'default','created','App\\Models\\OrderDetail',677,'App\\Models\\User',1,'{\"attributes\":{\"order_id\":108,\"product_id\":58,\"sellprice\":17.5,\"quantity\":\"5.00\"}}','2022-05-25 08:30:15','2022-05-25 08:30:15'),(1900,'default','updated','App\\Models\\Stock',96,'App\\Models\\User',1,'{\"attributes\":{\"warehouse_id\":1,\"product_id\":58,\"alert\":\"0.00\",\"total\":5},\"old\":{\"warehouse_id\":1,\"product_id\":58,\"alert\":\"0.00\",\"total\":10}}','2022-05-25 08:30:15','2022-05-25 08:30:15'),(1901,'default','created','App\\Models\\OrderDetail',678,'App\\Models\\User',1,'{\"attributes\":{\"order_id\":108,\"product_id\":1,\"sellprice\":13,\"quantity\":\"10.00\"}}','2022-05-25 08:30:15','2022-05-25 08:30:15'),(1902,'default','updated','App\\Models\\Stock',60,'App\\Models\\User',1,'{\"attributes\":{\"warehouse_id\":1,\"product_id\":1,\"alert\":\"0.00\",\"total\":140},\"old\":{\"warehouse_id\":1,\"product_id\":1,\"alert\":\"0.00\",\"total\":150}}','2022-05-25 08:30:15','2022-05-25 08:30:15'),(1903,'default','created','App\\Models\\OrderDetail',679,'App\\Models\\User',1,'{\"attributes\":{\"order_id\":108,\"product_id\":53,\"sellprice\":14,\"quantity\":\"10.00\"}}','2022-05-25 08:30:15','2022-05-25 08:30:15'),(1904,'default','updated','App\\Models\\Stock',95,'App\\Models\\User',1,'{\"attributes\":{\"warehouse_id\":1,\"product_id\":53,\"alert\":\"0.00\",\"total\":40},\"old\":{\"warehouse_id\":1,\"product_id\":53,\"alert\":\"0.00\",\"total\":50}}','2022-05-25 08:30:15','2022-05-25 08:30:15'),(1905,'default','created','App\\Models\\OrderDetail',680,'App\\Models\\User',1,'{\"attributes\":{\"order_id\":108,\"product_id\":33,\"sellprice\":23,\"quantity\":\"10.00\"}}','2022-05-25 08:30:15','2022-05-25 08:30:15'),(1906,'default','updated','App\\Models\\Stock',87,'App\\Models\\User',1,'{\"attributes\":{\"warehouse_id\":1,\"product_id\":33,\"alert\":\"0.00\",\"total\":54},\"old\":{\"warehouse_id\":1,\"product_id\":33,\"alert\":\"0.00\",\"total\":64}}','2022-05-25 08:30:15','2022-05-25 08:30:15'),(1907,'default','created','App\\Models\\OrderDetail',681,'App\\Models\\User',1,'{\"attributes\":{\"order_id\":108,\"product_id\":32,\"sellprice\":14,\"quantity\":\"10.00\"}}','2022-05-25 08:30:15','2022-05-25 08:30:15'),(1908,'default','updated','App\\Models\\Stock',71,'App\\Models\\User',1,'{\"attributes\":{\"warehouse_id\":1,\"product_id\":32,\"alert\":\"0.00\",\"total\":344},\"old\":{\"warehouse_id\":1,\"product_id\":32,\"alert\":\"0.00\",\"total\":354}}','2022-05-25 08:30:15','2022-05-25 08:30:15'),(1909,'default','created','App\\Models\\OrderDetail',682,'App\\Models\\User',1,'{\"attributes\":{\"order_id\":108,\"product_id\":9,\"sellprice\":12.5,\"quantity\":\"10.00\"}}','2022-05-25 08:30:15','2022-05-25 08:30:15'),(1910,'default','updated','App\\Models\\Stock',90,'App\\Models\\User',1,'{\"attributes\":{\"warehouse_id\":1,\"product_id\":9,\"alert\":\"0.00\",\"total\":24},\"old\":{\"warehouse_id\":1,\"product_id\":9,\"alert\":\"0.00\",\"total\":34}}','2022-05-25 08:30:15','2022-05-25 08:30:15'),(1911,'default','created','App\\Models\\OrderDetail',683,'App\\Models\\User',1,'{\"attributes\":{\"order_id\":108,\"product_id\":4,\"sellprice\":14.5,\"quantity\":\"10.00\"}}','2022-05-25 08:30:15','2022-05-25 08:30:15'),(1912,'default','updated','App\\Models\\Stock',56,'App\\Models\\User',1,'{\"attributes\":{\"warehouse_id\":1,\"product_id\":4,\"alert\":\"0.00\",\"total\":100},\"old\":{\"warehouse_id\":1,\"product_id\":4,\"alert\":\"0.00\",\"total\":110}}','2022-05-25 08:30:15','2022-05-25 08:30:15'),(1913,'default','created','App\\Models\\Order',109,'App\\Models\\User',1,'{\"attributes\":{\"warehouse_id\":1,\"customer_id\":14,\"user_id\":1,\"subtotal\":1599,\"vat\":0,\"discount\":0,\"grandtotal\":1599,\"kh_grandtotal\":null}}','2022-05-25 08:32:55','2022-05-25 08:32:55'),(1914,'default','updated','App\\Models\\Balance',25,'App\\Models\\User',1,'{\"attributes\":{\"remain\":\"46426.00\",\"income\":\"2944.00\",\"withdraw\":\"0.00\",\"balance\":\"49370.00\",\"balance_date\":\"2022-05-25\",\"warehouse_id\":1,\"user_id\":1},\"old\":{\"remain\":\"46426.00\",\"income\":\"1345.00\",\"withdraw\":\"0.00\",\"balance\":\"47771.00\",\"balance_date\":\"2022-05-25\",\"warehouse_id\":1,\"user_id\":1}}','2022-05-25 08:32:55','2022-05-25 08:32:55'),(1915,'default','created','App\\Models\\OrderDetail',684,'App\\Models\\User',1,'{\"attributes\":{\"order_id\":109,\"product_id\":17,\"sellprice\":80,\"quantity\":\"2.00\"}}','2022-05-25 08:32:55','2022-05-25 08:32:55'),(1916,'default','updated','App\\Models\\Stock',46,'App\\Models\\User',1,'{\"attributes\":{\"warehouse_id\":1,\"product_id\":17,\"alert\":\"0.00\",\"total\":6},\"old\":{\"warehouse_id\":1,\"product_id\":17,\"alert\":\"0.00\",\"total\":8}}','2022-05-25 08:32:55','2022-05-25 08:32:55'),(1917,'default','created','App\\Models\\OrderDetail',685,'App\\Models\\User',1,'{\"attributes\":{\"order_id\":109,\"product_id\":16,\"sellprice\":41,\"quantity\":\"5.00\"}}','2022-05-25 08:32:55','2022-05-25 08:32:55'),(1918,'default','updated','App\\Models\\Stock',80,'App\\Models\\User',1,'{\"attributes\":{\"warehouse_id\":1,\"product_id\":16,\"alert\":\"0.00\",\"total\":19},\"old\":{\"warehouse_id\":1,\"product_id\":16,\"alert\":\"0.00\",\"total\":24}}','2022-05-25 08:32:55','2022-05-25 08:32:55'),(1919,'default','created','App\\Models\\OrderDetail',686,'App\\Models\\User',1,'{\"attributes\":{\"order_id\":109,\"product_id\":44,\"sellprice\":59,\"quantity\":\"5.00\"}}','2022-05-25 08:32:55','2022-05-25 08:32:55'),(1920,'default','updated','App\\Models\\Stock',81,'App\\Models\\User',1,'{\"attributes\":{\"warehouse_id\":1,\"product_id\":44,\"alert\":\"0.00\",\"total\":8},\"old\":{\"warehouse_id\":1,\"product_id\":44,\"alert\":\"0.00\",\"total\":13}}','2022-05-25 08:32:55','2022-05-25 08:32:55'),(1921,'default','created','App\\Models\\OrderDetail',687,'App\\Models\\User',1,'{\"attributes\":{\"order_id\":109,\"product_id\":42,\"sellprice\":22,\"quantity\":\"2.00\"}}','2022-05-25 08:32:55','2022-05-25 08:32:55'),(1922,'default','updated','App\\Models\\Stock',78,'App\\Models\\User',1,'{\"attributes\":{\"warehouse_id\":1,\"product_id\":42,\"alert\":\"0.00\",\"total\":2},\"old\":{\"warehouse_id\":1,\"product_id\":42,\"alert\":\"0.00\",\"total\":4}}','2022-05-25 08:32:55','2022-05-25 08:32:55'),(1923,'default','created','App\\Models\\OrderDetail',688,'App\\Models\\User',1,'{\"attributes\":{\"order_id\":109,\"product_id\":45,\"sellprice\":17,\"quantity\":\"5.00\"}}','2022-05-25 08:32:55','2022-05-25 08:32:55'),(1924,'default','updated','App\\Models\\Stock',58,'App\\Models\\User',1,'{\"attributes\":{\"warehouse_id\":1,\"product_id\":45,\"alert\":\"0.00\",\"total\":30},\"old\":{\"warehouse_id\":1,\"product_id\":45,\"alert\":\"0.00\",\"total\":35}}','2022-05-25 08:32:55','2022-05-25 08:32:55'),(1925,'default','created','App\\Models\\OrderDetail',689,'App\\Models\\User',1,'{\"attributes\":{\"order_id\":109,\"product_id\":28,\"sellprice\":18,\"quantity\":\"5.00\"}}','2022-05-25 08:32:55','2022-05-25 08:32:55'),(1926,'default','updated','App\\Models\\Stock',73,'App\\Models\\User',1,'{\"attributes\":{\"warehouse_id\":1,\"product_id\":28,\"alert\":\"0.00\",\"total\":80},\"old\":{\"warehouse_id\":1,\"product_id\":28,\"alert\":\"0.00\",\"total\":85}}','2022-05-25 08:32:55','2022-05-25 08:32:55'),(1927,'default','created','App\\Models\\OrderDetail',690,'App\\Models\\User',1,'{\"attributes\":{\"order_id\":109,\"product_id\":36,\"sellprice\":17,\"quantity\":\"5.00\"}}','2022-05-25 08:32:55','2022-05-25 08:32:55'),(1928,'default','updated','App\\Models\\Stock',89,'App\\Models\\User',1,'{\"attributes\":{\"warehouse_id\":1,\"product_id\":36,\"alert\":\"0.00\",\"total\":60},\"old\":{\"warehouse_id\":1,\"product_id\":36,\"alert\":\"0.00\",\"total\":65}}','2022-05-25 08:32:55','2022-05-25 08:32:55'),(1929,'default','created','App\\Models\\OrderDetail',691,'App\\Models\\User',1,'{\"attributes\":{\"order_id\":109,\"product_id\":35,\"sellprice\":13.5,\"quantity\":\"5.00\"}}','2022-05-25 08:32:55','2022-05-25 08:32:55'),(1930,'default','updated','App\\Models\\Stock',88,'App\\Models\\User',1,'{\"attributes\":{\"warehouse_id\":1,\"product_id\":35,\"alert\":\"0.00\",\"total\":48},\"old\":{\"warehouse_id\":1,\"product_id\":35,\"alert\":\"0.00\",\"total\":53}}','2022-05-25 08:32:55','2022-05-25 08:32:55'),(1931,'default','created','App\\Models\\OrderDetail',692,'App\\Models\\User',1,'{\"attributes\":{\"order_id\":109,\"product_id\":2,\"sellprice\":11,\"quantity\":\"5.00\"}}','2022-05-25 08:32:55','2022-05-25 08:32:55'),(1932,'default','updated','App\\Models\\Stock',59,'App\\Models\\User',1,'{\"attributes\":{\"warehouse_id\":1,\"product_id\":2,\"alert\":\"0.00\",\"total\":70},\"old\":{\"warehouse_id\":1,\"product_id\":2,\"alert\":\"0.00\",\"total\":75}}','2022-05-25 08:32:55','2022-05-25 08:32:55'),(1933,'default','created','App\\Models\\OrderDetail',693,'App\\Models\\User',1,'{\"attributes\":{\"order_id\":109,\"product_id\":7,\"sellprice\":14,\"quantity\":\"15.00\"}}','2022-05-25 08:32:55','2022-05-25 08:32:55'),(1934,'default','updated','App\\Models\\Stock',82,'App\\Models\\User',1,'{\"attributes\":{\"warehouse_id\":1,\"product_id\":7,\"alert\":\"0.00\",\"total\":65},\"old\":{\"warehouse_id\":1,\"product_id\":7,\"alert\":\"0.00\",\"total\":80}}','2022-05-25 08:32:55','2022-05-25 08:32:55'),(1935,'default','created','App\\Models\\OrderDetail',694,'App\\Models\\User',1,'{\"attributes\":{\"order_id\":109,\"product_id\":13,\"sellprice\":18.5,\"quantity\":\"5.00\"}}','2022-05-25 08:32:55','2022-05-25 08:32:55'),(1936,'default','updated','App\\Models\\Stock',79,'App\\Models\\User',1,'{\"attributes\":{\"warehouse_id\":1,\"product_id\":13,\"alert\":\"0.00\",\"total\":54},\"old\":{\"warehouse_id\":1,\"product_id\":13,\"alert\":\"0.00\",\"total\":59}}','2022-05-25 08:32:55','2022-05-25 08:32:55'),(1937,'default','created','App\\Models\\OrderDetail',695,'App\\Models\\User',1,'{\"attributes\":{\"order_id\":109,\"product_id\":8,\"sellprice\":14,\"quantity\":\"15.00\"}}','2022-05-25 08:32:55','2022-05-25 08:32:55'),(1938,'default','updated','App\\Models\\Stock',83,'App\\Models\\User',1,'{\"attributes\":{\"warehouse_id\":1,\"product_id\":8,\"alert\":\"0.00\",\"total\":215},\"old\":{\"warehouse_id\":1,\"product_id\":8,\"alert\":\"0.00\",\"total\":230}}','2022-05-25 08:32:55','2022-05-25 08:32:55'),(1939,'default','created','App\\Models\\Order',110,'App\\Models\\User',1,'{\"attributes\":{\"warehouse_id\":1,\"customer_id\":6,\"user_id\":1,\"subtotal\":580,\"vat\":0,\"discount\":0,\"grandtotal\":580,\"kh_grandtotal\":null}}','2022-05-25 08:34:08','2022-05-25 08:34:08'),(1940,'default','updated','App\\Models\\Balance',25,'App\\Models\\User',1,'{\"attributes\":{\"remain\":\"46426.00\",\"income\":\"3524.00\",\"withdraw\":\"0.00\",\"balance\":\"49950.00\",\"balance_date\":\"2022-05-25\",\"warehouse_id\":1,\"user_id\":1},\"old\":{\"remain\":\"46426.00\",\"income\":\"2944.00\",\"withdraw\":\"0.00\",\"balance\":\"49370.00\",\"balance_date\":\"2022-05-25\",\"warehouse_id\":1,\"user_id\":1}}','2022-05-25 08:34:08','2022-05-25 08:34:08'),(1941,'default','created','App\\Models\\OrderDetail',696,'App\\Models\\User',1,'{\"attributes\":{\"order_id\":110,\"product_id\":14,\"sellprice\":15.5,\"quantity\":\"10.00\"}}','2022-05-25 08:34:08','2022-05-25 08:34:08'),(1942,'default','updated','App\\Models\\Stock',69,'App\\Models\\User',1,'{\"attributes\":{\"warehouse_id\":1,\"product_id\":14,\"alert\":\"0.00\",\"total\":52},\"old\":{\"warehouse_id\":1,\"product_id\":14,\"alert\":\"0.00\",\"total\":62}}','2022-05-25 08:34:08','2022-05-25 08:34:08'),(1943,'default','created','App\\Models\\OrderDetail',697,'App\\Models\\User',1,'{\"attributes\":{\"order_id\":110,\"product_id\":5,\"sellprice\":15,\"quantity\":\"10.00\"}}','2022-05-25 08:34:08','2022-05-25 08:34:08'),(1944,'default','updated','App\\Models\\Stock',76,'App\\Models\\User',1,'{\"attributes\":{\"warehouse_id\":1,\"product_id\":5,\"alert\":\"0.00\",\"total\":31},\"old\":{\"warehouse_id\":1,\"product_id\":5,\"alert\":\"0.00\",\"total\":41}}','2022-05-25 08:34:08','2022-05-25 08:34:08'),(1945,'default','created','App\\Models\\OrderDetail',698,'App\\Models\\User',1,'{\"attributes\":{\"order_id\":110,\"product_id\":4,\"sellprice\":14.5,\"quantity\":\"10.00\"}}','2022-05-25 08:34:08','2022-05-25 08:34:08'),(1946,'default','updated','App\\Models\\Stock',56,'App\\Models\\User',1,'{\"attributes\":{\"warehouse_id\":1,\"product_id\":4,\"alert\":\"0.00\",\"total\":90},\"old\":{\"warehouse_id\":1,\"product_id\":4,\"alert\":\"0.00\",\"total\":100}}','2022-05-25 08:34:08','2022-05-25 08:34:08'),(1947,'default','created','App\\Models\\OrderDetail',699,'App\\Models\\User',1,'{\"attributes\":{\"order_id\":110,\"product_id\":3,\"sellprice\":13,\"quantity\":\"10.00\"}}','2022-05-25 08:34:08','2022-05-25 08:34:08'),(1948,'default','updated','App\\Models\\Stock',66,'App\\Models\\User',1,'{\"attributes\":{\"warehouse_id\":1,\"product_id\":3,\"alert\":\"0.00\",\"total\":-8},\"old\":{\"warehouse_id\":1,\"product_id\":3,\"alert\":\"0.00\",\"total\":2}}','2022-05-25 08:34:08','2022-05-25 08:34:08'),(1949,'default','created','App\\Models\\Order',111,'App\\Models\\User',1,'{\"attributes\":{\"warehouse_id\":1,\"customer_id\":4,\"user_id\":1,\"subtotal\":672,\"vat\":0,\"discount\":0,\"grandtotal\":672,\"kh_grandtotal\":null}}','2022-05-25 08:39:10','2022-05-25 08:39:10'),(1950,'default','updated','App\\Models\\Balance',25,'App\\Models\\User',1,'{\"attributes\":{\"remain\":\"46426.00\",\"income\":\"4196.00\",\"withdraw\":\"0.00\",\"balance\":\"50622.00\",\"balance_date\":\"2022-05-25\",\"warehouse_id\":1,\"user_id\":1},\"old\":{\"remain\":\"46426.00\",\"income\":\"3524.00\",\"withdraw\":\"0.00\",\"balance\":\"49950.00\",\"balance_date\":\"2022-05-25\",\"warehouse_id\":1,\"user_id\":1}}','2022-05-25 08:39:10','2022-05-25 08:39:10'),(1951,'default','created','App\\Models\\OrderDetail',700,'App\\Models\\User',1,'{\"attributes\":{\"order_id\":111,\"product_id\":44,\"sellprice\":59,\"quantity\":\"5.00\"}}','2022-05-25 08:39:10','2022-05-25 08:39:10'),(1952,'default','updated','App\\Models\\Stock',81,'App\\Models\\User',1,'{\"attributes\":{\"warehouse_id\":1,\"product_id\":44,\"alert\":\"0.00\",\"total\":3},\"old\":{\"warehouse_id\":1,\"product_id\":44,\"alert\":\"0.00\",\"total\":8}}','2022-05-25 08:39:10','2022-05-25 08:39:10'),(1953,'default','created','App\\Models\\OrderDetail',701,'App\\Models\\User',1,'{\"attributes\":{\"order_id\":111,\"product_id\":57,\"sellprice\":43,\"quantity\":\"4.00\"}}','2022-05-25 08:39:10','2022-05-25 08:39:10'),(1954,'default','updated','App\\Models\\Stock',94,'App\\Models\\User',1,'{\"attributes\":{\"warehouse_id\":1,\"product_id\":57,\"alert\":\"0.00\",\"total\":2},\"old\":{\"warehouse_id\":1,\"product_id\":57,\"alert\":\"0.00\",\"total\":6}}','2022-05-25 08:39:10','2022-05-25 08:39:10'),(1955,'default','created','App\\Models\\OrderDetail',702,'App\\Models\\User',1,'{\"attributes\":{\"order_id\":111,\"product_id\":16,\"sellprice\":41,\"quantity\":\"5.00\"}}','2022-05-25 08:39:10','2022-05-25 08:39:10'),(1956,'default','updated','App\\Models\\Stock',80,'App\\Models\\User',1,'{\"attributes\":{\"warehouse_id\":1,\"product_id\":16,\"alert\":\"0.00\",\"total\":14},\"old\":{\"warehouse_id\":1,\"product_id\":16,\"alert\":\"0.00\",\"total\":19}}','2022-05-25 08:39:10','2022-05-25 08:39:10'),(1957,'default','created','App\\Models\\Order',112,'App\\Models\\User',1,'{\"attributes\":{\"warehouse_id\":1,\"customer_id\":6,\"user_id\":1,\"subtotal\":350,\"vat\":0,\"discount\":0,\"grandtotal\":350,\"kh_grandtotal\":null}}','2022-05-25 16:07:11','2022-05-25 16:07:11'),(1958,'default','updated','App\\Models\\Balance',25,'App\\Models\\User',1,'{\"attributes\":{\"remain\":\"46426.00\",\"income\":\"4546.00\",\"withdraw\":\"0.00\",\"balance\":\"50972.00\",\"balance_date\":\"2022-05-25\",\"warehouse_id\":1,\"user_id\":1},\"old\":{\"remain\":\"46426.00\",\"income\":\"4196.00\",\"withdraw\":\"0.00\",\"balance\":\"50622.00\",\"balance_date\":\"2022-05-25\",\"warehouse_id\":1,\"user_id\":1}}','2022-05-25 16:07:11','2022-05-25 16:07:11'),(1959,'default','created','App\\Models\\OrderDetail',703,'App\\Models\\User',1,'{\"attributes\":{\"order_id\":112,\"product_id\":56,\"sellprice\":36,\"quantity\":\"2.00\"}}','2022-05-25 16:07:11','2022-05-25 16:07:11'),(1960,'default','updated','App\\Models\\Stock',93,'App\\Models\\User',1,'{\"attributes\":{\"warehouse_id\":1,\"product_id\":56,\"alert\":\"0.00\",\"total\":6},\"old\":{\"warehouse_id\":1,\"product_id\":56,\"alert\":\"0.00\",\"total\":8}}','2022-05-25 16:07:11','2022-05-25 16:07:11'),(1961,'default','created','App\\Models\\OrderDetail',704,'App\\Models\\User',1,'{\"attributes\":{\"order_id\":112,\"product_id\":44,\"sellprice\":59,\"quantity\":\"2.00\"}}','2022-05-25 16:07:11','2022-05-25 16:07:11'),(1962,'default','updated','App\\Models\\Stock',81,'App\\Models\\User',1,'{\"attributes\":{\"warehouse_id\":1,\"product_id\":44,\"alert\":\"0.00\",\"total\":1},\"old\":{\"warehouse_id\":1,\"product_id\":44,\"alert\":\"0.00\",\"total\":3}}','2022-05-25 16:07:11','2022-05-25 16:07:11'),(1963,'default','created','App\\Models\\OrderDetail',705,'App\\Models\\User',1,'{\"attributes\":{\"order_id\":112,\"product_id\":17,\"sellprice\":80,\"quantity\":\"2.00\"}}','2022-05-25 16:07:11','2022-05-25 16:07:11'),(1964,'default','updated','App\\Models\\Stock',46,'App\\Models\\User',1,'{\"attributes\":{\"warehouse_id\":1,\"product_id\":17,\"alert\":\"0.00\",\"total\":4},\"old\":{\"warehouse_id\":1,\"product_id\":17,\"alert\":\"0.00\",\"total\":6}}','2022-05-25 16:07:11','2022-05-25 16:07:11'),(1965,'default','created','App\\Models\\Product',59,'App\\Models\\User',1,'{\"attributes\":{\"category_id\":5,\"code\":\"310235118327\",\"en_name\":\"A52\",\"kh_name\":\"LCD OPPO\",\"description\":null,\"image\":\"no image created\",\"sale_price\":17.5}}','2022-05-25 20:21:52','2022-05-25 20:21:52'),(1966,'default','created','App\\Models\\Product',60,'App\\Models\\User',1,'{\"attributes\":{\"category_id\":5,\"code\":\"293823743516\",\"en_name\":\"6\",\"kh_name\":\"LCD REALME\",\"description\":\"undefined\",\"image\":\"no image created\",\"sale_price\":20.5}}','2022-05-25 20:23:31','2022-05-25 20:23:31'),(1967,'default','created','App\\Models\\Purchase',26,'App\\Models\\User',1,'{\"attributes\":{\"warehouse_id\":1,\"supplier_id\":1,\"user_id\":1,\"batch\":\"20220525_v20__24_1653485049718\",\"subtotal\":14419.2,\"vat\":0,\"grandtotal\":14419.2}}','2022-05-25 20:38:28','2022-05-25 20:38:28'),(1968,'default','created','App\\Models\\PurchaseDetail',136,'App\\Models\\User',1,'{\"attributes\":{\"purchase_id\":26,\"product_id\":59,\"unitprice\":\"15.30\",\"quantity\":\"100.00\"}}','2022-05-25 20:38:28','2022-05-25 20:38:28'),(1969,'default','created','App\\Models\\Stock',97,'App\\Models\\User',1,'{\"attributes\":{\"warehouse_id\":1,\"product_id\":59,\"alert\":\"0.00\",\"total\":100}}','2022-05-25 20:38:28','2022-05-25 20:38:28'),(1970,'default','created','App\\Models\\PurchaseDetail',137,'App\\Models\\User',1,'{\"attributes\":{\"purchase_id\":26,\"product_id\":60,\"unitprice\":\"17.00\",\"quantity\":\"20.00\"}}','2022-05-25 20:38:28','2022-05-25 20:38:28'),(1971,'default','created','App\\Models\\Stock',98,'App\\Models\\User',1,'{\"attributes\":{\"warehouse_id\":1,\"product_id\":60,\"alert\":\"0.00\",\"total\":20}}','2022-05-25 20:38:28','2022-05-25 20:38:28'),(1972,'default','created','App\\Models\\PurchaseDetail',138,'App\\Models\\User',1,'{\"attributes\":{\"purchase_id\":26,\"product_id\":12,\"unitprice\":\"18.80\",\"quantity\":\"99.00\"}}','2022-05-25 20:38:28','2022-05-25 20:38:28'),(1973,'default','updated','App\\Models\\Stock',64,'App\\Models\\User',1,'{\"attributes\":{\"warehouse_id\":1,\"product_id\":12,\"alert\":\"0.00\",\"total\":99},\"old\":{\"warehouse_id\":1,\"product_id\":12,\"alert\":\"0.00\",\"total\":0}}','2022-05-25 20:38:28','2022-05-25 20:38:28'),(1974,'default','created','App\\Models\\PurchaseDetail',139,'App\\Models\\User',1,'{\"attributes\":{\"purchase_id\":26,\"product_id\":3,\"unitprice\":\"11.00\",\"quantity\":\"360.00\"}}','2022-05-25 20:38:28','2022-05-25 20:38:28'),(1975,'default','updated','App\\Models\\Stock',66,'App\\Models\\User',1,'{\"attributes\":{\"warehouse_id\":1,\"product_id\":3,\"alert\":\"0.00\",\"total\":352},\"old\":{\"warehouse_id\":1,\"product_id\":3,\"alert\":\"0.00\",\"total\":-8}}','2022-05-25 20:38:28','2022-05-25 20:38:28'),(1976,'default','created','App\\Models\\PurchaseDetail',140,'App\\Models\\User',1,'{\"attributes\":{\"purchase_id\":26,\"product_id\":39,\"unitprice\":\"11.20\",\"quantity\":\"170.00\"}}','2022-05-25 20:38:28','2022-05-25 20:38:28'),(1977,'default','updated','App\\Models\\Stock',50,'App\\Models\\User',1,'{\"attributes\":{\"warehouse_id\":1,\"product_id\":39,\"alert\":\"0.00\",\"total\":170},\"old\":{\"warehouse_id\":1,\"product_id\":39,\"alert\":\"0.00\",\"total\":0}}','2022-05-25 20:38:28','2022-05-25 20:38:28'),(1978,'default','created','App\\Models\\PurchaseDetail',141,'App\\Models\\User',1,'{\"attributes\":{\"purchase_id\":26,\"product_id\":51,\"unitprice\":\"13.40\",\"quantity\":\"360.00\"}}','2022-05-25 20:38:28','2022-05-25 20:38:28'),(1979,'default','updated','App\\Models\\Stock',61,'App\\Models\\User',1,'{\"attributes\":{\"warehouse_id\":1,\"product_id\":51,\"alert\":\"0.00\",\"total\":360},\"old\":{\"warehouse_id\":1,\"product_id\":51,\"alert\":\"0.00\",\"total\":0}}','2022-05-25 20:38:28','2022-05-25 20:38:28'),(1980,'default','updated','App\\Models\\Product',60,'App\\Models\\User',1,'{\"attributes\":{\"category_id\":5,\"code\":\"293823743516\",\"en_name\":\"6\",\"kh_name\":\"LCD REALME\",\"description\":\"undefined\",\"image\":\"no image created\",\"sale_price\":20},\"old\":{\"category_id\":5,\"code\":\"293823743516\",\"en_name\":\"6\",\"kh_name\":\"LCD REALME\",\"description\":\"undefined\",\"image\":\"no image created\",\"sale_price\":20.5}}','2022-05-25 20:46:46','2022-05-25 20:46:46'),(1981,'default','updated','App\\Models\\Product',1,'App\\Models\\User',1,'{\"attributes\":{\"category_id\":5,\"code\":\"316466814841\",\"en_name\":\"A3S\",\"kh_name\":\"LCD OPPO\",\"description\":\"undefined\",\"image\":\"1651156393.jpg\",\"sale_price\":12.5},\"old\":{\"category_id\":5,\"code\":\"316466814841\",\"en_name\":\"A3S\",\"kh_name\":\"LCD OPPO\",\"description\":\"undefined\",\"image\":\"1651156393.jpg\",\"sale_price\":13}}','2022-05-25 20:51:06','2022-05-25 20:51:06'),(1982,'default','updated','App\\Models\\Product',51,'App\\Models\\User',1,'{\"attributes\":{\"category_id\":5,\"code\":\"409509970859\",\"en_name\":\"A3S ORI\",\"kh_name\":\"LCD OPPO\",\"description\":\"undefined\",\"image\":\"no image created\",\"sale_price\":15.5},\"old\":{\"category_id\":5,\"code\":\"409509970859\",\"en_name\":\"A3S ORI\",\"kh_name\":\"LCD OPPO\",\"description\":\"undefined\",\"image\":\"no image created\",\"sale_price\":16}}','2022-05-25 20:51:19','2022-05-25 20:51:19'),(1983,'default','updated','App\\Models\\Product',59,'App\\Models\\User',1,'{\"attributes\":{\"category_id\":5,\"code\":\"310235118327\",\"en_name\":\"A52\",\"kh_name\":\"LCD OPPO\",\"description\":\"null\",\"image\":\"no image created\",\"sale_price\":17.5},\"old\":{\"category_id\":5,\"code\":\"310235118327\",\"en_name\":\"A52\",\"kh_name\":\"LCD OPPO\",\"description\":null,\"image\":\"no image created\",\"sale_price\":17.5}}','2022-05-25 20:51:36','2022-05-25 20:51:36'),(1984,'default','updated','App\\Models\\Product',3,'App\\Models\\User',1,'{\"attributes\":{\"category_id\":5,\"code\":\"908601349849\",\"en_name\":\"A5S\",\"kh_name\":\"LCD OPPO\",\"description\":\"undefined\",\"image\":\"no image created\",\"sale_price\":12.5},\"old\":{\"category_id\":5,\"code\":\"908601349849\",\"en_name\":\"A5S\",\"kh_name\":\"LCD OPPO\",\"description\":\"undefined\",\"image\":\"no image created\",\"sale_price\":13}}','2022-05-25 20:52:02','2022-05-25 20:52:02'),(1985,'default','updated','App\\Models\\Product',24,'App\\Models\\User',1,'{\"attributes\":{\"category_id\":5,\"code\":\"908601349870\",\"en_name\":\"A5S ORI\",\"kh_name\":\"LCD OPPO\",\"description\":\"undefined\",\"image\":\"no image created\",\"sale_price\":15.5},\"old\":{\"category_id\":5,\"code\":\"908601349870\",\"en_name\":\"A5S ORI\",\"kh_name\":\"LCD OPPO\",\"description\":\"undefined\",\"image\":\"no image created\",\"sale_price\":16}}','2022-05-25 20:52:14','2022-05-25 20:52:14'),(1986,'default','updated','App\\Models\\Product',8,'App\\Models\\User',1,'{\"attributes\":{\"category_id\":5,\"code\":\"908601349854\",\"en_name\":\"Y12S\",\"kh_name\":\"LCD VIVO\",\"description\":\"undefined\",\"image\":\"no image created\",\"sale_price\":13.8},\"old\":{\"category_id\":5,\"code\":\"908601349854\",\"en_name\":\"Y12S\",\"kh_name\":\"LCD VIVO\",\"description\":\"undefined\",\"image\":\"no image created\",\"sale_price\":14}}','2022-05-25 20:52:55','2022-05-25 20:52:55'),(1987,'default','updated','App\\Models\\Product',7,'App\\Models\\User',1,'{\"attributes\":{\"category_id\":5,\"code\":\"908601349853\",\"en_name\":\"Y12\",\"kh_name\":\"LCD VIVO\",\"description\":\"undefined\",\"image\":\"no image created\",\"sale_price\":13.8},\"old\":{\"category_id\":5,\"code\":\"908601349853\",\"en_name\":\"Y12\",\"kh_name\":\"LCD VIVO\",\"description\":\"undefined\",\"image\":\"no image created\",\"sale_price\":14}}','2022-05-25 20:53:03','2022-05-25 20:53:03'),(1988,'default','updated','App\\Models\\Product',4,'App\\Models\\User',1,'{\"attributes\":{\"category_id\":5,\"code\":\"908601349850\",\"en_name\":\"A15\",\"kh_name\":\"LCD OPPO\",\"description\":\"undefined\",\"image\":\"no image created\",\"sale_price\":14},\"old\":{\"category_id\":5,\"code\":\"908601349850\",\"en_name\":\"A15\",\"kh_name\":\"LCD OPPO\",\"description\":\"undefined\",\"image\":\"no image created\",\"sale_price\":14.5}}','2022-05-25 20:58:35','2022-05-25 20:58:35'),(1989,'default','updated','App\\Models\\Product',38,'App\\Models\\User',1,'{\"attributes\":{\"category_id\":5,\"code\":\"908601349884\",\"en_name\":\"A15 ORI\",\"kh_name\":\"LCD OPPO\",\"description\":\"undefined\",\"image\":\"no image created\",\"sale_price\":15.5},\"old\":{\"category_id\":5,\"code\":\"908601349884\",\"en_name\":\"A15 ORI\",\"kh_name\":\"LCD OPPO\",\"description\":\"undefined\",\"image\":\"no image created\",\"sale_price\":16}}','2022-05-25 20:59:08','2022-05-25 20:59:08'),(1990,'default','updated','App\\Models\\Product',9,'App\\Models\\User',1,'{\"attributes\":{\"category_id\":5,\"code\":\"908601349855\",\"en_name\":\"Y91\",\"kh_name\":\"LCD VIVO\",\"description\":\"undefined\",\"image\":\"no image created\",\"sale_price\":12},\"old\":{\"category_id\":5,\"code\":\"908601349855\",\"en_name\":\"Y91\",\"kh_name\":\"LCD VIVO\",\"description\":\"undefined\",\"image\":\"no image created\",\"sale_price\":12.5}}','2022-05-25 21:00:57','2022-05-25 21:00:57'),(1991,'default','updated','App\\Models\\Product',36,'App\\Models\\User',1,'{\"attributes\":{\"category_id\":5,\"code\":\"908601349882\",\"en_name\":\"Y85\",\"kh_name\":\"LCD VIVO\",\"description\":\"undefined\",\"image\":\"no image created\",\"sale_price\":16.5},\"old\":{\"category_id\":5,\"code\":\"908601349882\",\"en_name\":\"Y85\",\"kh_name\":\"LCD VIVO\",\"description\":\"undefined\",\"image\":\"no image created\",\"sale_price\":17}}','2022-05-25 21:02:35','2022-05-25 21:02:35'),(1992,'default','created','App\\Models\\Balance',26,'App\\Models\\User',1,'{\"attributes\":{\"remain\":\"50972.00\",\"income\":\"0.00\",\"withdraw\":\"0.00\",\"balance\":\"50972.00\",\"balance_date\":\"2022-05-26\",\"warehouse_id\":1,\"user_id\":1}}','2022-05-26 10:28:05','2022-05-26 10:28:05'),(1993,'default','created','App\\Models\\Order',113,'App\\Models\\User',1,'{\"attributes\":{\"warehouse_id\":1,\"customer_id\":6,\"user_id\":1,\"subtotal\":708,\"vat\":0,\"discount\":0,\"grandtotal\":708,\"kh_grandtotal\":null}}','2022-05-26 10:29:11','2022-05-26 10:29:11'),(1994,'default','updated','App\\Models\\Balance',26,'App\\Models\\User',1,'{\"attributes\":{\"remain\":\"50972.00\",\"income\":\"708.00\",\"withdraw\":\"0.00\",\"balance\":\"51680.00\",\"balance_date\":\"2022-05-26\",\"warehouse_id\":1,\"user_id\":1},\"old\":{\"remain\":\"50972.00\",\"income\":\"0.00\",\"withdraw\":\"0.00\",\"balance\":\"50972.00\",\"balance_date\":\"2022-05-26\",\"warehouse_id\":1,\"user_id\":1}}','2022-05-26 10:29:11','2022-05-26 10:29:11'),(1995,'default','created','App\\Models\\OrderDetail',706,'App\\Models\\User',1,'{\"attributes\":{\"order_id\":113,\"product_id\":3,\"sellprice\":12.5,\"quantity\":\"10.00\"}}','2022-05-26 10:29:11','2022-05-26 10:29:11'),(1996,'default','updated','App\\Models\\Stock',66,'App\\Models\\User',1,'{\"attributes\":{\"warehouse_id\":1,\"product_id\":3,\"alert\":\"0.00\",\"total\":342},\"old\":{\"warehouse_id\":1,\"product_id\":3,\"alert\":\"0.00\",\"total\":352}}','2022-05-26 10:29:11','2022-05-26 10:29:11'),(1997,'default','created','App\\Models\\OrderDetail',707,'App\\Models\\User',1,'{\"attributes\":{\"order_id\":113,\"product_id\":16,\"sellprice\":41,\"quantity\":\"3.00\"}}','2022-05-26 10:29:11','2022-05-26 10:29:11'),(1998,'default','updated','App\\Models\\Stock',80,'App\\Models\\User',1,'{\"attributes\":{\"warehouse_id\":1,\"product_id\":16,\"alert\":\"0.00\",\"total\":11},\"old\":{\"warehouse_id\":1,\"product_id\":16,\"alert\":\"0.00\",\"total\":14}}','2022-05-26 10:29:11','2022-05-26 10:29:11'),(1999,'default','created','App\\Models\\OrderDetail',708,'App\\Models\\User',1,'{\"attributes\":{\"order_id\":113,\"product_id\":26,\"sellprice\":15.5,\"quantity\":\"10.00\"}}','2022-05-26 10:29:11','2022-05-26 10:29:11'),(2000,'default','updated','App\\Models\\Stock',84,'App\\Models\\User',1,'{\"attributes\":{\"warehouse_id\":1,\"product_id\":26,\"alert\":\"0.00\",\"total\":56},\"old\":{\"warehouse_id\":1,\"product_id\":26,\"alert\":\"0.00\",\"total\":66}}','2022-05-26 10:29:11','2022-05-26 10:29:11'),(2001,'default','created','App\\Models\\OrderDetail',709,'App\\Models\\User',1,'{\"attributes\":{\"order_id\":113,\"product_id\":28,\"sellprice\":18,\"quantity\":\"10.00\"}}','2022-05-26 10:29:11','2022-05-26 10:29:11'),(2002,'default','updated','App\\Models\\Stock',73,'App\\Models\\User',1,'{\"attributes\":{\"warehouse_id\":1,\"product_id\":28,\"alert\":\"0.00\",\"total\":70},\"old\":{\"warehouse_id\":1,\"product_id\":28,\"alert\":\"0.00\",\"total\":80}}','2022-05-26 10:29:11','2022-05-26 10:29:11'),(2003,'default','created','App\\Models\\OrderDetail',710,'App\\Models\\User',1,'{\"attributes\":{\"order_id\":113,\"product_id\":1,\"sellprice\":12.5,\"quantity\":\"10.00\"}}','2022-05-26 10:29:11','2022-05-26 10:29:11'),(2004,'default','updated','App\\Models\\Stock',60,'App\\Models\\User',1,'{\"attributes\":{\"warehouse_id\":1,\"product_id\":1,\"alert\":\"0.00\",\"total\":130},\"old\":{\"warehouse_id\":1,\"product_id\":1,\"alert\":\"0.00\",\"total\":140}}','2022-05-26 10:29:11','2022-05-26 10:29:11'),(2005,'default','created','App\\Models\\Order',114,'App\\Models\\User',1,'{\"attributes\":{\"warehouse_id\":1,\"customer_id\":2,\"user_id\":1,\"subtotal\":2490,\"vat\":0,\"discount\":0,\"grandtotal\":2490,\"kh_grandtotal\":null}}','2022-05-26 11:00:10','2022-05-26 11:00:10'),(2006,'default','updated','App\\Models\\Balance',26,'App\\Models\\User',1,'{\"attributes\":{\"remain\":\"50972.00\",\"income\":\"3198.00\",\"withdraw\":\"0.00\",\"balance\":\"54170.00\",\"balance_date\":\"2022-05-26\",\"warehouse_id\":1,\"user_id\":1},\"old\":{\"remain\":\"50972.00\",\"income\":\"708.00\",\"withdraw\":\"0.00\",\"balance\":\"51680.00\",\"balance_date\":\"2022-05-26\",\"warehouse_id\":1,\"user_id\":1}}','2022-05-26 11:00:10','2022-05-26 11:00:10'),(2007,'default','created','App\\Models\\OrderDetail',711,'App\\Models\\User',1,'{\"attributes\":{\"order_id\":114,\"product_id\":2,\"sellprice\":11,\"quantity\":\"10.00\"}}','2022-05-26 11:00:10','2022-05-26 11:00:10'),(2008,'default','updated','App\\Models\\Stock',59,'App\\Models\\User',1,'{\"attributes\":{\"warehouse_id\":1,\"product_id\":2,\"alert\":\"0.00\",\"total\":60},\"old\":{\"warehouse_id\":1,\"product_id\":2,\"alert\":\"0.00\",\"total\":70}}','2022-05-26 11:00:10','2022-05-26 11:00:10'),(2009,'default','created','App\\Models\\OrderDetail',712,'App\\Models\\User',1,'{\"attributes\":{\"order_id\":114,\"product_id\":8,\"sellprice\":13.8,\"quantity\":\"30.00\"}}','2022-05-26 11:00:10','2022-05-26 11:00:10'),(2010,'default','updated','App\\Models\\Stock',83,'App\\Models\\User',1,'{\"attributes\":{\"warehouse_id\":1,\"product_id\":8,\"alert\":\"0.00\",\"total\":185},\"old\":{\"warehouse_id\":1,\"product_id\":8,\"alert\":\"0.00\",\"total\":215}}','2022-05-26 11:00:10','2022-05-26 11:00:10'),(2011,'default','created','App\\Models\\OrderDetail',713,'App\\Models\\User',1,'{\"attributes\":{\"order_id\":114,\"product_id\":6,\"sellprice\":16,\"quantity\":\"30.00\"}}','2022-05-26 11:00:10','2022-05-26 11:00:10'),(2012,'default','updated','App\\Models\\Stock',72,'App\\Models\\User',1,'{\"attributes\":{\"warehouse_id\":1,\"product_id\":6,\"alert\":\"0.00\",\"total\":116},\"old\":{\"warehouse_id\":1,\"product_id\":6,\"alert\":\"0.00\",\"total\":146}}','2022-05-26 11:00:10','2022-05-26 11:00:10'),(2013,'default','created','App\\Models\\OrderDetail',714,'App\\Models\\User',1,'{\"attributes\":{\"order_id\":114,\"product_id\":57,\"sellprice\":43,\"quantity\":\"2.00\"}}','2022-05-26 11:00:10','2022-05-26 11:00:10'),(2014,'default','updated','App\\Models\\Stock',94,'App\\Models\\User',1,'{\"attributes\":{\"warehouse_id\":1,\"product_id\":57,\"alert\":\"0.00\",\"total\":0},\"old\":{\"warehouse_id\":1,\"product_id\":57,\"alert\":\"0.00\",\"total\":2}}','2022-05-26 11:00:10','2022-05-26 11:00:10'),(2015,'default','created','App\\Models\\OrderDetail',715,'App\\Models\\User',1,'{\"attributes\":{\"order_id\":114,\"product_id\":13,\"sellprice\":18.5,\"quantity\":\"10.00\"}}','2022-05-26 11:00:10','2022-05-26 11:00:10'),(2016,'default','updated','App\\Models\\Stock',79,'App\\Models\\User',1,'{\"attributes\":{\"warehouse_id\":1,\"product_id\":13,\"alert\":\"0.00\",\"total\":44},\"old\":{\"warehouse_id\":1,\"product_id\":13,\"alert\":\"0.00\",\"total\":54}}','2022-05-26 11:00:10','2022-05-26 11:00:10'),(2017,'default','created','App\\Models\\OrderDetail',716,'App\\Models\\User',1,'{\"attributes\":{\"order_id\":114,\"product_id\":19,\"sellprice\":14.5,\"quantity\":\"10.00\"}}','2022-05-26 11:00:10','2022-05-26 11:00:10'),(2018,'default','updated','App\\Models\\Stock',55,'App\\Models\\User',1,'{\"attributes\":{\"warehouse_id\":1,\"product_id\":19,\"alert\":\"0.00\",\"total\":14},\"old\":{\"warehouse_id\":1,\"product_id\":19,\"alert\":\"0.00\",\"total\":24}}','2022-05-26 11:00:10','2022-05-26 11:00:10'),(2019,'default','created','App\\Models\\OrderDetail',717,'App\\Models\\User',1,'{\"attributes\":{\"order_id\":114,\"product_id\":40,\"sellprice\":13.5,\"quantity\":\"10.00\"}}','2022-05-26 11:00:10','2022-05-26 11:00:10'),(2020,'default','updated','App\\Models\\Stock',49,'App\\Models\\User',1,'{\"attributes\":{\"warehouse_id\":1,\"product_id\":40,\"alert\":\"0.00\",\"total\":0},\"old\":{\"warehouse_id\":1,\"product_id\":40,\"alert\":\"0.00\",\"total\":10}}','2022-05-26 11:00:10','2022-05-26 11:00:10'),(2021,'default','created','App\\Models\\OrderDetail',718,'App\\Models\\User',1,'{\"attributes\":{\"order_id\":114,\"product_id\":53,\"sellprice\":14,\"quantity\":\"10.00\"}}','2022-05-26 11:00:10','2022-05-26 11:00:10'),(2022,'default','updated','App\\Models\\Stock',95,'App\\Models\\User',1,'{\"attributes\":{\"warehouse_id\":1,\"product_id\":53,\"alert\":\"0.00\",\"total\":30},\"old\":{\"warehouse_id\":1,\"product_id\":53,\"alert\":\"0.00\",\"total\":40}}','2022-05-26 11:00:10','2022-05-26 11:00:10'),(2023,'default','created','App\\Models\\OrderDetail',719,'App\\Models\\User',1,'{\"attributes\":{\"order_id\":114,\"product_id\":27,\"sellprice\":18,\"quantity\":\"10.00\"}}','2022-05-26 11:00:10','2022-05-26 11:00:10'),(2024,'default','updated','App\\Models\\Stock',63,'App\\Models\\User',1,'{\"attributes\":{\"warehouse_id\":1,\"product_id\":27,\"alert\":\"0.00\",\"total\":141},\"old\":{\"warehouse_id\":1,\"product_id\":27,\"alert\":\"0.00\",\"total\":151}}','2022-05-26 11:00:10','2022-05-26 11:00:10'),(2025,'default','created','App\\Models\\OrderDetail',720,'App\\Models\\User',1,'{\"attributes\":{\"order_id\":114,\"product_id\":4,\"sellprice\":14,\"quantity\":\"20.00\"}}','2022-05-26 11:00:10','2022-05-26 11:00:10'),(2026,'default','updated','App\\Models\\Stock',56,'App\\Models\\User',1,'{\"attributes\":{\"warehouse_id\":1,\"product_id\":4,\"alert\":\"0.00\",\"total\":70},\"old\":{\"warehouse_id\":1,\"product_id\":4,\"alert\":\"0.00\",\"total\":90}}','2022-05-26 11:00:10','2022-05-26 11:00:10'),(2027,'default','created','App\\Models\\OrderDetail',721,'App\\Models\\User',1,'{\"attributes\":{\"order_id\":114,\"product_id\":26,\"sellprice\":15.5,\"quantity\":\"20.00\"}}','2022-05-26 11:00:10','2022-05-26 11:00:10'),(2028,'default','updated','App\\Models\\Stock',84,'App\\Models\\User',1,'{\"attributes\":{\"warehouse_id\":1,\"product_id\":26,\"alert\":\"0.00\",\"total\":36},\"old\":{\"warehouse_id\":1,\"product_id\":26,\"alert\":\"0.00\",\"total\":56}}','2022-05-26 11:00:10','2022-05-26 11:00:10'),(2029,'default','created','App\\Models\\OrderDetail',722,'App\\Models\\User',1,'{\"attributes\":{\"order_id\":114,\"product_id\":3,\"sellprice\":12.5,\"quantity\":\"2.00\"}}','2022-05-26 11:00:10','2022-05-26 11:00:10'),(2030,'default','updated','App\\Models\\Stock',66,'App\\Models\\User',1,'{\"attributes\":{\"warehouse_id\":1,\"product_id\":3,\"alert\":\"0.00\",\"total\":340},\"old\":{\"warehouse_id\":1,\"product_id\":3,\"alert\":\"0.00\",\"total\":342}}','2022-05-26 11:00:10','2022-05-26 11:00:10'),(2031,'default','created','App\\Models\\Order',115,'App\\Models\\User',1,'{\"attributes\":{\"warehouse_id\":1,\"customer_id\":7,\"user_id\":1,\"subtotal\":520,\"vat\":0,\"discount\":0,\"grandtotal\":520,\"kh_grandtotal\":null}}','2022-05-26 13:09:34','2022-05-26 13:09:34'),(2032,'default','updated','App\\Models\\Balance',26,'App\\Models\\User',1,'{\"attributes\":{\"remain\":\"50972.00\",\"income\":\"3718.00\",\"withdraw\":\"0.00\",\"balance\":\"54690.00\",\"balance_date\":\"2022-05-26\",\"warehouse_id\":1,\"user_id\":1},\"old\":{\"remain\":\"50972.00\",\"income\":\"3198.00\",\"withdraw\":\"0.00\",\"balance\":\"54170.00\",\"balance_date\":\"2022-05-26\",\"warehouse_id\":1,\"user_id\":1}}','2022-05-26 13:09:34','2022-05-26 13:09:34'),(2033,'default','created','App\\Models\\OrderDetail',723,'App\\Models\\User',1,'{\"attributes\":{\"order_id\":115,\"product_id\":12,\"sellprice\":21,\"quantity\":\"10.00\"}}','2022-05-26 13:09:34','2022-05-26 13:09:34'),(2034,'default','updated','App\\Models\\Stock',64,'App\\Models\\User',1,'{\"attributes\":{\"warehouse_id\":1,\"product_id\":12,\"alert\":\"0.00\",\"total\":89},\"old\":{\"warehouse_id\":1,\"product_id\":12,\"alert\":\"0.00\",\"total\":99}}','2022-05-26 13:09:34','2022-05-26 13:09:34'),(2035,'default','created','App\\Models\\OrderDetail',724,'App\\Models\\User',1,'{\"attributes\":{\"order_id\":115,\"product_id\":24,\"sellprice\":15.5,\"quantity\":\"20.00\"}}','2022-05-26 13:09:34','2022-05-26 13:09:34'),(2036,'default','updated','App\\Models\\Stock',67,'App\\Models\\User',1,'{\"attributes\":{\"warehouse_id\":1,\"product_id\":24,\"alert\":\"0.00\",\"total\":170},\"old\":{\"warehouse_id\":1,\"product_id\":24,\"alert\":\"0.00\",\"total\":190}}','2022-05-26 13:09:34','2022-05-26 13:09:34'),(2037,'default','created','App\\Models\\Order',116,'App\\Models\\User',1,'{\"attributes\":{\"warehouse_id\":1,\"customer_id\":15,\"user_id\":1,\"subtotal\":148,\"vat\":0,\"discount\":0,\"grandtotal\":148,\"kh_grandtotal\":null}}','2022-05-26 13:34:19','2022-05-26 13:34:19'),(2038,'default','updated','App\\Models\\Balance',26,'App\\Models\\User',1,'{\"attributes\":{\"remain\":\"50972.00\",\"income\":\"3866.00\",\"withdraw\":\"0.00\",\"balance\":\"54838.00\",\"balance_date\":\"2022-05-26\",\"warehouse_id\":1,\"user_id\":1},\"old\":{\"remain\":\"50972.00\",\"income\":\"3718.00\",\"withdraw\":\"0.00\",\"balance\":\"54690.00\",\"balance_date\":\"2022-05-26\",\"warehouse_id\":1,\"user_id\":1}}','2022-05-26 13:34:19','2022-05-26 13:34:19'),(2039,'default','created','App\\Models\\OrderDetail',725,'App\\Models\\User',1,'{\"attributes\":{\"order_id\":116,\"product_id\":33,\"sellprice\":23,\"quantity\":\"1.00\"}}','2022-05-26 13:34:19','2022-05-26 13:34:19'),(2040,'default','updated','App\\Models\\Stock',87,'App\\Models\\User',1,'{\"attributes\":{\"warehouse_id\":1,\"product_id\":33,\"alert\":\"0.00\",\"total\":53},\"old\":{\"warehouse_id\":1,\"product_id\":33,\"alert\":\"0.00\",\"total\":54}}','2022-05-26 13:34:19','2022-05-26 13:34:19'),(2041,'default','created','App\\Models\\OrderDetail',726,'App\\Models\\User',1,'{\"attributes\":{\"order_id\":116,\"product_id\":32,\"sellprice\":14,\"quantity\":\"2.00\"}}','2022-05-26 13:34:19','2022-05-26 13:34:19'),(2042,'default','updated','App\\Models\\Stock',71,'App\\Models\\User',1,'{\"attributes\":{\"warehouse_id\":1,\"product_id\":32,\"alert\":\"0.00\",\"total\":342},\"old\":{\"warehouse_id\":1,\"product_id\":32,\"alert\":\"0.00\",\"total\":344}}','2022-05-26 13:34:19','2022-05-26 13:34:19'),(2043,'default','created','App\\Models\\OrderDetail',727,'App\\Models\\User',1,'{\"attributes\":{\"order_id\":116,\"product_id\":4,\"sellprice\":14,\"quantity\":\"2.00\"}}','2022-05-26 13:34:19','2022-05-26 13:34:19'),(2044,'default','updated','App\\Models\\Stock',56,'App\\Models\\User',1,'{\"attributes\":{\"warehouse_id\":1,\"product_id\":4,\"alert\":\"0.00\",\"total\":68},\"old\":{\"warehouse_id\":1,\"product_id\":4,\"alert\":\"0.00\",\"total\":70}}','2022-05-26 13:34:19','2022-05-26 13:34:19'),(2045,'default','created','App\\Models\\OrderDetail',728,'App\\Models\\User',1,'{\"attributes\":{\"order_id\":116,\"product_id\":7,\"sellprice\":13.8,\"quantity\":\"5.00\"}}','2022-05-26 13:34:19','2022-05-26 13:34:19'),(2046,'default','updated','App\\Models\\Stock',82,'App\\Models\\User',1,'{\"attributes\":{\"warehouse_id\":1,\"product_id\":7,\"alert\":\"0.00\",\"total\":60},\"old\":{\"warehouse_id\":1,\"product_id\":7,\"alert\":\"0.00\",\"total\":65}}','2022-05-26 13:34:19','2022-05-26 13:34:19'),(2047,'default','created','App\\Models\\Order',117,'App\\Models\\User',1,'{\"attributes\":{\"warehouse_id\":1,\"customer_id\":4,\"user_id\":1,\"subtotal\":234,\"vat\":0,\"discount\":0,\"grandtotal\":234,\"kh_grandtotal\":null}}','2022-05-26 13:41:53','2022-05-26 13:41:53'),(2048,'default','updated','App\\Models\\Balance',26,'App\\Models\\User',1,'{\"attributes\":{\"remain\":\"50972.00\",\"income\":\"4100.00\",\"withdraw\":\"0.00\",\"balance\":\"55072.00\",\"balance_date\":\"2022-05-26\",\"warehouse_id\":1,\"user_id\":1},\"old\":{\"remain\":\"50972.00\",\"income\":\"3866.00\",\"withdraw\":\"0.00\",\"balance\":\"54838.00\",\"balance_date\":\"2022-05-26\",\"warehouse_id\":1,\"user_id\":1}}','2022-05-26 13:41:53','2022-05-26 13:41:53'),(2049,'default','created','App\\Models\\OrderDetail',729,'App\\Models\\User',1,'{\"attributes\":{\"order_id\":117,\"product_id\":38,\"sellprice\":15.5,\"quantity\":\"4.00\"}}','2022-05-26 13:41:53','2022-05-26 13:41:53'),(2050,'default','updated','App\\Models\\Stock',57,'App\\Models\\User',1,'{\"attributes\":{\"warehouse_id\":1,\"product_id\":38,\"alert\":\"0.00\",\"total\":46},\"old\":{\"warehouse_id\":1,\"product_id\":38,\"alert\":\"0.00\",\"total\":50}}','2022-05-26 13:41:53','2022-05-26 13:41:53'),(2051,'default','created','App\\Models\\OrderDetail',730,'App\\Models\\User',1,'{\"attributes\":{\"order_id\":117,\"product_id\":24,\"sellprice\":15.5,\"quantity\":\"4.00\"}}','2022-05-26 13:41:53','2022-05-26 13:41:53'),(2052,'default','updated','App\\Models\\Stock',67,'App\\Models\\User',1,'{\"attributes\":{\"warehouse_id\":1,\"product_id\":24,\"alert\":\"0.00\",\"total\":166},\"old\":{\"warehouse_id\":1,\"product_id\":24,\"alert\":\"0.00\",\"total\":170}}','2022-05-26 13:41:53','2022-05-26 13:41:53'),(2053,'default','created','App\\Models\\OrderDetail',731,'App\\Models\\User',1,'{\"attributes\":{\"order_id\":117,\"product_id\":9,\"sellprice\":12,\"quantity\":\"5.00\"}}','2022-05-26 13:41:53','2022-05-26 13:41:53'),(2054,'default','updated','App\\Models\\Stock',90,'App\\Models\\User',1,'{\"attributes\":{\"warehouse_id\":1,\"product_id\":9,\"alert\":\"0.00\",\"total\":19},\"old\":{\"warehouse_id\":1,\"product_id\":9,\"alert\":\"0.00\",\"total\":24}}','2022-05-26 13:41:53','2022-05-26 13:41:53'),(2055,'default','created','App\\Models\\OrderDetail',732,'App\\Models\\User',1,'{\"attributes\":{\"order_id\":117,\"product_id\":1,\"sellprice\":12.5,\"quantity\":\"4.00\"}}','2022-05-26 13:41:53','2022-05-26 13:41:53'),(2056,'default','updated','App\\Models\\Stock',60,'App\\Models\\User',1,'{\"attributes\":{\"warehouse_id\":1,\"product_id\":1,\"alert\":\"0.00\",\"total\":126},\"old\":{\"warehouse_id\":1,\"product_id\":1,\"alert\":\"0.00\",\"total\":130}}','2022-05-26 13:41:53','2022-05-26 13:41:53'),(2057,'default','created','App\\Models\\Order',118,'App\\Models\\User',1,'{\"attributes\":{\"warehouse_id\":1,\"customer_id\":7,\"user_id\":1,\"subtotal\":310,\"vat\":0,\"discount\":0,\"grandtotal\":310,\"kh_grandtotal\":null}}','2022-05-26 16:58:53','2022-05-26 16:58:53'),(2058,'default','updated','App\\Models\\Balance',26,'App\\Models\\User',1,'{\"attributes\":{\"remain\":\"50972.00\",\"income\":\"4410.00\",\"withdraw\":\"0.00\",\"balance\":\"55382.00\",\"balance_date\":\"2022-05-26\",\"warehouse_id\":1,\"user_id\":1},\"old\":{\"remain\":\"50972.00\",\"income\":\"4100.00\",\"withdraw\":\"0.00\",\"balance\":\"55072.00\",\"balance_date\":\"2022-05-26\",\"warehouse_id\":1,\"user_id\":1}}','2022-05-26 16:58:53','2022-05-26 16:58:53'),(2059,'default','created','App\\Models\\OrderDetail',733,'App\\Models\\User',1,'{\"attributes\":{\"order_id\":118,\"product_id\":51,\"sellprice\":15.5,\"quantity\":\"20.00\"}}','2022-05-26 16:58:53','2022-05-26 16:58:53'),(2060,'default','updated','App\\Models\\Stock',61,'App\\Models\\User',1,'{\"attributes\":{\"warehouse_id\":1,\"product_id\":51,\"alert\":\"0.00\",\"total\":340},\"old\":{\"warehouse_id\":1,\"product_id\":51,\"alert\":\"0.00\",\"total\":360}}','2022-05-26 16:58:53','2022-05-26 16:58:53'),(2061,'default','created','App\\Models\\Order',119,'App\\Models\\User',1,'{\"attributes\":{\"warehouse_id\":1,\"customer_id\":6,\"user_id\":1,\"subtotal\":155,\"vat\":0,\"discount\":0,\"grandtotal\":155,\"kh_grandtotal\":null}}','2022-05-26 16:59:31','2022-05-26 16:59:31'),(2062,'default','updated','App\\Models\\Balance',26,'App\\Models\\User',1,'{\"attributes\":{\"remain\":\"50972.00\",\"income\":\"4565.00\",\"withdraw\":\"0.00\",\"balance\":\"55537.00\",\"balance_date\":\"2022-05-26\",\"warehouse_id\":1,\"user_id\":1},\"old\":{\"remain\":\"50972.00\",\"income\":\"4410.00\",\"withdraw\":\"0.00\",\"balance\":\"55382.00\",\"balance_date\":\"2022-05-26\",\"warehouse_id\":1,\"user_id\":1}}','2022-05-26 16:59:31','2022-05-26 16:59:31'),(2063,'default','created','App\\Models\\OrderDetail',734,'App\\Models\\User',1,'{\"attributes\":{\"order_id\":119,\"product_id\":51,\"sellprice\":15.5,\"quantity\":\"10.00\"}}','2022-05-26 16:59:31','2022-05-26 16:59:31'),(2064,'default','updated','App\\Models\\Stock',61,'App\\Models\\User',1,'{\"attributes\":{\"warehouse_id\":1,\"product_id\":51,\"alert\":\"0.00\",\"total\":330},\"old\":{\"warehouse_id\":1,\"product_id\":51,\"alert\":\"0.00\",\"total\":340}}','2022-05-26 16:59:31','2022-05-26 16:59:31'),(2065,'default','created','App\\Models\\Order',120,'App\\Models\\User',1,'{\"attributes\":{\"warehouse_id\":1,\"customer_id\":11,\"user_id\":1,\"subtotal\":1550,\"vat\":0,\"discount\":0,\"grandtotal\":1550,\"kh_grandtotal\":null}}','2022-05-26 17:03:13','2022-05-26 17:03:13'),(2066,'default','updated','App\\Models\\Balance',26,'App\\Models\\User',1,'{\"attributes\":{\"remain\":\"50972.00\",\"income\":\"6115.00\",\"withdraw\":\"0.00\",\"balance\":\"57087.00\",\"balance_date\":\"2022-05-26\",\"warehouse_id\":1,\"user_id\":1},\"old\":{\"remain\":\"50972.00\",\"income\":\"4565.00\",\"withdraw\":\"0.00\",\"balance\":\"55537.00\",\"balance_date\":\"2022-05-26\",\"warehouse_id\":1,\"user_id\":1}}','2022-05-26 17:03:13','2022-05-26 17:03:13'),(2067,'default','created','App\\Models\\OrderDetail',735,'App\\Models\\User',1,'{\"attributes\":{\"order_id\":120,\"product_id\":15,\"sellprice\":15.5,\"quantity\":\"5.00\"}}','2022-05-26 17:03:13','2022-05-26 17:03:13'),(2068,'default','updated','App\\Models\\Stock',68,'App\\Models\\User',1,'{\"attributes\":{\"warehouse_id\":1,\"product_id\":15,\"alert\":\"0.00\",\"total\":43},\"old\":{\"warehouse_id\":1,\"product_id\":15,\"alert\":\"0.00\",\"total\":48}}','2022-05-26 17:03:13','2022-05-26 17:03:13'),(2069,'default','created','App\\Models\\OrderDetail',736,'App\\Models\\User',1,'{\"attributes\":{\"order_id\":120,\"product_id\":14,\"sellprice\":15.5,\"quantity\":\"5.00\"}}','2022-05-26 17:03:13','2022-05-26 17:03:13'),(2070,'default','updated','App\\Models\\Stock',69,'App\\Models\\User',1,'{\"attributes\":{\"warehouse_id\":1,\"product_id\":14,\"alert\":\"0.00\",\"total\":47},\"old\":{\"warehouse_id\":1,\"product_id\":14,\"alert\":\"0.00\",\"total\":52}}','2022-05-26 17:03:13','2022-05-26 17:03:13'),(2071,'default','created','App\\Models\\OrderDetail',737,'App\\Models\\User',1,'{\"attributes\":{\"order_id\":120,\"product_id\":34,\"sellprice\":16,\"quantity\":\"5.00\"}}','2022-05-26 17:03:13','2022-05-26 17:03:13'),(2072,'default','updated','App\\Models\\Stock',75,'App\\Models\\User',1,'{\"attributes\":{\"warehouse_id\":1,\"product_id\":34,\"alert\":\"0.00\",\"total\":48},\"old\":{\"warehouse_id\":1,\"product_id\":34,\"alert\":\"0.00\",\"total\":53}}','2022-05-26 17:03:13','2022-05-26 17:03:13'),(2073,'default','created','App\\Models\\OrderDetail',738,'App\\Models\\User',1,'{\"attributes\":{\"order_id\":120,\"product_id\":5,\"sellprice\":15,\"quantity\":\"5.00\"}}','2022-05-26 17:03:13','2022-05-26 17:03:13'),(2074,'default','updated','App\\Models\\Stock',76,'App\\Models\\User',1,'{\"attributes\":{\"warehouse_id\":1,\"product_id\":5,\"alert\":\"0.00\",\"total\":26},\"old\":{\"warehouse_id\":1,\"product_id\":5,\"alert\":\"0.00\",\"total\":31}}','2022-05-26 17:03:13','2022-05-26 17:03:13'),(2075,'default','created','App\\Models\\OrderDetail',739,'App\\Models\\User',1,'{\"attributes\":{\"order_id\":120,\"product_id\":28,\"sellprice\":18,\"quantity\":\"10.00\"}}','2022-05-26 17:03:13','2022-05-26 17:03:13'),(2076,'default','updated','App\\Models\\Stock',73,'App\\Models\\User',1,'{\"attributes\":{\"warehouse_id\":1,\"product_id\":28,\"alert\":\"0.00\",\"total\":60},\"old\":{\"warehouse_id\":1,\"product_id\":28,\"alert\":\"0.00\",\"total\":70}}','2022-05-26 17:03:13','2022-05-26 17:03:13'),(2077,'default','created','App\\Models\\OrderDetail',740,'App\\Models\\User',1,'{\"attributes\":{\"order_id\":120,\"product_id\":8,\"sellprice\":13.8,\"quantity\":\"20.00\"}}','2022-05-26 17:03:13','2022-05-26 17:03:13'),(2078,'default','updated','App\\Models\\Stock',83,'App\\Models\\User',1,'{\"attributes\":{\"warehouse_id\":1,\"product_id\":8,\"alert\":\"0.00\",\"total\":165},\"old\":{\"warehouse_id\":1,\"product_id\":8,\"alert\":\"0.00\",\"total\":185}}','2022-05-26 17:03:13','2022-05-26 17:03:13'),(2079,'default','created','App\\Models\\OrderDetail',741,'App\\Models\\User',1,'{\"attributes\":{\"order_id\":120,\"product_id\":32,\"sellprice\":14,\"quantity\":\"20.00\"}}','2022-05-26 17:03:13','2022-05-26 17:03:13'),(2080,'default','updated','App\\Models\\Stock',71,'App\\Models\\User',1,'{\"attributes\":{\"warehouse_id\":1,\"product_id\":32,\"alert\":\"0.00\",\"total\":322},\"old\":{\"warehouse_id\":1,\"product_id\":32,\"alert\":\"0.00\",\"total\":342}}','2022-05-26 17:03:13','2022-05-26 17:03:13'),(2081,'default','created','App\\Models\\OrderDetail',742,'App\\Models\\User',1,'{\"attributes\":{\"order_id\":120,\"product_id\":7,\"sellprice\":13.8,\"quantity\":\"20.00\"}}','2022-05-26 17:03:13','2022-05-26 17:03:13'),(2082,'default','updated','App\\Models\\Stock',82,'App\\Models\\User',1,'{\"attributes\":{\"warehouse_id\":1,\"product_id\":7,\"alert\":\"0.00\",\"total\":40},\"old\":{\"warehouse_id\":1,\"product_id\":7,\"alert\":\"0.00\",\"total\":60}}','2022-05-26 17:03:13','2022-05-26 17:03:13'),(2083,'default','created','App\\Models\\OrderDetail',743,'App\\Models\\User',1,'{\"attributes\":{\"order_id\":120,\"product_id\":9,\"sellprice\":12,\"quantity\":\"19.00\"}}','2022-05-26 17:03:13','2022-05-26 17:03:13'),(2084,'default','updated','App\\Models\\Stock',90,'App\\Models\\User',1,'{\"attributes\":{\"warehouse_id\":1,\"product_id\":9,\"alert\":\"0.00\",\"total\":0},\"old\":{\"warehouse_id\":1,\"product_id\":9,\"alert\":\"0.00\",\"total\":19}}','2022-05-26 17:03:13','2022-05-26 17:03:13'),(2085,'default','created','App\\Models\\Purchase',27,'App\\Models\\User',1,'{\"attributes\":{\"warehouse_id\":1,\"supplier_id\":1,\"user_id\":1,\"batch\":\"20220526_v17__3_1653559425704\",\"subtotal\":4860,\"vat\":0,\"grandtotal\":4860}}','2022-05-26 17:05:51','2022-05-26 17:05:51'),(2086,'default','created','App\\Models\\PurchaseDetail',142,'App\\Models\\User',1,'{\"attributes\":{\"purchase_id\":27,\"product_id\":51,\"unitprice\":\"13.50\",\"quantity\":\"360.00\"}}','2022-05-26 17:05:51','2022-05-26 17:05:51'),(2087,'default','updated','App\\Models\\Stock',61,'App\\Models\\User',1,'{\"attributes\":{\"warehouse_id\":1,\"product_id\":51,\"alert\":\"0.00\",\"total\":690},\"old\":{\"warehouse_id\":1,\"product_id\":51,\"alert\":\"0.00\",\"total\":330}}','2022-05-26 17:05:51','2022-05-26 17:05:51'),(2088,'default','created','App\\Models\\Balance',27,'App\\Models\\User',1,'{\"attributes\":{\"remain\":\"57087.00\",\"income\":\"0.00\",\"withdraw\":\"0.00\",\"balance\":\"57087.00\",\"balance_date\":\"2022-05-27\",\"warehouse_id\":1,\"user_id\":1}}','2022-05-27 09:21:40','2022-05-27 09:21:40'),(2089,'default','updated','App\\Models\\Stock',61,'App\\Models\\User',1,'{\"attributes\":{\"warehouse_id\":1,\"product_id\":51,\"alert\":\"0.00\",\"total\":330},\"old\":{\"warehouse_id\":1,\"product_id\":51,\"alert\":\"0.00\",\"total\":690}}','2022-05-27 02:51:10','2022-05-27 02:51:10'),(2090,'default','deleted','App\\Models\\Purchase',27,'App\\Models\\User',1,'{\"attributes\":{\"warehouse_id\":1,\"supplier_id\":1,\"user_id\":1,\"batch\":\"20220526_v17__3_1653559425704\",\"subtotal\":4860,\"vat\":0,\"grandtotal\":4860}}','2022-05-27 02:51:10','2022-05-27 02:51:10'),(2091,'default','updated','App\\Models\\Stock',87,'App\\Models\\User',1,'{\"attributes\":{\"warehouse_id\":1,\"product_id\":33,\"alert\":\"0.00\",\"total\":54},\"old\":{\"warehouse_id\":1,\"product_id\":33,\"alert\":\"0.00\",\"total\":53}}','2022-05-27 03:12:47','2022-05-27 03:12:47'),(2092,'default','updated','App\\Models\\Stock',71,'App\\Models\\User',1,'{\"attributes\":{\"warehouse_id\":1,\"product_id\":32,\"alert\":\"0.00\",\"total\":324},\"old\":{\"warehouse_id\":1,\"product_id\":32,\"alert\":\"0.00\",\"total\":322}}','2022-05-27 03:12:47','2022-05-27 03:12:47'),(2093,'default','updated','App\\Models\\Stock',56,'App\\Models\\User',1,'{\"attributes\":{\"warehouse_id\":1,\"product_id\":4,\"alert\":\"0.00\",\"total\":70},\"old\":{\"warehouse_id\":1,\"product_id\":4,\"alert\":\"0.00\",\"total\":68}}','2022-05-27 03:12:47','2022-05-27 03:12:47'),(2094,'default','updated','App\\Models\\Stock',82,'App\\Models\\User',1,'{\"attributes\":{\"warehouse_id\":1,\"product_id\":7,\"alert\":\"0.00\",\"total\":45},\"old\":{\"warehouse_id\":1,\"product_id\":7,\"alert\":\"0.00\",\"total\":40}}','2022-05-27 03:12:47','2022-05-27 03:12:47'),(2095,'default','updated','App\\Models\\Balance',27,'App\\Models\\User',1,'{\"attributes\":{\"remain\":\"57087.00\",\"income\":\"148.00\",\"withdraw\":\"0.00\",\"balance\":\"57235.00\",\"balance_date\":\"2022-05-27\",\"warehouse_id\":1,\"user_id\":1},\"old\":{\"remain\":\"57087.00\",\"income\":\"0.00\",\"withdraw\":\"0.00\",\"balance\":\"57087.00\",\"balance_date\":\"2022-05-27\",\"warehouse_id\":1,\"user_id\":1}}','2022-05-27 03:12:47','2022-05-27 03:12:47'),(2096,'default','updated','App\\Models\\Balance',27,'App\\Models\\User',1,'{\"attributes\":{\"remain\":\"57087.00\",\"income\":\"296.00\",\"withdraw\":\"0.00\",\"balance\":\"57383.00\",\"balance_date\":\"2022-05-27\",\"warehouse_id\":1,\"user_id\":1},\"old\":{\"remain\":\"57087.00\",\"income\":\"148.00\",\"withdraw\":\"0.00\",\"balance\":\"57235.00\",\"balance_date\":\"2022-05-27\",\"warehouse_id\":1,\"user_id\":1}}','2022-05-27 03:12:47','2022-05-27 03:12:47'),(2097,'default','created','App\\Models\\OrderDetail',744,'App\\Models\\User',1,'{\"attributes\":{\"order_id\":116,\"product_id\":33,\"sellprice\":23,\"quantity\":\"1.00\"}}','2022-05-27 03:12:47','2022-05-27 03:12:47'),(2098,'default','updated','App\\Models\\Stock',87,'App\\Models\\User',1,'{\"attributes\":{\"warehouse_id\":1,\"product_id\":33,\"alert\":\"0.00\",\"total\":53},\"old\":{\"warehouse_id\":1,\"product_id\":33,\"alert\":\"0.00\",\"total\":54}}','2022-05-27 03:12:47','2022-05-27 03:12:47'),(2099,'default','created','App\\Models\\OrderDetail',745,'App\\Models\\User',1,'{\"attributes\":{\"order_id\":116,\"product_id\":32,\"sellprice\":14,\"quantity\":\"2.00\"}}','2022-05-27 03:12:47','2022-05-27 03:12:47'),(2100,'default','updated','App\\Models\\Stock',71,'App\\Models\\User',1,'{\"attributes\":{\"warehouse_id\":1,\"product_id\":32,\"alert\":\"0.00\",\"total\":322},\"old\":{\"warehouse_id\":1,\"product_id\":32,\"alert\":\"0.00\",\"total\":324}}','2022-05-27 03:12:47','2022-05-27 03:12:47'),(2101,'default','created','App\\Models\\OrderDetail',746,'App\\Models\\User',1,'{\"attributes\":{\"order_id\":116,\"product_id\":4,\"sellprice\":14,\"quantity\":\"2.00\"}}','2022-05-27 03:12:47','2022-05-27 03:12:47'),(2102,'default','updated','App\\Models\\Stock',56,'App\\Models\\User',1,'{\"attributes\":{\"warehouse_id\":1,\"product_id\":4,\"alert\":\"0.00\",\"total\":68},\"old\":{\"warehouse_id\":1,\"product_id\":4,\"alert\":\"0.00\",\"total\":70}}','2022-05-27 03:12:47','2022-05-27 03:12:47'),(2103,'default','created','App\\Models\\OrderDetail',747,'App\\Models\\User',1,'{\"attributes\":{\"order_id\":116,\"product_id\":8,\"sellprice\":13.8,\"quantity\":\"5.00\"}}','2022-05-27 03:12:47','2022-05-27 03:12:47'),(2104,'default','updated','App\\Models\\Stock',83,'App\\Models\\User',1,'{\"attributes\":{\"warehouse_id\":1,\"product_id\":8,\"alert\":\"0.00\",\"total\":160},\"old\":{\"warehouse_id\":1,\"product_id\":8,\"alert\":\"0.00\",\"total\":165}}','2022-05-27 03:12:47','2022-05-27 03:12:47'),(2105,'default','updated','App\\Models\\Brand',13,'App\\Models\\User',1,'{\"attributes\":{\"name\":\"REDMI\",\"kh_name\":null,\"description\":null},\"old\":{\"name\":\"XiaoMe\",\"kh_name\":null,\"description\":null}}','2022-05-27 12:59:35','2022-05-27 12:59:35'),(2106,'default','created','App\\Models\\Product',61,'App\\Models\\User',1,'{\"attributes\":{\"category_id\":5,\"code\":\"555254924564\",\"en_name\":\"6A\",\"kh_name\":\"LCD REDMI\",\"description\":null,\"image\":\"no image created\",\"sale_price\":10}}','2022-05-27 13:02:45','2022-05-27 13:02:45'),(2107,'default','created','App\\Models\\Product',62,'App\\Models\\User',1,'{\"attributes\":{\"category_id\":5,\"code\":\"478248065370\",\"en_name\":\"A11\",\"kh_name\":\"LCD SAMSUNG\",\"description\":\"undefined\",\"image\":\"no image created\",\"sale_price\":10}}','2022-05-27 13:04:06','2022-05-27 13:04:06'),(2108,'default','created','App\\Models\\Product',63,'App\\Models\\User',1,'{\"attributes\":{\"category_id\":5,\"code\":\"232976910064\",\"en_name\":\"A02S\",\"kh_name\":\"LCD SAMSUNG\",\"description\":\"undefined\",\"image\":\"no image created\",\"sale_price\":10}}','2022-05-27 13:04:42','2022-05-27 13:04:42'),(2109,'default','created','App\\Models\\Product',64,'App\\Models\\User',1,'{\"attributes\":{\"category_id\":5,\"code\":\"412014077396\",\"en_name\":\"A21S\",\"kh_name\":\"LCD SAMSUNG\",\"description\":\"undefined\",\"image\":\"no image created\",\"sale_price\":10}}','2022-05-27 13:05:05','2022-05-27 13:05:05'),(2110,'default','created','App\\Models\\Product',65,'App\\Models\\User',1,'{\"attributes\":{\"category_id\":5,\"code\":\"124142271060\",\"en_name\":\"J4P\",\"kh_name\":\"LCD SAMSUNG\",\"description\":\"undefined\",\"image\":\"no image created\",\"sale_price\":10}}','2022-05-27 13:05:32','2022-05-27 13:05:32'),(2111,'default','created','App\\Models\\Product',66,'App\\Models\\User',1,'{\"attributes\":{\"category_id\":5,\"code\":\"122598239646\",\"en_name\":\"Y9 2019\",\"kh_name\":\"LCD HUAWEI\",\"description\":\"undefined\",\"image\":\"no image created\",\"sale_price\":10}}','2022-05-27 13:06:34','2022-05-27 13:06:34'),(2112,'default','created','App\\Models\\Product',67,'App\\Models\\User',1,'{\"attributes\":{\"category_id\":5,\"code\":\"244312071129\",\"en_name\":\"Y6P\",\"kh_name\":\"LCD HUAWEI\",\"description\":\"undefined\",\"image\":\"no image created\",\"sale_price\":10}}','2022-05-27 13:07:12','2022-05-27 13:07:12'),(2113,'default','created','App\\Models\\Product',68,'App\\Models\\User',1,'{\"attributes\":{\"category_id\":5,\"code\":\"302371121307\",\"en_name\":\"A10\",\"kh_name\":\"LCD SAMSUNG\",\"description\":\"undefined\",\"image\":\"no image created\",\"sale_price\":10}}','2022-05-27 13:07:32','2022-05-27 13:07:32'),(2114,'default','created','App\\Models\\Product',69,'App\\Models\\User',1,'{\"attributes\":{\"category_id\":5,\"code\":\"989791238864\",\"en_name\":\"A12\",\"kh_name\":\"LCD SAMSUNG\",\"description\":\"undefined\",\"image\":\"no image created\",\"sale_price\":10}}','2022-05-27 13:07:48','2022-05-27 13:07:48'),(2115,'default','created','App\\Models\\Product',70,'App\\Models\\User',1,'{\"attributes\":{\"category_id\":5,\"code\":\"780385962419\",\"en_name\":\"A20S\",\"kh_name\":\"LCD SAMSUNG\",\"description\":\"undefined\",\"image\":\"no image created\",\"sale_price\":10}}','2022-05-27 13:08:11','2022-05-27 13:08:11'),(2116,'default','created','App\\Models\\Product',71,'App\\Models\\User',1,'{\"attributes\":{\"category_id\":5,\"code\":\"444525050465\",\"en_name\":\"A30\",\"kh_name\":\"LCD SAMSUNG\",\"description\":\"undefined\",\"image\":\"no image created\",\"sale_price\":10}}','2022-05-27 13:08:32','2022-05-27 13:08:32'),(2117,'default','created','App\\Models\\Product',72,'App\\Models\\User',1,'{\"attributes\":{\"category_id\":5,\"code\":\"576587595348\",\"en_name\":\"NOVA 3I\",\"kh_name\":\"LCD HUAWEI\",\"description\":\"undefined\",\"image\":\"no image created\",\"sale_price\":10}}','2022-05-27 13:09:05','2022-05-27 13:09:05'),(2118,'default','created','App\\Models\\Product',73,'App\\Models\\User',1,'{\"attributes\":{\"category_id\":5,\"code\":\"679240813902\",\"en_name\":\"Y9 PRIME\",\"kh_name\":\"LCD HUAWEI\",\"description\":\"undefined\",\"image\":\"no image created\",\"sale_price\":10}}','2022-05-27 13:09:58','2022-05-27 13:09:58'),(2119,'default','created','App\\Models\\Purchase',28,'App\\Models\\User',1,'{\"attributes\":{\"warehouse_id\":1,\"supplier_id\":1,\"user_id\":1,\"batch\":\"20220527_v20__11_1653657063006\",\"subtotal\":3240,\"vat\":0,\"grandtotal\":3240}}','2022-05-27 13:16:24','2022-05-27 13:16:24'),(2120,'default','created','App\\Models\\PurchaseDetail',143,'App\\Models\\User',1,'{\"attributes\":{\"purchase_id\":28,\"product_id\":61,\"unitprice\":\"9.00\",\"quantity\":\"30.00\"}}','2022-05-27 13:16:24','2022-05-27 13:16:24'),(2121,'default','created','App\\Models\\Stock',99,'App\\Models\\User',1,'{\"attributes\":{\"warehouse_id\":1,\"product_id\":61,\"alert\":\"0.00\",\"total\":30}}','2022-05-27 13:16:24','2022-05-27 13:16:24'),(2122,'default','created','App\\Models\\PurchaseDetail',144,'App\\Models\\User',1,'{\"attributes\":{\"purchase_id\":28,\"product_id\":62,\"unitprice\":\"9.00\",\"quantity\":\"30.00\"}}','2022-05-27 13:16:24','2022-05-27 13:16:24'),(2123,'default','created','App\\Models\\Stock',100,'App\\Models\\User',1,'{\"attributes\":{\"warehouse_id\":1,\"product_id\":62,\"alert\":\"0.00\",\"total\":30}}','2022-05-27 13:16:24','2022-05-27 13:16:24'),(2124,'default','created','App\\Models\\PurchaseDetail',145,'App\\Models\\User',1,'{\"attributes\":{\"purchase_id\":28,\"product_id\":63,\"unitprice\":\"9.00\",\"quantity\":\"30.00\"}}','2022-05-27 13:16:24','2022-05-27 13:16:24'),(2125,'default','created','App\\Models\\Stock',101,'App\\Models\\User',1,'{\"attributes\":{\"warehouse_id\":1,\"product_id\":63,\"alert\":\"0.00\",\"total\":30}}','2022-05-27 13:16:24','2022-05-27 13:16:24'),(2126,'default','created','App\\Models\\PurchaseDetail',146,'App\\Models\\User',1,'{\"attributes\":{\"purchase_id\":28,\"product_id\":64,\"unitprice\":\"9.00\",\"quantity\":\"30.00\"}}','2022-05-27 13:16:24','2022-05-27 13:16:24'),(2127,'default','created','App\\Models\\Stock',102,'App\\Models\\User',1,'{\"attributes\":{\"warehouse_id\":1,\"product_id\":64,\"alert\":\"0.00\",\"total\":30}}','2022-05-27 13:16:24','2022-05-27 13:16:24'),(2128,'default','created','App\\Models\\PurchaseDetail',147,'App\\Models\\User',1,'{\"attributes\":{\"purchase_id\":28,\"product_id\":65,\"unitprice\":\"9.00\",\"quantity\":\"50.00\"}}','2022-05-27 13:16:24','2022-05-27 13:16:24'),(2129,'default','created','App\\Models\\Stock',103,'App\\Models\\User',1,'{\"attributes\":{\"warehouse_id\":1,\"product_id\":65,\"alert\":\"0.00\",\"total\":50}}','2022-05-27 13:16:24','2022-05-27 13:16:24'),(2130,'default','created','App\\Models\\PurchaseDetail',148,'App\\Models\\User',1,'{\"attributes\":{\"purchase_id\":28,\"product_id\":66,\"unitprice\":\"9.00\",\"quantity\":\"20.00\"}}','2022-05-27 13:16:24','2022-05-27 13:16:24'),(2131,'default','created','App\\Models\\Stock',104,'App\\Models\\User',1,'{\"attributes\":{\"warehouse_id\":1,\"product_id\":66,\"alert\":\"0.00\",\"total\":20}}','2022-05-27 13:16:24','2022-05-27 13:16:24'),(2132,'default','created','App\\Models\\PurchaseDetail',149,'App\\Models\\User',1,'{\"attributes\":{\"purchase_id\":28,\"product_id\":67,\"unitprice\":\"9.00\",\"quantity\":\"20.00\"}}','2022-05-27 13:16:24','2022-05-27 13:16:24'),(2133,'default','created','App\\Models\\Stock',105,'App\\Models\\User',1,'{\"attributes\":{\"warehouse_id\":1,\"product_id\":67,\"alert\":\"0.00\",\"total\":20}}','2022-05-27 13:16:24','2022-05-27 13:16:24'),(2134,'default','created','App\\Models\\PurchaseDetail',150,'App\\Models\\User',1,'{\"attributes\":{\"purchase_id\":28,\"product_id\":68,\"unitprice\":\"9.00\",\"quantity\":\"30.00\"}}','2022-05-27 13:16:24','2022-05-27 13:16:24'),(2135,'default','created','App\\Models\\Stock',106,'App\\Models\\User',1,'{\"attributes\":{\"warehouse_id\":1,\"product_id\":68,\"alert\":\"0.00\",\"total\":30}}','2022-05-27 13:16:24','2022-05-27 13:16:24'),(2136,'default','created','App\\Models\\PurchaseDetail',151,'App\\Models\\User',1,'{\"attributes\":{\"purchase_id\":28,\"product_id\":69,\"unitprice\":\"9.00\",\"quantity\":\"30.00\"}}','2022-05-27 13:16:24','2022-05-27 13:16:24'),(2137,'default','created','App\\Models\\Stock',107,'App\\Models\\User',1,'{\"attributes\":{\"warehouse_id\":1,\"product_id\":69,\"alert\":\"0.00\",\"total\":30}}','2022-05-27 13:16:24','2022-05-27 13:16:24'),(2138,'default','created','App\\Models\\PurchaseDetail',152,'App\\Models\\User',1,'{\"attributes\":{\"purchase_id\":28,\"product_id\":70,\"unitprice\":\"9.00\",\"quantity\":\"20.00\"}}','2022-05-27 13:16:24','2022-05-27 13:16:24'),(2139,'default','created','App\\Models\\Stock',108,'App\\Models\\User',1,'{\"attributes\":{\"warehouse_id\":1,\"product_id\":70,\"alert\":\"0.00\",\"total\":20}}','2022-05-27 13:16:24','2022-05-27 13:16:24'),(2140,'default','created','App\\Models\\PurchaseDetail',153,'App\\Models\\User',1,'{\"attributes\":{\"purchase_id\":28,\"product_id\":71,\"unitprice\":\"9.00\",\"quantity\":\"30.00\"}}','2022-05-27 13:16:24','2022-05-27 13:16:24'),(2141,'default','created','App\\Models\\Stock',109,'App\\Models\\User',1,'{\"attributes\":{\"warehouse_id\":1,\"product_id\":71,\"alert\":\"0.00\",\"total\":30}}','2022-05-27 13:16:24','2022-05-27 13:16:24'),(2142,'default','created','App\\Models\\PurchaseDetail',154,'App\\Models\\User',1,'{\"attributes\":{\"purchase_id\":28,\"product_id\":72,\"unitprice\":\"9.00\",\"quantity\":\"20.00\"}}','2022-05-27 13:16:24','2022-05-27 13:16:24'),(2143,'default','created','App\\Models\\Stock',110,'App\\Models\\User',1,'{\"attributes\":{\"warehouse_id\":1,\"product_id\":72,\"alert\":\"0.00\",\"total\":20}}','2022-05-27 13:16:24','2022-05-27 13:16:24'),(2144,'default','created','App\\Models\\PurchaseDetail',155,'App\\Models\\User',1,'{\"attributes\":{\"purchase_id\":28,\"product_id\":73,\"unitprice\":\"9.00\",\"quantity\":\"20.00\"}}','2022-05-27 13:16:24','2022-05-27 13:16:24'),(2145,'default','created','App\\Models\\Stock',111,'App\\Models\\User',1,'{\"attributes\":{\"warehouse_id\":1,\"product_id\":73,\"alert\":\"0.00\",\"total\":20}}','2022-05-27 13:16:24','2022-05-27 13:16:24'),(2146,'default','updated','App\\Models\\Product',73,'App\\Models\\User',1,'{\"attributes\":{\"category_id\":5,\"code\":\"679240813902\",\"en_name\":\"Y9 PRIME 2019\",\"kh_name\":\"LCD HUAWEI\",\"description\":\"undefined\",\"image\":\"no image created\",\"sale_price\":10},\"old\":{\"category_id\":5,\"code\":\"679240813902\",\"en_name\":\"Y9 PRIME\",\"kh_name\":\"LCD HUAWEI\",\"description\":\"undefined\",\"image\":\"no image created\",\"sale_price\":10}}','2022-05-27 13:17:12','2022-05-27 13:17:12'),(2147,'default','updated','App\\Models\\Product',61,'App\\Models\\User',1,'{\"attributes\":{\"category_id\":5,\"code\":\"555254924564\",\"en_name\":\"6A B\",\"kh_name\":\"LCD REDMI\",\"description\":\"null\",\"image\":\"no image created\",\"sale_price\":10},\"old\":{\"category_id\":5,\"code\":\"555254924564\",\"en_name\":\"6A\",\"kh_name\":\"LCD REDMI\",\"description\":null,\"image\":\"no image created\",\"sale_price\":10}}','2022-05-27 13:18:00','2022-05-27 13:18:00'),(2148,'default','created','App\\Models\\Order',121,'App\\Models\\User',1,'{\"attributes\":{\"warehouse_id\":1,\"customer_id\":9,\"user_id\":1,\"subtotal\":5170,\"vat\":0,\"discount\":0,\"grandtotal\":5170,\"kh_grandtotal\":null}}','2022-05-27 13:22:38','2022-05-27 13:22:38'),(2149,'default','updated','App\\Models\\Balance',27,'App\\Models\\User',1,'{\"attributes\":{\"remain\":\"57087.00\",\"income\":\"5466.00\",\"withdraw\":\"0.00\",\"balance\":\"62553.00\",\"balance_date\":\"2022-05-27\",\"warehouse_id\":1,\"user_id\":1},\"old\":{\"remain\":\"57087.00\",\"income\":\"296.00\",\"withdraw\":\"0.00\",\"balance\":\"57383.00\",\"balance_date\":\"2022-05-27\",\"warehouse_id\":1,\"user_id\":1}}','2022-05-27 13:22:38','2022-05-27 13:22:38'),(2150,'default','created','App\\Models\\OrderDetail',748,'App\\Models\\User',1,'{\"attributes\":{\"order_id\":121,\"product_id\":17,\"sellprice\":80,\"quantity\":\"3.00\"}}','2022-05-27 13:22:38','2022-05-27 13:22:38'),(2151,'default','updated','App\\Models\\Stock',46,'App\\Models\\User',1,'{\"attributes\":{\"warehouse_id\":1,\"product_id\":17,\"alert\":\"0.00\",\"total\":1},\"old\":{\"warehouse_id\":1,\"product_id\":17,\"alert\":\"0.00\",\"total\":4}}','2022-05-27 13:22:38','2022-05-27 13:22:38'),(2152,'default','created','App\\Models\\OrderDetail',749,'App\\Models\\User',1,'{\"attributes\":{\"order_id\":121,\"product_id\":44,\"sellprice\":59,\"quantity\":\"1.00\"}}','2022-05-27 13:22:38','2022-05-27 13:22:38'),(2153,'default','updated','App\\Models\\Stock',81,'App\\Models\\User',1,'{\"attributes\":{\"warehouse_id\":1,\"product_id\":44,\"alert\":\"0.00\",\"total\":0},\"old\":{\"warehouse_id\":1,\"product_id\":44,\"alert\":\"0.00\",\"total\":1}}','2022-05-27 13:22:38','2022-05-27 13:22:38'),(2154,'default','created','App\\Models\\OrderDetail',750,'App\\Models\\User',1,'{\"attributes\":{\"order_id\":121,\"product_id\":34,\"sellprice\":16,\"quantity\":\"20.00\"}}','2022-05-27 13:22:38','2022-05-27 13:22:38'),(2155,'default','updated','App\\Models\\Stock',75,'App\\Models\\User',1,'{\"attributes\":{\"warehouse_id\":1,\"product_id\":34,\"alert\":\"0.00\",\"total\":28},\"old\":{\"warehouse_id\":1,\"product_id\":34,\"alert\":\"0.00\",\"total\":48}}','2022-05-27 13:22:38','2022-05-27 13:22:38'),(2156,'default','created','App\\Models\\OrderDetail',751,'App\\Models\\User',1,'{\"attributes\":{\"order_id\":121,\"product_id\":36,\"sellprice\":16.5,\"quantity\":\"20.00\"}}','2022-05-27 13:22:38','2022-05-27 13:22:38'),(2157,'default','updated','App\\Models\\Stock',89,'App\\Models\\User',1,'{\"attributes\":{\"warehouse_id\":1,\"product_id\":36,\"alert\":\"0.00\",\"total\":40},\"old\":{\"warehouse_id\":1,\"product_id\":36,\"alert\":\"0.00\",\"total\":60}}','2022-05-27 13:22:38','2022-05-27 13:22:38'),(2158,'default','created','App\\Models\\OrderDetail',752,'App\\Models\\User',1,'{\"attributes\":{\"order_id\":121,\"product_id\":35,\"sellprice\":13.5,\"quantity\":\"30.00\"}}','2022-05-27 13:22:38','2022-05-27 13:22:38'),(2159,'default','updated','App\\Models\\Stock',88,'App\\Models\\User',1,'{\"attributes\":{\"warehouse_id\":1,\"product_id\":35,\"alert\":\"0.00\",\"total\":18},\"old\":{\"warehouse_id\":1,\"product_id\":35,\"alert\":\"0.00\",\"total\":48}}','2022-05-27 13:22:38','2022-05-27 13:22:38'),(2160,'default','created','App\\Models\\OrderDetail',753,'App\\Models\\User',1,'{\"attributes\":{\"order_id\":121,\"product_id\":23,\"sellprice\":11,\"quantity\":\"10.00\"}}','2022-05-27 13:22:38','2022-05-27 13:22:38'),(2161,'default','updated','App\\Models\\Stock',47,'App\\Models\\User',1,'{\"attributes\":{\"warehouse_id\":1,\"product_id\":23,\"alert\":\"0.00\",\"total\":62},\"old\":{\"warehouse_id\":1,\"product_id\":23,\"alert\":\"0.00\",\"total\":72}}','2022-05-27 13:22:38','2022-05-27 13:22:38'),(2162,'default','created','App\\Models\\OrderDetail',754,'App\\Models\\User',1,'{\"attributes\":{\"order_id\":121,\"product_id\":22,\"sellprice\":11,\"quantity\":\"10.00\"}}','2022-05-27 13:22:38','2022-05-27 13:22:38'),(2163,'default','updated','App\\Models\\Stock',48,'App\\Models\\User',1,'{\"attributes\":{\"warehouse_id\":1,\"product_id\":22,\"alert\":\"0.00\",\"total\":67},\"old\":{\"warehouse_id\":1,\"product_id\":22,\"alert\":\"0.00\",\"total\":77}}','2022-05-27 13:22:38','2022-05-27 13:22:38'),(2164,'default','created','App\\Models\\OrderDetail',755,'App\\Models\\User',1,'{\"attributes\":{\"order_id\":121,\"product_id\":39,\"sellprice\":13.5,\"quantity\":\"20.00\"}}','2022-05-27 13:22:38','2022-05-27 13:22:38'),(2165,'default','updated','App\\Models\\Stock',50,'App\\Models\\User',1,'{\"attributes\":{\"warehouse_id\":1,\"product_id\":39,\"alert\":\"0.00\",\"total\":150},\"old\":{\"warehouse_id\":1,\"product_id\":39,\"alert\":\"0.00\",\"total\":170}}','2022-05-27 13:22:38','2022-05-27 13:22:38'),(2166,'default','created','App\\Models\\OrderDetail',756,'App\\Models\\User',1,'{\"attributes\":{\"order_id\":121,\"product_id\":28,\"sellprice\":18,\"quantity\":\"20.00\"}}','2022-05-27 13:22:38','2022-05-27 13:22:38'),(2167,'default','updated','App\\Models\\Stock',73,'App\\Models\\User',1,'{\"attributes\":{\"warehouse_id\":1,\"product_id\":28,\"alert\":\"0.00\",\"total\":40},\"old\":{\"warehouse_id\":1,\"product_id\":28,\"alert\":\"0.00\",\"total\":60}}','2022-05-27 13:22:38','2022-05-27 13:22:38'),(2168,'default','created','App\\Models\\OrderDetail',757,'App\\Models\\User',1,'{\"attributes\":{\"order_id\":121,\"product_id\":7,\"sellprice\":13.8,\"quantity\":\"45.00\"}}','2022-05-27 13:22:38','2022-05-27 13:22:38'),(2169,'default','updated','App\\Models\\Stock',82,'App\\Models\\User',1,'{\"attributes\":{\"warehouse_id\":1,\"product_id\":7,\"alert\":\"0.00\",\"total\":0},\"old\":{\"warehouse_id\":1,\"product_id\":7,\"alert\":\"0.00\",\"total\":45}}','2022-05-27 13:22:38','2022-05-27 13:22:38'),(2170,'default','created','App\\Models\\OrderDetail',758,'App\\Models\\User',1,'{\"attributes\":{\"order_id\":121,\"product_id\":26,\"sellprice\":15.5,\"quantity\":\"30.00\"}}','2022-05-27 13:22:38','2022-05-27 13:22:38'),(2171,'default','updated','App\\Models\\Stock',84,'App\\Models\\User',1,'{\"attributes\":{\"warehouse_id\":1,\"product_id\":26,\"alert\":\"0.00\",\"total\":6},\"old\":{\"warehouse_id\":1,\"product_id\":26,\"alert\":\"0.00\",\"total\":36}}','2022-05-27 13:22:38','2022-05-27 13:22:38'),(2172,'default','created','App\\Models\\OrderDetail',759,'App\\Models\\User',1,'{\"attributes\":{\"order_id\":121,\"product_id\":1,\"sellprice\":12.5,\"quantity\":\"50.00\"}}','2022-05-27 13:22:39','2022-05-27 13:22:39'),(2173,'default','updated','App\\Models\\Stock',60,'App\\Models\\User',1,'{\"attributes\":{\"warehouse_id\":1,\"product_id\":1,\"alert\":\"0.00\",\"total\":76},\"old\":{\"warehouse_id\":1,\"product_id\":1,\"alert\":\"0.00\",\"total\":126}}','2022-05-27 13:22:39','2022-05-27 13:22:39'),(2174,'default','created','App\\Models\\OrderDetail',760,'App\\Models\\User',1,'{\"attributes\":{\"order_id\":121,\"product_id\":3,\"sellprice\":12.5,\"quantity\":\"50.00\"}}','2022-05-27 13:22:39','2022-05-27 13:22:39'),(2175,'default','updated','App\\Models\\Stock',66,'App\\Models\\User',1,'{\"attributes\":{\"warehouse_id\":1,\"product_id\":3,\"alert\":\"0.00\",\"total\":290},\"old\":{\"warehouse_id\":1,\"product_id\":3,\"alert\":\"0.00\",\"total\":340}}','2022-05-27 13:22:39','2022-05-27 13:22:39'),(2176,'default','created','App\\Models\\OrderDetail',761,'App\\Models\\User',1,'{\"attributes\":{\"order_id\":121,\"product_id\":51,\"sellprice\":15.5,\"quantity\":\"20.00\"}}','2022-05-27 13:22:39','2022-05-27 13:22:39'),(2177,'default','updated','App\\Models\\Stock',61,'App\\Models\\User',1,'{\"attributes\":{\"warehouse_id\":1,\"product_id\":51,\"alert\":\"0.00\",\"total\":310},\"old\":{\"warehouse_id\":1,\"product_id\":51,\"alert\":\"0.00\",\"total\":330}}','2022-05-27 13:22:39','2022-05-27 13:22:39'),(2178,'default','created','App\\Models\\OrderDetail',762,'App\\Models\\User',1,'{\"attributes\":{\"order_id\":121,\"product_id\":6,\"sellprice\":16,\"quantity\":\"20.00\"}}','2022-05-27 13:22:39','2022-05-27 13:22:39'),(2179,'default','updated','App\\Models\\Stock',72,'App\\Models\\User',1,'{\"attributes\":{\"warehouse_id\":1,\"product_id\":6,\"alert\":\"0.00\",\"total\":96},\"old\":{\"warehouse_id\":1,\"product_id\":6,\"alert\":\"0.00\",\"total\":116}}','2022-05-27 13:22:39','2022-05-27 13:22:39'),(2180,'default','created','App\\Models\\Order',122,'App\\Models\\User',1,'{\"attributes\":{\"warehouse_id\":1,\"customer_id\":9,\"user_id\":1,\"subtotal\":1696.5,\"vat\":0,\"discount\":0,\"grandtotal\":1696.5,\"kh_grandtotal\":null}}','2022-05-27 13:23:43','2022-05-27 13:23:43'),(2181,'default','updated','App\\Models\\Balance',27,'App\\Models\\User',1,'{\"attributes\":{\"remain\":\"57087.00\",\"income\":\"7162.50\",\"withdraw\":\"0.00\",\"balance\":\"64249.50\",\"balance_date\":\"2022-05-27\",\"warehouse_id\":1,\"user_id\":1},\"old\":{\"remain\":\"57087.00\",\"income\":\"5466.00\",\"withdraw\":\"0.00\",\"balance\":\"62553.00\",\"balance_date\":\"2022-05-27\",\"warehouse_id\":1,\"user_id\":1}}','2022-05-27 13:23:43','2022-05-27 13:23:43'),(2182,'default','created','App\\Models\\OrderDetail',763,'App\\Models\\User',1,'{\"attributes\":{\"order_id\":122,\"product_id\":8,\"sellprice\":13.8,\"quantity\":\"30.00\"}}','2022-05-27 13:23:43','2022-05-27 13:23:43'),(2183,'default','updated','App\\Models\\Stock',83,'App\\Models\\User',1,'{\"attributes\":{\"warehouse_id\":1,\"product_id\":8,\"alert\":\"0.00\",\"total\":130},\"old\":{\"warehouse_id\":1,\"product_id\":8,\"alert\":\"0.00\",\"total\":160}}','2022-05-27 13:23:43','2022-05-27 13:23:43'),(2184,'default','created','App\\Models\\OrderDetail',764,'App\\Models\\User',1,'{\"attributes\":{\"order_id\":122,\"product_id\":58,\"sellprice\":17.5,\"quantity\":\"5.00\"}}','2022-05-27 13:23:43','2022-05-27 13:23:43'),(2185,'default','updated','App\\Models\\Stock',96,'App\\Models\\User',1,'{\"attributes\":{\"warehouse_id\":1,\"product_id\":58,\"alert\":\"0.00\",\"total\":0},\"old\":{\"warehouse_id\":1,\"product_id\":58,\"alert\":\"0.00\",\"total\":5}}','2022-05-27 13:23:43','2022-05-27 13:23:43'),(2186,'default','created','App\\Models\\OrderDetail',765,'App\\Models\\User',1,'{\"attributes\":{\"order_id\":122,\"product_id\":33,\"sellprice\":23,\"quantity\":\"10.00\"}}','2022-05-27 13:23:43','2022-05-27 13:23:43'),(2187,'default','updated','App\\Models\\Stock',87,'App\\Models\\User',1,'{\"attributes\":{\"warehouse_id\":1,\"product_id\":33,\"alert\":\"0.00\",\"total\":43},\"old\":{\"warehouse_id\":1,\"product_id\":33,\"alert\":\"0.00\",\"total\":53}}','2022-05-27 13:23:43','2022-05-27 13:23:43'),(2188,'default','created','App\\Models\\OrderDetail',766,'App\\Models\\User',1,'{\"attributes\":{\"order_id\":122,\"product_id\":38,\"sellprice\":15.5,\"quantity\":\"30.00\"}}','2022-05-27 13:23:43','2022-05-27 13:23:43'),(2189,'default','updated','App\\Models\\Stock',57,'App\\Models\\User',1,'{\"attributes\":{\"warehouse_id\":1,\"product_id\":38,\"alert\":\"0.00\",\"total\":16},\"old\":{\"warehouse_id\":1,\"product_id\":38,\"alert\":\"0.00\",\"total\":46}}','2022-05-27 13:23:43','2022-05-27 13:23:43'),(2190,'default','created','App\\Models\\OrderDetail',767,'App\\Models\\User',1,'{\"attributes\":{\"order_id\":122,\"product_id\":24,\"sellprice\":15.5,\"quantity\":\"20.00\"}}','2022-05-27 13:23:43','2022-05-27 13:23:43'),(2191,'default','updated','App\\Models\\Stock',67,'App\\Models\\User',1,'{\"attributes\":{\"warehouse_id\":1,\"product_id\":24,\"alert\":\"0.00\",\"total\":146},\"old\":{\"warehouse_id\":1,\"product_id\":24,\"alert\":\"0.00\",\"total\":166}}','2022-05-27 13:23:43','2022-05-27 13:23:43'),(2192,'default','created','App\\Models\\OrderDetail',768,'App\\Models\\User',1,'{\"attributes\":{\"order_id\":122,\"product_id\":41,\"sellprice\":19,\"quantity\":\"10.00\"}}','2022-05-27 13:23:43','2022-05-27 13:23:43'),(2193,'default','updated','App\\Models\\Stock',77,'App\\Models\\User',1,'{\"attributes\":{\"warehouse_id\":1,\"product_id\":41,\"alert\":\"0.00\",\"total\":31},\"old\":{\"warehouse_id\":1,\"product_id\":41,\"alert\":\"0.00\",\"total\":41}}','2022-05-27 13:23:43','2022-05-27 13:23:43'),(2194,'default','created','App\\Models\\Balance',28,'App\\Models\\User',1,'{\"attributes\":{\"remain\":\"64249.50\",\"income\":\"0.00\",\"withdraw\":\"0.00\",\"balance\":\"64249.50\",\"balance_date\":\"2022-05-28\",\"warehouse_id\":1,\"user_id\":1}}','2022-05-28 06:13:27','2022-05-28 06:13:27'),(2195,'default','created','App\\Models\\Order',123,'App\\Models\\User',1,'{\"attributes\":{\"warehouse_id\":1,\"customer_id\":10,\"user_id\":1,\"subtotal\":526.5,\"vat\":0,\"discount\":0,\"grandtotal\":526.5,\"kh_grandtotal\":null}}','2022-05-28 06:15:01','2022-05-28 06:15:01'),(2196,'default','updated','App\\Models\\Balance',28,'App\\Models\\User',1,'{\"attributes\":{\"remain\":\"64249.50\",\"income\":\"526.50\",\"withdraw\":\"0.00\",\"balance\":\"64776.00\",\"balance_date\":\"2022-05-28\",\"warehouse_id\":1,\"user_id\":1},\"old\":{\"remain\":\"64249.50\",\"income\":\"0.00\",\"withdraw\":\"0.00\",\"balance\":\"64249.50\",\"balance_date\":\"2022-05-28\",\"warehouse_id\":1,\"user_id\":1}}','2022-05-28 06:15:01','2022-05-28 06:15:01'),(2197,'default','created','App\\Models\\OrderDetail',769,'App\\Models\\User',1,'{\"attributes\":{\"order_id\":123,\"product_id\":33,\"sellprice\":23,\"quantity\":\"3.00\"}}','2022-05-28 06:15:01','2022-05-28 06:15:01'),(2198,'default','updated','App\\Models\\Stock',87,'App\\Models\\User',1,'{\"attributes\":{\"warehouse_id\":1,\"product_id\":33,\"alert\":\"0.00\",\"total\":40},\"old\":{\"warehouse_id\":1,\"product_id\":33,\"alert\":\"0.00\",\"total\":43}}','2022-05-28 06:15:01','2022-05-28 06:15:01'),(2199,'default','created','App\\Models\\OrderDetail',770,'App\\Models\\User',1,'{\"attributes\":{\"order_id\":123,\"product_id\":39,\"sellprice\":13.5,\"quantity\":\"5.00\"}}','2022-05-28 06:15:01','2022-05-28 06:15:01'),(2200,'default','updated','App\\Models\\Stock',50,'App\\Models\\User',1,'{\"attributes\":{\"warehouse_id\":1,\"product_id\":39,\"alert\":\"0.00\",\"total\":145},\"old\":{\"warehouse_id\":1,\"product_id\":39,\"alert\":\"0.00\",\"total\":150}}','2022-05-28 06:15:01','2022-05-28 06:15:01'),(2201,'default','created','App\\Models\\OrderDetail',771,'App\\Models\\User',1,'{\"attributes\":{\"order_id\":123,\"product_id\":4,\"sellprice\":14,\"quantity\":\"10.00\"}}','2022-05-28 06:15:01','2022-05-28 06:15:01'),(2202,'default','updated','App\\Models\\Stock',56,'App\\Models\\User',1,'{\"attributes\":{\"warehouse_id\":1,\"product_id\":4,\"alert\":\"0.00\",\"total\":58},\"old\":{\"warehouse_id\":1,\"product_id\":4,\"alert\":\"0.00\",\"total\":68}}','2022-05-28 06:15:01','2022-05-28 06:15:01'),(2203,'default','created','App\\Models\\OrderDetail',772,'App\\Models\\User',1,'{\"attributes\":{\"order_id\":123,\"product_id\":3,\"sellprice\":12.5,\"quantity\":\"20.00\"}}','2022-05-28 06:15:01','2022-05-28 06:15:01'),(2204,'default','updated','App\\Models\\Stock',66,'App\\Models\\User',1,'{\"attributes\":{\"warehouse_id\":1,\"product_id\":3,\"alert\":\"0.00\",\"total\":270},\"old\":{\"warehouse_id\":1,\"product_id\":3,\"alert\":\"0.00\",\"total\":290}}','2022-05-28 06:15:01','2022-05-28 06:15:01'),(2205,'default','created','App\\Models\\Order',124,'App\\Models\\User',1,'{\"attributes\":{\"warehouse_id\":1,\"customer_id\":2,\"user_id\":1,\"subtotal\":5934,\"vat\":0,\"discount\":0,\"grandtotal\":5934,\"kh_grandtotal\":null}}','2022-05-28 06:24:41','2022-05-28 06:24:41'),(2206,'default','updated','App\\Models\\Balance',28,'App\\Models\\User',1,'{\"attributes\":{\"remain\":\"64249.50\",\"income\":\"6460.50\",\"withdraw\":\"0.00\",\"balance\":\"70710.00\",\"balance_date\":\"2022-05-28\",\"warehouse_id\":1,\"user_id\":1},\"old\":{\"remain\":\"64249.50\",\"income\":\"526.50\",\"withdraw\":\"0.00\",\"balance\":\"64776.00\",\"balance_date\":\"2022-05-28\",\"warehouse_id\":1,\"user_id\":1}}','2022-05-28 06:24:41','2022-05-28 06:24:41'),(2207,'default','created','App\\Models\\OrderDetail',773,'App\\Models\\User',1,'{\"attributes\":{\"order_id\":124,\"product_id\":53,\"sellprice\":14,\"quantity\":\"20.00\"}}','2022-05-28 06:24:41','2022-05-28 06:24:41'),(2208,'default','updated','App\\Models\\Stock',95,'App\\Models\\User',1,'{\"attributes\":{\"warehouse_id\":1,\"product_id\":53,\"alert\":\"0.00\",\"total\":10},\"old\":{\"warehouse_id\":1,\"product_id\":53,\"alert\":\"0.00\",\"total\":30}}','2022-05-28 06:24:41','2022-05-28 06:24:41'),(2209,'default','created','App\\Models\\OrderDetail',774,'App\\Models\\User',1,'{\"attributes\":{\"order_id\":124,\"product_id\":28,\"sellprice\":18,\"quantity\":\"30.00\"}}','2022-05-28 06:24:41','2022-05-28 06:24:41'),(2210,'default','updated','App\\Models\\Stock',73,'App\\Models\\User',1,'{\"attributes\":{\"warehouse_id\":1,\"product_id\":28,\"alert\":\"0.00\",\"total\":10},\"old\":{\"warehouse_id\":1,\"product_id\":28,\"alert\":\"0.00\",\"total\":40}}','2022-05-28 06:24:41','2022-05-28 06:24:41'),(2211,'default','created','App\\Models\\OrderDetail',775,'App\\Models\\User',1,'{\"attributes\":{\"order_id\":124,\"product_id\":32,\"sellprice\":14,\"quantity\":\"30.00\"}}','2022-05-28 06:24:41','2022-05-28 06:24:41'),(2212,'default','updated','App\\Models\\Stock',71,'App\\Models\\User',1,'{\"attributes\":{\"warehouse_id\":1,\"product_id\":32,\"alert\":\"0.00\",\"total\":292},\"old\":{\"warehouse_id\":1,\"product_id\":32,\"alert\":\"0.00\",\"total\":322}}','2022-05-28 06:24:41','2022-05-28 06:24:41'),(2213,'default','created','App\\Models\\OrderDetail',776,'App\\Models\\User',1,'{\"attributes\":{\"order_id\":124,\"product_id\":1,\"sellprice\":12.5,\"quantity\":\"40.00\"}}','2022-05-28 06:24:41','2022-05-28 06:24:41'),(2214,'default','updated','App\\Models\\Stock',60,'App\\Models\\User',1,'{\"attributes\":{\"warehouse_id\":1,\"product_id\":1,\"alert\":\"0.00\",\"total\":36},\"old\":{\"warehouse_id\":1,\"product_id\":1,\"alert\":\"0.00\",\"total\":76}}','2022-05-28 06:24:41','2022-05-28 06:24:41'),(2215,'default','created','App\\Models\\OrderDetail',777,'App\\Models\\User',1,'{\"attributes\":{\"order_id\":124,\"product_id\":51,\"sellprice\":15.5,\"quantity\":\"50.00\"}}','2022-05-28 06:24:41','2022-05-28 06:24:41'),(2216,'default','updated','App\\Models\\Stock',61,'App\\Models\\User',1,'{\"attributes\":{\"warehouse_id\":1,\"product_id\":51,\"alert\":\"0.00\",\"total\":260},\"old\":{\"warehouse_id\":1,\"product_id\":51,\"alert\":\"0.00\",\"total\":310}}','2022-05-28 06:24:41','2022-05-28 06:24:41'),(2217,'default','created','App\\Models\\OrderDetail',778,'App\\Models\\User',1,'{\"attributes\":{\"order_id\":124,\"product_id\":5,\"sellprice\":15,\"quantity\":\"20.00\"}}','2022-05-28 06:24:41','2022-05-28 06:24:41'),(2218,'default','updated','App\\Models\\Stock',76,'App\\Models\\User',1,'{\"attributes\":{\"warehouse_id\":1,\"product_id\":5,\"alert\":\"0.00\",\"total\":6},\"old\":{\"warehouse_id\":1,\"product_id\":5,\"alert\":\"0.00\",\"total\":26}}','2022-05-28 06:24:41','2022-05-28 06:24:41'),(2219,'default','created','App\\Models\\OrderDetail',779,'App\\Models\\User',1,'{\"attributes\":{\"order_id\":124,\"product_id\":60,\"sellprice\":20,\"quantity\":\"3.00\"}}','2022-05-28 06:24:41','2022-05-28 06:24:41'),(2220,'default','updated','App\\Models\\Stock',98,'App\\Models\\User',1,'{\"attributes\":{\"warehouse_id\":1,\"product_id\":60,\"alert\":\"0.00\",\"total\":17},\"old\":{\"warehouse_id\":1,\"product_id\":60,\"alert\":\"0.00\",\"total\":20}}','2022-05-28 06:24:41','2022-05-28 06:24:41'),(2221,'default','created','App\\Models\\OrderDetail',780,'App\\Models\\User',1,'{\"attributes\":{\"order_id\":124,\"product_id\":59,\"sellprice\":17.5,\"quantity\":\"20.00\"}}','2022-05-28 06:24:41','2022-05-28 06:24:41'),(2222,'default','updated','App\\Models\\Stock',97,'App\\Models\\User',1,'{\"attributes\":{\"warehouse_id\":1,\"product_id\":59,\"alert\":\"0.00\",\"total\":80},\"old\":{\"warehouse_id\":1,\"product_id\":59,\"alert\":\"0.00\",\"total\":100}}','2022-05-28 06:24:41','2022-05-28 06:24:41'),(2223,'default','created','App\\Models\\OrderDetail',781,'App\\Models\\User',1,'{\"attributes\":{\"order_id\":124,\"product_id\":39,\"sellprice\":13.5,\"quantity\":\"30.00\"}}','2022-05-28 06:24:41','2022-05-28 06:24:41'),(2224,'default','updated','App\\Models\\Stock',50,'App\\Models\\User',1,'{\"attributes\":{\"warehouse_id\":1,\"product_id\":39,\"alert\":\"0.00\",\"total\":115},\"old\":{\"warehouse_id\":1,\"product_id\":39,\"alert\":\"0.00\",\"total\":145}}','2022-05-28 06:24:41','2022-05-28 06:24:41'),(2225,'default','created','App\\Models\\OrderDetail',782,'App\\Models\\User',1,'{\"attributes\":{\"order_id\":124,\"product_id\":12,\"sellprice\":21,\"quantity\":\"49.00\"}}','2022-05-28 06:24:41','2022-05-28 06:24:41'),(2226,'default','updated','App\\Models\\Stock',64,'App\\Models\\User',1,'{\"attributes\":{\"warehouse_id\":1,\"product_id\":12,\"alert\":\"0.00\",\"total\":40},\"old\":{\"warehouse_id\":1,\"product_id\":12,\"alert\":\"0.00\",\"total\":89}}','2022-05-28 06:24:41','2022-05-28 06:24:41'),(2227,'default','created','App\\Models\\OrderDetail',783,'App\\Models\\User',1,'{\"attributes\":{\"order_id\":124,\"product_id\":3,\"sellprice\":12.5,\"quantity\":\"40.00\"}}','2022-05-28 06:24:41','2022-05-28 06:24:41'),(2228,'default','updated','App\\Models\\Stock',66,'App\\Models\\User',1,'{\"attributes\":{\"warehouse_id\":1,\"product_id\":3,\"alert\":\"0.00\",\"total\":230},\"old\":{\"warehouse_id\":1,\"product_id\":3,\"alert\":\"0.00\",\"total\":270}}','2022-05-28 06:24:41','2022-05-28 06:24:41'),(2229,'default','created','App\\Models\\OrderDetail',784,'App\\Models\\User',1,'{\"attributes\":{\"order_id\":124,\"product_id\":24,\"sellprice\":15.5,\"quantity\":\"50.00\"}}','2022-05-28 06:24:41','2022-05-28 06:24:41'),(2230,'default','updated','App\\Models\\Stock',67,'App\\Models\\User',1,'{\"attributes\":{\"warehouse_id\":1,\"product_id\":24,\"alert\":\"0.00\",\"total\":96},\"old\":{\"warehouse_id\":1,\"product_id\":24,\"alert\":\"0.00\",\"total\":146}}','2022-05-28 06:24:41','2022-05-28 06:24:41'),(2231,'default','updated','App\\Models\\Product',61,'App\\Models\\User',1,'{\"attributes\":{\"category_id\":5,\"code\":\"555254924564\",\"en_name\":\"6A B\",\"kh_name\":\"LCD REDMI\",\"description\":\"null\",\"image\":\"no image created\",\"sale_price\":11},\"old\":{\"category_id\":5,\"code\":\"555254924564\",\"en_name\":\"6A B\",\"kh_name\":\"LCD REDMI\",\"description\":\"null\",\"image\":\"no image created\",\"sale_price\":10}}','2022-05-28 06:37:28','2022-05-28 06:37:28'),(2232,'default','updated','App\\Models\\Product',62,'App\\Models\\User',1,'{\"attributes\":{\"category_id\":5,\"code\":\"478248065370\",\"en_name\":\"A11\",\"kh_name\":\"LCD SAMSUNG\",\"description\":\"undefined\",\"image\":\"no image created\",\"sale_price\":18},\"old\":{\"category_id\":5,\"code\":\"478248065370\",\"en_name\":\"A11\",\"kh_name\":\"LCD SAMSUNG\",\"description\":\"undefined\",\"image\":\"no image created\",\"sale_price\":10}}','2022-05-28 06:37:46','2022-05-28 06:37:46'),(2233,'default','updated','App\\Models\\Product',63,'App\\Models\\User',1,'{\"attributes\":{\"category_id\":5,\"code\":\"232976910064\",\"en_name\":\"A02S\",\"kh_name\":\"LCD SAMSUNG\",\"description\":\"undefined\",\"image\":\"no image created\",\"sale_price\":16.5},\"old\":{\"category_id\":5,\"code\":\"232976910064\",\"en_name\":\"A02S\",\"kh_name\":\"LCD SAMSUNG\",\"description\":\"undefined\",\"image\":\"no image created\",\"sale_price\":10}}','2022-05-28 06:38:05','2022-05-28 06:38:05'),(2234,'default','updated','App\\Models\\Product',64,'App\\Models\\User',1,'{\"attributes\":{\"category_id\":5,\"code\":\"412014077396\",\"en_name\":\"A21S\",\"kh_name\":\"LCD SAMSUNG\",\"description\":\"undefined\",\"image\":\"no image created\",\"sale_price\":17},\"old\":{\"category_id\":5,\"code\":\"412014077396\",\"en_name\":\"A21S\",\"kh_name\":\"LCD SAMSUNG\",\"description\":\"undefined\",\"image\":\"no image created\",\"sale_price\":10}}','2022-05-28 06:38:18','2022-05-28 06:38:18'),(2235,'default','updated','App\\Models\\Product',65,'App\\Models\\User',1,'{\"attributes\":{\"category_id\":5,\"code\":\"124142271060\",\"en_name\":\"J4P\",\"kh_name\":\"LCD SAMSUNG\",\"description\":\"undefined\",\"image\":\"no image created\",\"sale_price\":14},\"old\":{\"category_id\":5,\"code\":\"124142271060\",\"en_name\":\"J4P\",\"kh_name\":\"LCD SAMSUNG\",\"description\":\"undefined\",\"image\":\"no image created\",\"sale_price\":10}}','2022-05-28 06:38:32','2022-05-28 06:38:32'),(2236,'default','updated','App\\Models\\Product',66,'App\\Models\\User',1,'{\"attributes\":{\"category_id\":5,\"code\":\"122598239646\",\"en_name\":\"Y9 2019\",\"kh_name\":\"LCD HUAWEI\",\"description\":\"undefined\",\"image\":\"no image created\",\"sale_price\":24},\"old\":{\"category_id\":5,\"code\":\"122598239646\",\"en_name\":\"Y9 2019\",\"kh_name\":\"LCD HUAWEI\",\"description\":\"undefined\",\"image\":\"no image created\",\"sale_price\":10}}','2022-05-28 06:38:49','2022-05-28 06:38:49'),(2237,'default','updated','App\\Models\\Product',67,'App\\Models\\User',1,'{\"attributes\":{\"category_id\":5,\"code\":\"244312071129\",\"en_name\":\"Y6P\",\"kh_name\":\"LCD HUAWEI\",\"description\":\"undefined\",\"image\":\"no image created\",\"sale_price\":17},\"old\":{\"category_id\":5,\"code\":\"244312071129\",\"en_name\":\"Y6P\",\"kh_name\":\"LCD HUAWEI\",\"description\":\"undefined\",\"image\":\"no image created\",\"sale_price\":10}}','2022-05-28 06:39:01','2022-05-28 06:39:01'),(2238,'default','updated','App\\Models\\Product',68,'App\\Models\\User',1,'{\"attributes\":{\"category_id\":5,\"code\":\"302371121307\",\"en_name\":\"A10\",\"kh_name\":\"LCD SAMSUNG\",\"description\":\"undefined\",\"image\":\"no image created\",\"sale_price\":13},\"old\":{\"category_id\":5,\"code\":\"302371121307\",\"en_name\":\"A10\",\"kh_name\":\"LCD SAMSUNG\",\"description\":\"undefined\",\"image\":\"no image created\",\"sale_price\":10}}','2022-05-28 06:39:17','2022-05-28 06:39:17'),(2239,'default','updated','App\\Models\\Product',69,'App\\Models\\User',1,'{\"attributes\":{\"category_id\":5,\"code\":\"989791238864\",\"en_name\":\"A12\",\"kh_name\":\"LCD SAMSUNG\",\"description\":\"undefined\",\"image\":\"no image created\",\"sale_price\":16},\"old\":{\"category_id\":5,\"code\":\"989791238864\",\"en_name\":\"A12\",\"kh_name\":\"LCD SAMSUNG\",\"description\":\"undefined\",\"image\":\"no image created\",\"sale_price\":10}}','2022-05-28 06:39:29','2022-05-28 06:39:29'),(2240,'default','updated','App\\Models\\Product',70,'App\\Models\\User',1,'{\"attributes\":{\"category_id\":5,\"code\":\"780385962419\",\"en_name\":\"A20S\",\"kh_name\":\"LCD SAMSUNG\",\"description\":\"undefined\",\"image\":\"no image created\",\"sale_price\":16.5},\"old\":{\"category_id\":5,\"code\":\"780385962419\",\"en_name\":\"A20S\",\"kh_name\":\"LCD SAMSUNG\",\"description\":\"undefined\",\"image\":\"no image created\",\"sale_price\":10}}','2022-05-28 06:39:42','2022-05-28 06:39:42'),(2241,'default','updated','App\\Models\\Product',71,'App\\Models\\User',1,'{\"attributes\":{\"category_id\":5,\"code\":\"444525050465\",\"en_name\":\"A30\",\"kh_name\":\"LCD SAMSUNG\",\"description\":\"undefined\",\"image\":\"no image created\",\"sale_price\":17.5},\"old\":{\"category_id\":5,\"code\":\"444525050465\",\"en_name\":\"A30\",\"kh_name\":\"LCD SAMSUNG\",\"description\":\"undefined\",\"image\":\"no image created\",\"sale_price\":10}}','2022-05-28 06:39:54','2022-05-28 06:39:54'),(2242,'default','updated','App\\Models\\Product',72,'App\\Models\\User',1,'{\"attributes\":{\"category_id\":5,\"code\":\"576587595348\",\"en_name\":\"NOVA 3I\",\"kh_name\":\"LCD HUAWEI\",\"description\":\"undefined\",\"image\":\"no image created\",\"sale_price\":17},\"old\":{\"category_id\":5,\"code\":\"576587595348\",\"en_name\":\"NOVA 3I\",\"kh_name\":\"LCD HUAWEI\",\"description\":\"undefined\",\"image\":\"no image created\",\"sale_price\":10}}','2022-05-28 06:40:12','2022-05-28 06:40:12'),(2243,'default','updated','App\\Models\\Product',73,'App\\Models\\User',1,'{\"attributes\":{\"category_id\":5,\"code\":\"679240813902\",\"en_name\":\"Y9 PRIME 2019\",\"kh_name\":\"LCD HUAWEI\",\"description\":\"undefined\",\"image\":\"no image created\",\"sale_price\":25},\"old\":{\"category_id\":5,\"code\":\"679240813902\",\"en_name\":\"Y9 PRIME 2019\",\"kh_name\":\"LCD HUAWEI\",\"description\":\"undefined\",\"image\":\"no image created\",\"sale_price\":10}}','2022-05-28 06:40:29','2022-05-28 06:40:29'),(2244,'default','created','App\\Models\\Order',125,'App\\Models\\User',1,'{\"attributes\":{\"warehouse_id\":1,\"customer_id\":9,\"user_id\":1,\"subtotal\":435,\"vat\":0,\"discount\":0,\"grandtotal\":435,\"kh_grandtotal\":null}}','2022-05-28 06:41:47','2022-05-28 06:41:47'),(2245,'default','updated','App\\Models\\Balance',28,'App\\Models\\User',1,'{\"attributes\":{\"remain\":\"64249.50\",\"income\":\"6895.50\",\"withdraw\":\"0.00\",\"balance\":\"71145.00\",\"balance_date\":\"2022-05-28\",\"warehouse_id\":1,\"user_id\":1},\"old\":{\"remain\":\"64249.50\",\"income\":\"6460.50\",\"withdraw\":\"0.00\",\"balance\":\"70710.00\",\"balance_date\":\"2022-05-28\",\"warehouse_id\":1,\"user_id\":1}}','2022-05-28 06:41:47','2022-05-28 06:41:47'),(2246,'default','created','App\\Models\\OrderDetail',785,'App\\Models\\User',1,'{\"attributes\":{\"order_id\":125,\"product_id\":68,\"sellprice\":13,\"quantity\":\"10.00\"}}','2022-05-28 06:41:47','2022-05-28 06:41:47'),(2247,'default','updated','App\\Models\\Stock',106,'App\\Models\\User',1,'{\"attributes\":{\"warehouse_id\":1,\"product_id\":68,\"alert\":\"0.00\",\"total\":20},\"old\":{\"warehouse_id\":1,\"product_id\":68,\"alert\":\"0.00\",\"total\":30}}','2022-05-28 06:41:47','2022-05-28 06:41:47'),(2248,'default','created','App\\Models\\OrderDetail',786,'App\\Models\\User',1,'{\"attributes\":{\"order_id\":125,\"product_id\":43,\"sellprice\":14.5,\"quantity\":\"10.00\"}}','2022-05-28 06:41:47','2022-05-28 06:41:47'),(2249,'default','updated','App\\Models\\Stock',53,'App\\Models\\User',1,'{\"attributes\":{\"warehouse_id\":1,\"product_id\":43,\"alert\":\"0.00\",\"total\":53},\"old\":{\"warehouse_id\":1,\"product_id\":43,\"alert\":\"0.00\",\"total\":63}}','2022-05-28 06:41:47','2022-05-28 06:41:47'),(2250,'default','created','App\\Models\\OrderDetail',787,'App\\Models\\User',1,'{\"attributes\":{\"order_id\":125,\"product_id\":69,\"sellprice\":16,\"quantity\":\"10.00\"}}','2022-05-28 06:41:47','2022-05-28 06:41:47'),(2251,'default','updated','App\\Models\\Stock',107,'App\\Models\\User',1,'{\"attributes\":{\"warehouse_id\":1,\"product_id\":69,\"alert\":\"0.00\",\"total\":20},\"old\":{\"warehouse_id\":1,\"product_id\":69,\"alert\":\"0.00\",\"total\":30}}','2022-05-28 06:41:47','2022-05-28 06:41:47'),(2252,'default','created','App\\Models\\Balance',29,'App\\Models\\User',1,'{\"attributes\":{\"remain\":\"71145.00\",\"income\":\"0.00\",\"withdraw\":\"0.00\",\"balance\":\"71145.00\",\"balance_date\":\"2022-05-29\",\"warehouse_id\":1,\"user_id\":1}}','2022-05-29 06:13:44','2022-05-29 06:13:44'),(2253,'default','created','App\\Models\\Order',126,'App\\Models\\User',1,'{\"attributes\":{\"warehouse_id\":1,\"customer_id\":13,\"user_id\":1,\"subtotal\":320,\"vat\":0,\"discount\":0,\"grandtotal\":320,\"kh_grandtotal\":null}}','2022-05-29 06:14:16','2022-05-29 06:14:16'),(2254,'default','updated','App\\Models\\Balance',29,'App\\Models\\User',1,'{\"attributes\":{\"remain\":\"71145.00\",\"income\":\"320.00\",\"withdraw\":\"0.00\",\"balance\":\"71465.00\",\"balance_date\":\"2022-05-29\",\"warehouse_id\":1,\"user_id\":1},\"old\":{\"remain\":\"71145.00\",\"income\":\"0.00\",\"withdraw\":\"0.00\",\"balance\":\"71145.00\",\"balance_date\":\"2022-05-29\",\"warehouse_id\":1,\"user_id\":1}}','2022-05-29 06:14:16','2022-05-29 06:14:16'),(2255,'default','created','App\\Models\\OrderDetail',788,'App\\Models\\User',1,'{\"attributes\":{\"order_id\":126,\"product_id\":4,\"sellprice\":14,\"quantity\":\"5.00\"}}','2022-05-29 06:14:16','2022-05-29 06:14:16'),(2256,'default','updated','App\\Models\\Stock',56,'App\\Models\\User',1,'{\"attributes\":{\"warehouse_id\":1,\"product_id\":4,\"alert\":\"0.00\",\"total\":53},\"old\":{\"warehouse_id\":1,\"product_id\":4,\"alert\":\"0.00\",\"total\":58}}','2022-05-29 06:14:16','2022-05-29 06:14:16'),(2257,'default','created','App\\Models\\OrderDetail',789,'App\\Models\\User',1,'{\"attributes\":{\"order_id\":126,\"product_id\":3,\"sellprice\":12.5,\"quantity\":\"20.00\"}}','2022-05-29 06:14:16','2022-05-29 06:14:16'),(2258,'default','updated','App\\Models\\Stock',66,'App\\Models\\User',1,'{\"attributes\":{\"warehouse_id\":1,\"product_id\":3,\"alert\":\"0.00\",\"total\":210},\"old\":{\"warehouse_id\":1,\"product_id\":3,\"alert\":\"0.00\",\"total\":230}}','2022-05-29 06:14:16','2022-05-29 06:14:16'),(2259,'default','created','App\\Models\\Balance',30,'App\\Models\\User',1,'{\"attributes\":{\"remain\":\"71465.00\",\"income\":\"0.00\",\"withdraw\":\"0.00\",\"balance\":\"71465.00\",\"balance_date\":\"2022-05-30\",\"warehouse_id\":1,\"user_id\":1}}','2022-05-30 01:28:05','2022-05-30 01:28:05'),(2260,'default','created','App\\Models\\Order',127,'App\\Models\\User',1,'{\"attributes\":{\"warehouse_id\":1,\"customer_id\":11,\"user_id\":1,\"subtotal\":1687.5,\"vat\":0,\"discount\":0,\"grandtotal\":1687.5,\"kh_grandtotal\":null}}','2022-05-30 01:30:32','2022-05-30 01:30:32'),(2261,'default','updated','App\\Models\\Balance',30,'App\\Models\\User',1,'{\"attributes\":{\"remain\":\"71465.00\",\"income\":\"1687.50\",\"withdraw\":\"0.00\",\"balance\":\"73152.50\",\"balance_date\":\"2022-05-30\",\"warehouse_id\":1,\"user_id\":1},\"old\":{\"remain\":\"71465.00\",\"income\":\"0.00\",\"withdraw\":\"0.00\",\"balance\":\"71465.00\",\"balance_date\":\"2022-05-30\",\"warehouse_id\":1,\"user_id\":1}}','2022-05-30 01:30:32','2022-05-30 01:30:32'),(2262,'default','created','App\\Models\\OrderDetail',790,'App\\Models\\User',1,'{\"attributes\":{\"order_id\":127,\"product_id\":22,\"sellprice\":11,\"quantity\":\"20.00\"}}','2022-05-30 01:30:32','2022-05-30 01:30:32'),(2263,'default','updated','App\\Models\\Stock',48,'App\\Models\\User',1,'{\"attributes\":{\"warehouse_id\":1,\"product_id\":22,\"alert\":\"0.00\",\"total\":47},\"old\":{\"warehouse_id\":1,\"product_id\":22,\"alert\":\"0.00\",\"total\":67}}','2022-05-30 01:30:32','2022-05-30 01:30:32'),(2264,'default','created','App\\Models\\OrderDetail',791,'App\\Models\\User',1,'{\"attributes\":{\"order_id\":127,\"product_id\":23,\"sellprice\":11,\"quantity\":\"10.00\"}}','2022-05-30 01:30:32','2022-05-30 01:30:32'),(2265,'default','updated','App\\Models\\Stock',47,'App\\Models\\User',1,'{\"attributes\":{\"warehouse_id\":1,\"product_id\":23,\"alert\":\"0.00\",\"total\":52},\"old\":{\"warehouse_id\":1,\"product_id\":23,\"alert\":\"0.00\",\"total\":62}}','2022-05-30 01:30:32','2022-05-30 01:30:32'),(2266,'default','created','App\\Models\\OrderDetail',792,'App\\Models\\User',1,'{\"attributes\":{\"order_id\":127,\"product_id\":65,\"sellprice\":14,\"quantity\":\"5.00\"}}','2022-05-30 01:30:32','2022-05-30 01:30:32'),(2267,'default','updated','App\\Models\\Stock',103,'App\\Models\\User',1,'{\"attributes\":{\"warehouse_id\":1,\"product_id\":65,\"alert\":\"0.00\",\"total\":45},\"old\":{\"warehouse_id\":1,\"product_id\":65,\"alert\":\"0.00\",\"total\":50}}','2022-05-30 01:30:32','2022-05-30 01:30:32'),(2268,'default','created','App\\Models\\OrderDetail',793,'App\\Models\\User',1,'{\"attributes\":{\"order_id\":127,\"product_id\":71,\"sellprice\":17.5,\"quantity\":\"5.00\"}}','2022-05-30 01:30:32','2022-05-30 01:30:32'),(2269,'default','updated','App\\Models\\Stock',109,'App\\Models\\User',1,'{\"attributes\":{\"warehouse_id\":1,\"product_id\":71,\"alert\":\"0.00\",\"total\":25},\"old\":{\"warehouse_id\":1,\"product_id\":71,\"alert\":\"0.00\",\"total\":30}}','2022-05-30 01:30:32','2022-05-30 01:30:32'),(2270,'default','created','App\\Models\\OrderDetail',794,'App\\Models\\User',1,'{\"attributes\":{\"order_id\":127,\"product_id\":64,\"sellprice\":17,\"quantity\":\"5.00\"}}','2022-05-30 01:30:32','2022-05-30 01:30:32'),(2271,'default','updated','App\\Models\\Stock',102,'App\\Models\\User',1,'{\"attributes\":{\"warehouse_id\":1,\"product_id\":64,\"alert\":\"0.00\",\"total\":25},\"old\":{\"warehouse_id\":1,\"product_id\":64,\"alert\":\"0.00\",\"total\":30}}','2022-05-30 01:30:32','2022-05-30 01:30:32'),(2272,'default','created','App\\Models\\OrderDetail',795,'App\\Models\\User',1,'{\"attributes\":{\"order_id\":127,\"product_id\":62,\"sellprice\":18,\"quantity\":\"5.00\"}}','2022-05-30 01:30:32','2022-05-30 01:30:32'),(2273,'default','updated','App\\Models\\Stock',100,'App\\Models\\User',1,'{\"attributes\":{\"warehouse_id\":1,\"product_id\":62,\"alert\":\"0.00\",\"total\":25},\"old\":{\"warehouse_id\":1,\"product_id\":62,\"alert\":\"0.00\",\"total\":30}}','2022-05-30 01:30:32','2022-05-30 01:30:32'),(2274,'default','created','App\\Models\\OrderDetail',796,'App\\Models\\User',1,'{\"attributes\":{\"order_id\":127,\"product_id\":63,\"sellprice\":16.5,\"quantity\":\"5.00\"}}','2022-05-30 01:30:32','2022-05-30 01:30:32'),(2275,'default','updated','App\\Models\\Stock',101,'App\\Models\\User',1,'{\"attributes\":{\"warehouse_id\":1,\"product_id\":63,\"alert\":\"0.00\",\"total\":25},\"old\":{\"warehouse_id\":1,\"product_id\":63,\"alert\":\"0.00\",\"total\":30}}','2022-05-30 01:30:32','2022-05-30 01:30:32'),(2276,'default','created','App\\Models\\OrderDetail',797,'App\\Models\\User',1,'{\"attributes\":{\"order_id\":127,\"product_id\":69,\"sellprice\":16,\"quantity\":\"5.00\"}}','2022-05-30 01:30:32','2022-05-30 01:30:32'),(2277,'default','updated','App\\Models\\Stock',107,'App\\Models\\User',1,'{\"attributes\":{\"warehouse_id\":1,\"product_id\":69,\"alert\":\"0.00\",\"total\":15},\"old\":{\"warehouse_id\":1,\"product_id\":69,\"alert\":\"0.00\",\"total\":20}}','2022-05-30 01:30:32','2022-05-30 01:30:32'),(2278,'default','created','App\\Models\\OrderDetail',798,'App\\Models\\User',1,'{\"attributes\":{\"order_id\":127,\"product_id\":68,\"sellprice\":13,\"quantity\":\"5.00\"}}','2022-05-30 01:30:32','2022-05-30 01:30:32'),(2279,'default','updated','App\\Models\\Stock',106,'App\\Models\\User',1,'{\"attributes\":{\"warehouse_id\":1,\"product_id\":68,\"alert\":\"0.00\",\"total\":15},\"old\":{\"warehouse_id\":1,\"product_id\":68,\"alert\":\"0.00\",\"total\":20}}','2022-05-30 01:30:32','2022-05-30 01:30:32'),(2280,'default','created','App\\Models\\OrderDetail',799,'App\\Models\\User',1,'{\"attributes\":{\"order_id\":127,\"product_id\":67,\"sellprice\":17,\"quantity\":\"5.00\"}}','2022-05-30 01:30:32','2022-05-30 01:30:32'),(2281,'default','updated','App\\Models\\Stock',105,'App\\Models\\User',1,'{\"attributes\":{\"warehouse_id\":1,\"product_id\":67,\"alert\":\"0.00\",\"total\":15},\"old\":{\"warehouse_id\":1,\"product_id\":67,\"alert\":\"0.00\",\"total\":20}}','2022-05-30 01:30:32','2022-05-30 01:30:32'),(2282,'default','created','App\\Models\\OrderDetail',800,'App\\Models\\User',1,'{\"attributes\":{\"order_id\":127,\"product_id\":13,\"sellprice\":18.5,\"quantity\":\"5.00\"}}','2022-05-30 01:30:32','2022-05-30 01:30:32'),(2283,'default','updated','App\\Models\\Stock',79,'App\\Models\\User',1,'{\"attributes\":{\"warehouse_id\":1,\"product_id\":13,\"alert\":\"0.00\",\"total\":39},\"old\":{\"warehouse_id\":1,\"product_id\":13,\"alert\":\"0.00\",\"total\":44}}','2022-05-30 01:30:32','2022-05-30 01:30:32'),(2284,'default','created','App\\Models\\OrderDetail',801,'App\\Models\\User',1,'{\"attributes\":{\"order_id\":127,\"product_id\":45,\"sellprice\":17,\"quantity\":\"5.00\"}}','2022-05-30 01:30:32','2022-05-30 01:30:32'),(2285,'default','updated','App\\Models\\Stock',58,'App\\Models\\User',1,'{\"attributes\":{\"warehouse_id\":1,\"product_id\":45,\"alert\":\"0.00\",\"total\":25},\"old\":{\"warehouse_id\":1,\"product_id\":45,\"alert\":\"0.00\",\"total\":30}}','2022-05-30 01:30:32','2022-05-30 01:30:32'),(2286,'default','created','App\\Models\\OrderDetail',802,'App\\Models\\User',1,'{\"attributes\":{\"order_id\":127,\"product_id\":33,\"sellprice\":23,\"quantity\":\"5.00\"}}','2022-05-30 01:30:32','2022-05-30 01:30:32'),(2287,'default','updated','App\\Models\\Stock',87,'App\\Models\\User',1,'{\"attributes\":{\"warehouse_id\":1,\"product_id\":33,\"alert\":\"0.00\",\"total\":35},\"old\":{\"warehouse_id\":1,\"product_id\":33,\"alert\":\"0.00\",\"total\":40}}','2022-05-30 01:30:32','2022-05-30 01:30:32'),(2288,'default','created','App\\Models\\OrderDetail',803,'App\\Models\\User',1,'{\"attributes\":{\"order_id\":127,\"product_id\":51,\"sellprice\":15.5,\"quantity\":\"20.00\"}}','2022-05-30 01:30:32','2022-05-30 01:30:32'),(2289,'default','updated','App\\Models\\Stock',61,'App\\Models\\User',1,'{\"attributes\":{\"warehouse_id\":1,\"product_id\":51,\"alert\":\"0.00\",\"total\":240},\"old\":{\"warehouse_id\":1,\"product_id\":51,\"alert\":\"0.00\",\"total\":260}}','2022-05-30 01:30:32','2022-05-30 01:30:32'),(2290,'default','created','App\\Models\\OrderDetail',804,'App\\Models\\User',1,'{\"attributes\":{\"order_id\":127,\"product_id\":2,\"sellprice\":11,\"quantity\":\"10.00\"}}','2022-05-30 01:30:32','2022-05-30 01:30:32'),(2291,'default','updated','App\\Models\\Stock',59,'App\\Models\\User',1,'{\"attributes\":{\"warehouse_id\":1,\"product_id\":2,\"alert\":\"0.00\",\"total\":50},\"old\":{\"warehouse_id\":1,\"product_id\":2,\"alert\":\"0.00\",\"total\":60}}','2022-05-30 01:30:32','2022-05-30 01:30:32'),(2292,'default','created','App\\Models\\Order',128,'App\\Models\\User',1,'{\"attributes\":{\"warehouse_id\":1,\"customer_id\":2,\"user_id\":1,\"subtotal\":2918,\"vat\":0,\"discount\":0,\"grandtotal\":2918,\"kh_grandtotal\":null}}','2022-05-30 01:39:29','2022-05-30 01:39:29'),(2293,'default','updated','App\\Models\\Balance',30,'App\\Models\\User',1,'{\"attributes\":{\"remain\":\"71465.00\",\"income\":\"4605.50\",\"withdraw\":\"0.00\",\"balance\":\"76070.50\",\"balance_date\":\"2022-05-30\",\"warehouse_id\":1,\"user_id\":1},\"old\":{\"remain\":\"71465.00\",\"income\":\"1687.50\",\"withdraw\":\"0.00\",\"balance\":\"73152.50\",\"balance_date\":\"2022-05-30\",\"warehouse_id\":1,\"user_id\":1}}','2022-05-30 01:39:29','2022-05-30 01:39:29'),(2294,'default','created','App\\Models\\OrderDetail',805,'App\\Models\\User',1,'{\"attributes\":{\"order_id\":128,\"product_id\":26,\"sellprice\":15.5,\"quantity\":\"6.00\"}}','2022-05-30 01:39:29','2022-05-30 01:39:29'),(2295,'default','updated','App\\Models\\Stock',84,'App\\Models\\User',1,'{\"attributes\":{\"warehouse_id\":1,\"product_id\":26,\"alert\":\"0.00\",\"total\":0},\"old\":{\"warehouse_id\":1,\"product_id\":26,\"alert\":\"0.00\",\"total\":6}}','2022-05-30 01:39:29','2022-05-30 01:39:29'),(2296,'default','created','App\\Models\\OrderDetail',806,'App\\Models\\User',1,'{\"attributes\":{\"order_id\":128,\"product_id\":2,\"sellprice\":11,\"quantity\":\"20.00\"}}','2022-05-30 01:39:29','2022-05-30 01:39:29'),(2297,'default','updated','App\\Models\\Stock',59,'App\\Models\\User',1,'{\"attributes\":{\"warehouse_id\":1,\"product_id\":2,\"alert\":\"0.00\",\"total\":30},\"old\":{\"warehouse_id\":1,\"product_id\":2,\"alert\":\"0.00\",\"total\":50}}','2022-05-30 01:39:29','2022-05-30 01:39:29'),(2298,'default','created','App\\Models\\OrderDetail',807,'App\\Models\\User',1,'{\"attributes\":{\"order_id\":128,\"product_id\":6,\"sellprice\":16,\"quantity\":\"30.00\"}}','2022-05-30 01:39:29','2022-05-30 01:39:29'),(2299,'default','updated','App\\Models\\Stock',72,'App\\Models\\User',1,'{\"attributes\":{\"warehouse_id\":1,\"product_id\":6,\"alert\":\"0.00\",\"total\":66},\"old\":{\"warehouse_id\":1,\"product_id\":6,\"alert\":\"0.00\",\"total\":96}}','2022-05-30 01:39:29','2022-05-30 01:39:29'),(2300,'default','created','App\\Models\\OrderDetail',808,'App\\Models\\User',1,'{\"attributes\":{\"order_id\":128,\"product_id\":33,\"sellprice\":23,\"quantity\":\"20.00\"}}','2022-05-30 01:39:29','2022-05-30 01:39:29'),(2301,'default','updated','App\\Models\\Stock',87,'App\\Models\\User',1,'{\"attributes\":{\"warehouse_id\":1,\"product_id\":33,\"alert\":\"0.00\",\"total\":15},\"old\":{\"warehouse_id\":1,\"product_id\":33,\"alert\":\"0.00\",\"total\":35}}','2022-05-30 01:39:29','2022-05-30 01:39:29'),(2302,'default','created','App\\Models\\OrderDetail',809,'App\\Models\\User',1,'{\"attributes\":{\"order_id\":128,\"product_id\":70,\"sellprice\":16.5,\"quantity\":\"10.00\"}}','2022-05-30 01:39:29','2022-05-30 01:39:29'),(2303,'default','updated','App\\Models\\Stock',108,'App\\Models\\User',1,'{\"attributes\":{\"warehouse_id\":1,\"product_id\":70,\"alert\":\"0.00\",\"total\":10},\"old\":{\"warehouse_id\":1,\"product_id\":70,\"alert\":\"0.00\",\"total\":20}}','2022-05-30 01:39:29','2022-05-30 01:39:29'),(2304,'default','created','App\\Models\\OrderDetail',810,'App\\Models\\User',1,'{\"attributes\":{\"order_id\":128,\"product_id\":71,\"sellprice\":17.5,\"quantity\":\"10.00\"}}','2022-05-30 01:39:29','2022-05-30 01:39:29'),(2305,'default','updated','App\\Models\\Stock',109,'App\\Models\\User',1,'{\"attributes\":{\"warehouse_id\":1,\"product_id\":71,\"alert\":\"0.00\",\"total\":15},\"old\":{\"warehouse_id\":1,\"product_id\":71,\"alert\":\"0.00\",\"total\":25}}','2022-05-30 01:39:29','2022-05-30 01:39:29'),(2306,'default','created','App\\Models\\OrderDetail',811,'App\\Models\\User',1,'{\"attributes\":{\"order_id\":128,\"product_id\":68,\"sellprice\":13,\"quantity\":\"10.00\"}}','2022-05-30 01:39:29','2022-05-30 01:39:29'),(2307,'default','updated','App\\Models\\Stock',106,'App\\Models\\User',1,'{\"attributes\":{\"warehouse_id\":1,\"product_id\":68,\"alert\":\"0.00\",\"total\":5},\"old\":{\"warehouse_id\":1,\"product_id\":68,\"alert\":\"0.00\",\"total\":15}}','2022-05-30 01:39:29','2022-05-30 01:39:29'),(2308,'default','created','App\\Models\\OrderDetail',812,'App\\Models\\User',1,'{\"attributes\":{\"order_id\":128,\"product_id\":65,\"sellprice\":14,\"quantity\":\"10.00\"}}','2022-05-30 01:39:29','2022-05-30 01:39:29'),(2309,'default','updated','App\\Models\\Stock',103,'App\\Models\\User',1,'{\"attributes\":{\"warehouse_id\":1,\"product_id\":65,\"alert\":\"0.00\",\"total\":35},\"old\":{\"warehouse_id\":1,\"product_id\":65,\"alert\":\"0.00\",\"total\":45}}','2022-05-30 01:39:29','2022-05-30 01:39:29'),(2310,'default','created','App\\Models\\OrderDetail',813,'App\\Models\\User',1,'{\"attributes\":{\"order_id\":128,\"product_id\":63,\"sellprice\":16.5,\"quantity\":\"10.00\"}}','2022-05-30 01:39:29','2022-05-30 01:39:29'),(2311,'default','updated','App\\Models\\Stock',101,'App\\Models\\User',1,'{\"attributes\":{\"warehouse_id\":1,\"product_id\":63,\"alert\":\"0.00\",\"total\":15},\"old\":{\"warehouse_id\":1,\"product_id\":63,\"alert\":\"0.00\",\"total\":25}}','2022-05-30 01:39:29','2022-05-30 01:39:29'),(2312,'default','created','App\\Models\\OrderDetail',814,'App\\Models\\User',1,'{\"attributes\":{\"order_id\":128,\"product_id\":62,\"sellprice\":18,\"quantity\":\"10.00\"}}','2022-05-30 01:39:29','2022-05-30 01:39:29'),(2313,'default','updated','App\\Models\\Stock',100,'App\\Models\\User',1,'{\"attributes\":{\"warehouse_id\":1,\"product_id\":62,\"alert\":\"0.00\",\"total\":15},\"old\":{\"warehouse_id\":1,\"product_id\":62,\"alert\":\"0.00\",\"total\":25}}','2022-05-30 01:39:29','2022-05-30 01:39:29'),(2314,'default','created','App\\Models\\OrderDetail',815,'App\\Models\\User',1,'{\"attributes\":{\"order_id\":128,\"product_id\":64,\"sellprice\":17,\"quantity\":\"10.00\"}}','2022-05-30 01:39:29','2022-05-30 01:39:29'),(2315,'default','updated','App\\Models\\Stock',102,'App\\Models\\User',1,'{\"attributes\":{\"warehouse_id\":1,\"product_id\":64,\"alert\":\"0.00\",\"total\":15},\"old\":{\"warehouse_id\":1,\"product_id\":64,\"alert\":\"0.00\",\"total\":25}}','2022-05-30 01:39:29','2022-05-30 01:39:29'),(2316,'default','created','App\\Models\\OrderDetail',816,'App\\Models\\User',1,'{\"attributes\":{\"order_id\":128,\"product_id\":72,\"sellprice\":17,\"quantity\":\"10.00\"}}','2022-05-30 01:39:29','2022-05-30 01:39:29'),(2317,'default','updated','App\\Models\\Stock',110,'App\\Models\\User',1,'{\"attributes\":{\"warehouse_id\":1,\"product_id\":72,\"alert\":\"0.00\",\"total\":10},\"old\":{\"warehouse_id\":1,\"product_id\":72,\"alert\":\"0.00\",\"total\":20}}','2022-05-30 01:39:29','2022-05-30 01:39:29'),(2318,'default','created','App\\Models\\OrderDetail',817,'App\\Models\\User',1,'{\"attributes\":{\"order_id\":128,\"product_id\":73,\"sellprice\":25,\"quantity\":\"5.00\"}}','2022-05-30 01:39:29','2022-05-30 01:39:29'),(2319,'default','updated','App\\Models\\Stock',111,'App\\Models\\User',1,'{\"attributes\":{\"warehouse_id\":1,\"product_id\":73,\"alert\":\"0.00\",\"total\":15},\"old\":{\"warehouse_id\":1,\"product_id\":73,\"alert\":\"0.00\",\"total\":20}}','2022-05-30 01:39:29','2022-05-30 01:39:29'),(2320,'default','created','App\\Models\\OrderDetail',818,'App\\Models\\User',1,'{\"attributes\":{\"order_id\":128,\"product_id\":67,\"sellprice\":17,\"quantity\":\"5.00\"}}','2022-05-30 01:39:29','2022-05-30 01:39:29'),(2321,'default','updated','App\\Models\\Stock',105,'App\\Models\\User',1,'{\"attributes\":{\"warehouse_id\":1,\"product_id\":67,\"alert\":\"0.00\",\"total\":10},\"old\":{\"warehouse_id\":1,\"product_id\":67,\"alert\":\"0.00\",\"total\":15}}','2022-05-30 01:39:29','2022-05-30 01:39:29'),(2322,'default','created','App\\Models\\OrderDetail',819,'App\\Models\\User',1,'{\"attributes\":{\"order_id\":128,\"product_id\":69,\"sellprice\":16,\"quantity\":\"10.00\"}}','2022-05-30 01:39:29','2022-05-30 01:39:29'),(2323,'default','updated','App\\Models\\Stock',107,'App\\Models\\User',1,'{\"attributes\":{\"warehouse_id\":1,\"product_id\":69,\"alert\":\"0.00\",\"total\":5},\"old\":{\"warehouse_id\":1,\"product_id\":69,\"alert\":\"0.00\",\"total\":15}}','2022-05-30 01:39:29','2022-05-30 01:39:29'),(2324,'default','created','App\\Models\\Order',129,'App\\Models\\User',1,'{\"attributes\":{\"warehouse_id\":1,\"customer_id\":11,\"user_id\":1,\"subtotal\":1495,\"vat\":0,\"discount\":0,\"grandtotal\":1495,\"kh_grandtotal\":null}}','2022-05-30 09:13:44','2022-05-30 09:13:44'),(2325,'default','updated','App\\Models\\Balance',30,'App\\Models\\User',1,'{\"attributes\":{\"remain\":\"71465.00\",\"income\":\"6100.50\",\"withdraw\":\"0.00\",\"balance\":\"77565.50\",\"balance_date\":\"2022-05-30\",\"warehouse_id\":1,\"user_id\":1},\"old\":{\"remain\":\"71465.00\",\"income\":\"4605.50\",\"withdraw\":\"0.00\",\"balance\":\"76070.50\",\"balance_date\":\"2022-05-30\",\"warehouse_id\":1,\"user_id\":1}}','2022-05-30 09:13:44','2022-05-30 09:13:44'),(2326,'default','created','App\\Models\\OrderDetail',820,'App\\Models\\User',1,'{\"attributes\":{\"order_id\":129,\"product_id\":24,\"sellprice\":15.5,\"quantity\":\"10.00\"}}','2022-05-30 09:13:44','2022-05-30 09:13:44'),(2327,'default','updated','App\\Models\\Stock',67,'App\\Models\\User',1,'{\"attributes\":{\"warehouse_id\":1,\"product_id\":24,\"alert\":\"0.00\",\"total\":86},\"old\":{\"warehouse_id\":1,\"product_id\":24,\"alert\":\"0.00\",\"total\":96}}','2022-05-30 09:13:44','2022-05-30 09:13:44'),(2328,'default','created','App\\Models\\OrderDetail',821,'App\\Models\\User',1,'{\"attributes\":{\"order_id\":129,\"product_id\":5,\"sellprice\":15,\"quantity\":\"6.00\"}}','2022-05-30 09:13:44','2022-05-30 09:13:44'),(2329,'default','updated','App\\Models\\Stock',76,'App\\Models\\User',1,'{\"attributes\":{\"warehouse_id\":1,\"product_id\":5,\"alert\":\"0.00\",\"total\":0},\"old\":{\"warehouse_id\":1,\"product_id\":5,\"alert\":\"0.00\",\"total\":6}}','2022-05-30 09:13:44','2022-05-30 09:13:44'),(2330,'default','created','App\\Models\\OrderDetail',822,'App\\Models\\User',1,'{\"attributes\":{\"order_id\":129,\"product_id\":3,\"sellprice\":12.5,\"quantity\":\"100.00\"}}','2022-05-30 09:13:44','2022-05-30 09:13:44'),(2331,'default','updated','App\\Models\\Stock',66,'App\\Models\\User',1,'{\"attributes\":{\"warehouse_id\":1,\"product_id\":3,\"alert\":\"0.00\",\"total\":110},\"old\":{\"warehouse_id\":1,\"product_id\":3,\"alert\":\"0.00\",\"total\":210}}','2022-05-30 09:13:44','2022-05-30 09:13:44'),(2332,'default','created','App\\Models\\Balance',31,'App\\Models\\User',1,'{\"attributes\":{\"remain\":\"77565.50\",\"income\":\"0.00\",\"withdraw\":\"0.00\",\"balance\":\"77565.50\",\"balance_date\":\"2022-05-31\",\"warehouse_id\":1,\"user_id\":1}}','2022-05-31 02:46:51','2022-05-31 02:46:51'),(2333,'default','created','App\\Models\\Order',130,'App\\Models\\User',1,'{\"attributes\":{\"warehouse_id\":1,\"customer_id\":4,\"user_id\":1,\"subtotal\":772,\"vat\":0,\"discount\":0,\"grandtotal\":772,\"kh_grandtotal\":null}}','2022-05-31 03:32:51','2022-05-31 03:32:51'),(2334,'default','updated','App\\Models\\Balance',31,'App\\Models\\User',1,'{\"attributes\":{\"remain\":\"77565.50\",\"income\":\"772.00\",\"withdraw\":\"0.00\",\"balance\":\"78337.50\",\"balance_date\":\"2022-05-31\",\"warehouse_id\":1,\"user_id\":1},\"old\":{\"remain\":\"77565.50\",\"income\":\"0.00\",\"withdraw\":\"0.00\",\"balance\":\"77565.50\",\"balance_date\":\"2022-05-31\",\"warehouse_id\":1,\"user_id\":1}}','2022-05-31 03:32:51','2022-05-31 03:32:51'),(2335,'default','created','App\\Models\\OrderDetail',823,'App\\Models\\User',1,'{\"attributes\":{\"order_id\":130,\"product_id\":4,\"sellprice\":13.5,\"quantity\":\"5.00\"}}','2022-05-31 03:32:51','2022-05-31 03:32:51'),(2336,'default','updated','App\\Models\\Stock',56,'App\\Models\\User',1,'{\"attributes\":{\"warehouse_id\":1,\"product_id\":4,\"alert\":\"0.00\",\"total\":48},\"old\":{\"warehouse_id\":1,\"product_id\":4,\"alert\":\"0.00\",\"total\":53}}','2022-05-31 03:32:51','2022-05-31 03:32:51'),(2337,'default','created','App\\Models\\OrderDetail',824,'App\\Models\\User',1,'{\"attributes\":{\"order_id\":130,\"product_id\":7,\"sellprice\":13.3,\"quantity\":\"10.00\"}}','2022-05-31 03:32:51','2022-05-31 03:32:51'),(2338,'default','updated','App\\Models\\Stock',82,'App\\Models\\User',1,'{\"attributes\":{\"warehouse_id\":1,\"product_id\":7,\"alert\":\"0.00\",\"total\":-10},\"old\":{\"warehouse_id\":1,\"product_id\":7,\"alert\":\"0.00\",\"total\":0}}','2022-05-31 03:32:51','2022-05-31 03:32:51'),(2339,'default','created','App\\Models\\OrderDetail',825,'App\\Models\\User',1,'{\"attributes\":{\"order_id\":130,\"product_id\":8,\"sellprice\":13.3,\"quantity\":\"5.00\"}}','2022-05-31 03:32:51','2022-05-31 03:32:51'),(2340,'default','updated','App\\Models\\Stock',83,'App\\Models\\User',1,'{\"attributes\":{\"warehouse_id\":1,\"product_id\":8,\"alert\":\"0.00\",\"total\":125},\"old\":{\"warehouse_id\":1,\"product_id\":8,\"alert\":\"0.00\",\"total\":130}}','2022-05-31 03:32:51','2022-05-31 03:32:51'),(2341,'default','created','App\\Models\\OrderDetail',826,'App\\Models\\User',1,'{\"attributes\":{\"order_id\":130,\"product_id\":32,\"sellprice\":13.5,\"quantity\":\"10.00\"}}','2022-05-31 03:32:51','2022-05-31 03:32:51'),(2342,'default','updated','App\\Models\\Stock',71,'App\\Models\\User',1,'{\"attributes\":{\"warehouse_id\":1,\"product_id\":32,\"alert\":\"0.00\",\"total\":282},\"old\":{\"warehouse_id\":1,\"product_id\":32,\"alert\":\"0.00\",\"total\":292}}','2022-05-31 03:32:51','2022-05-31 03:32:51'),(2343,'default','created','App\\Models\\OrderDetail',827,'App\\Models\\User',1,'{\"attributes\":{\"order_id\":130,\"product_id\":1,\"sellprice\":12,\"quantity\":\"10.00\"}}','2022-05-31 03:32:51','2022-05-31 03:32:51'),(2344,'default','updated','App\\Models\\Stock',60,'App\\Models\\User',1,'{\"attributes\":{\"warehouse_id\":1,\"product_id\":1,\"alert\":\"0.00\",\"total\":26},\"old\":{\"warehouse_id\":1,\"product_id\":1,\"alert\":\"0.00\",\"total\":36}}','2022-05-31 03:32:51','2022-05-31 03:32:51'),(2345,'default','created','App\\Models\\OrderDetail',828,'App\\Models\\User',1,'{\"attributes\":{\"order_id\":130,\"product_id\":3,\"sellprice\":13,\"quantity\":\"10.00\"}}','2022-05-31 03:32:51','2022-05-31 03:32:51'),(2346,'default','updated','App\\Models\\Stock',66,'App\\Models\\User',1,'{\"attributes\":{\"warehouse_id\":1,\"product_id\":3,\"alert\":\"0.00\",\"total\":100},\"old\":{\"warehouse_id\":1,\"product_id\":3,\"alert\":\"0.00\",\"total\":110}}','2022-05-31 03:32:51','2022-05-31 03:32:51'),(2347,'default','created','App\\Models\\OrderDetail',829,'App\\Models\\User',1,'{\"attributes\":{\"order_id\":130,\"product_id\":9,\"sellprice\":12,\"quantity\":\"10.00\"}}','2022-05-31 03:32:51','2022-05-31 03:32:51'),(2348,'default','updated','App\\Models\\Stock',90,'App\\Models\\User',1,'{\"attributes\":{\"warehouse_id\":1,\"product_id\":9,\"alert\":\"0.00\",\"total\":-10},\"old\":{\"warehouse_id\":1,\"product_id\":9,\"alert\":\"0.00\",\"total\":0}}','2022-05-31 03:32:51','2022-05-31 03:32:51'),(2349,'default','created','App\\Models\\Order',131,'App\\Models\\User',1,'{\"attributes\":{\"warehouse_id\":1,\"customer_id\":6,\"user_id\":1,\"subtotal\":830,\"vat\":0,\"discount\":0,\"grandtotal\":830,\"kh_grandtotal\":null}}','2022-05-31 03:34:42','2022-05-31 03:34:42'),(2350,'default','updated','App\\Models\\Balance',31,'App\\Models\\User',1,'{\"attributes\":{\"remain\":\"77565.50\",\"income\":\"1602.00\",\"withdraw\":\"0.00\",\"balance\":\"79167.50\",\"balance_date\":\"2022-05-31\",\"warehouse_id\":1,\"user_id\":1},\"old\":{\"remain\":\"77565.50\",\"income\":\"772.00\",\"withdraw\":\"0.00\",\"balance\":\"78337.50\",\"balance_date\":\"2022-05-31\",\"warehouse_id\":1,\"user_id\":1}}','2022-05-31 03:34:42','2022-05-31 03:34:42'),(2351,'default','created','App\\Models\\OrderDetail',830,'App\\Models\\User',1,'{\"attributes\":{\"order_id\":131,\"product_id\":60,\"sellprice\":20,\"quantity\":\"5.00\"}}','2022-05-31 03:34:42','2022-05-31 03:34:42'),(2352,'default','updated','App\\Models\\Stock',98,'App\\Models\\User',1,'{\"attributes\":{\"warehouse_id\":1,\"product_id\":60,\"alert\":\"0.00\",\"total\":12},\"old\":{\"warehouse_id\":1,\"product_id\":60,\"alert\":\"0.00\",\"total\":17}}','2022-05-31 03:34:42','2022-05-31 03:34:42'),(2353,'default','created','App\\Models\\OrderDetail',831,'App\\Models\\User',1,'{\"attributes\":{\"order_id\":131,\"product_id\":11,\"sellprice\":20.5,\"quantity\":\"10.00\"}}','2022-05-31 03:34:42','2022-05-31 03:34:42'),(2354,'default','updated','App\\Models\\Stock',74,'App\\Models\\User',1,'{\"attributes\":{\"warehouse_id\":1,\"product_id\":11,\"alert\":\"0.00\",\"total\":25},\"old\":{\"warehouse_id\":1,\"product_id\":11,\"alert\":\"0.00\",\"total\":35}}','2022-05-31 03:34:42','2022-05-31 03:34:42'),(2355,'default','created','App\\Models\\OrderDetail',832,'App\\Models\\User',1,'{\"attributes\":{\"order_id\":131,\"product_id\":51,\"sellprice\":15.5,\"quantity\":\"10.00\"}}','2022-05-31 03:34:42','2022-05-31 03:34:42'),(2356,'default','updated','App\\Models\\Stock',61,'App\\Models\\User',1,'{\"attributes\":{\"warehouse_id\":1,\"product_id\":51,\"alert\":\"0.00\",\"total\":230},\"old\":{\"warehouse_id\":1,\"product_id\":51,\"alert\":\"0.00\",\"total\":240}}','2022-05-31 03:34:42','2022-05-31 03:34:42'),(2357,'default','created','App\\Models\\OrderDetail',833,'App\\Models\\User',1,'{\"attributes\":{\"order_id\":131,\"product_id\":12,\"sellprice\":21,\"quantity\":\"10.00\"}}','2022-05-31 03:34:42','2022-05-31 03:34:42'),(2358,'default','updated','App\\Models\\Stock',64,'App\\Models\\User',1,'{\"attributes\":{\"warehouse_id\":1,\"product_id\":12,\"alert\":\"0.00\",\"total\":30},\"old\":{\"warehouse_id\":1,\"product_id\":12,\"alert\":\"0.00\",\"total\":40}}','2022-05-31 03:34:42','2022-05-31 03:34:42'),(2359,'default','created','App\\Models\\OrderDetail',834,'App\\Models\\User',1,'{\"attributes\":{\"order_id\":131,\"product_id\":6,\"sellprice\":16,\"quantity\":\"10.00\"}}','2022-05-31 03:34:42','2022-05-31 03:34:42'),(2360,'default','updated','App\\Models\\Stock',72,'App\\Models\\User',1,'{\"attributes\":{\"warehouse_id\":1,\"product_id\":6,\"alert\":\"0.00\",\"total\":56},\"old\":{\"warehouse_id\":1,\"product_id\":6,\"alert\":\"0.00\",\"total\":66}}','2022-05-31 03:34:42','2022-05-31 03:34:42'),(2361,'default','created','App\\Models\\Order',132,'App\\Models\\User',1,'{\"attributes\":{\"warehouse_id\":1,\"customer_id\":1,\"user_id\":1,\"subtotal\":138,\"vat\":0,\"discount\":0,\"grandtotal\":138,\"kh_grandtotal\":null}}','2022-05-31 03:39:14','2022-05-31 03:39:14'),(2362,'default','updated','App\\Models\\Balance',31,'App\\Models\\User',1,'{\"attributes\":{\"remain\":\"77565.50\",\"income\":\"1740.00\",\"withdraw\":\"0.00\",\"balance\":\"79305.50\",\"balance_date\":\"2022-05-31\",\"warehouse_id\":1,\"user_id\":1},\"old\":{\"remain\":\"77565.50\",\"income\":\"1602.00\",\"withdraw\":\"0.00\",\"balance\":\"79167.50\",\"balance_date\":\"2022-05-31\",\"warehouse_id\":1,\"user_id\":1}}','2022-05-31 03:39:14','2022-05-31 03:39:14'),(2363,'default','created','App\\Models\\OrderDetail',835,'App\\Models\\User',1,'{\"attributes\":{\"order_id\":132,\"product_id\":8,\"sellprice\":13.8,\"quantity\":\"10.00\"}}','2022-05-31 03:39:14','2022-05-31 03:39:14'),(2364,'default','updated','App\\Models\\Stock',83,'App\\Models\\User',1,'{\"attributes\":{\"warehouse_id\":1,\"product_id\":8,\"alert\":\"0.00\",\"total\":115},\"old\":{\"warehouse_id\":1,\"product_id\":8,\"alert\":\"0.00\",\"total\":125}}','2022-05-31 03:39:14','2022-05-31 03:39:14'),(2365,'default','created','App\\Models\\Order',133,'App\\Models\\User',1,'{\"attributes\":{\"warehouse_id\":1,\"customer_id\":9,\"user_id\":1,\"subtotal\":1145,\"vat\":0,\"discount\":0,\"grandtotal\":1145,\"kh_grandtotal\":null}}','2022-05-31 07:16:19','2022-05-31 07:16:19'),(2366,'default','updated','App\\Models\\Balance',31,'App\\Models\\User',1,'{\"attributes\":{\"remain\":\"77565.50\",\"income\":\"2885.00\",\"withdraw\":\"0.00\",\"balance\":\"80450.50\",\"balance_date\":\"2022-05-31\",\"warehouse_id\":1,\"user_id\":1},\"old\":{\"remain\":\"77565.50\",\"income\":\"1740.00\",\"withdraw\":\"0.00\",\"balance\":\"79305.50\",\"balance_date\":\"2022-05-31\",\"warehouse_id\":1,\"user_id\":1}}','2022-05-31 07:16:19','2022-05-31 07:16:19'),(2367,'default','created','App\\Models\\OrderDetail',836,'App\\Models\\User',1,'{\"attributes\":{\"order_id\":133,\"product_id\":40,\"sellprice\":13.5,\"quantity\":\"20.00\"}}','2022-05-31 07:16:19','2022-05-31 07:16:19'),(2368,'default','updated','App\\Models\\Stock',49,'App\\Models\\User',1,'{\"attributes\":{\"warehouse_id\":1,\"product_id\":40,\"alert\":\"0.00\",\"total\":-20},\"old\":{\"warehouse_id\":1,\"product_id\":40,\"alert\":\"0.00\",\"total\":0}}','2022-05-31 07:16:19','2022-05-31 07:16:19'),(2369,'default','created','App\\Models\\OrderDetail',837,'App\\Models\\User',1,'{\"attributes\":{\"order_id\":133,\"product_id\":3,\"sellprice\":12.5,\"quantity\":\"70.00\"}}','2022-05-31 07:16:19','2022-05-31 07:16:19'),(2370,'default','updated','App\\Models\\Stock',66,'App\\Models\\User',1,'{\"attributes\":{\"warehouse_id\":1,\"product_id\":3,\"alert\":\"0.00\",\"total\":30},\"old\":{\"warehouse_id\":1,\"product_id\":3,\"alert\":\"0.00\",\"total\":100}}','2022-05-31 07:16:19','2022-05-31 07:16:19'),(2371,'default','updated','App\\Models\\Balance',31,'App\\Models\\User',1,'{\"attributes\":{\"remain\":\"77565.50\",\"income\":\"-2747.00\",\"withdraw\":\"0.00\",\"balance\":\"74818.50\",\"balance_date\":\"2022-05-31\",\"warehouse_id\":1,\"user_id\":1},\"old\":{\"remain\":\"77565.50\",\"income\":\"2885.00\",\"withdraw\":\"0.00\",\"balance\":\"80450.50\",\"balance_date\":\"2022-05-31\",\"warehouse_id\":1,\"user_id\":1}}','2022-05-31 00:36:22','2022-05-31 00:36:22'),(2372,'default','updated','App\\Models\\Stock',83,'App\\Models\\User',1,'{\"attributes\":{\"warehouse_id\":1,\"product_id\":8,\"alert\":\"0.00\",\"total\":125},\"old\":{\"warehouse_id\":1,\"product_id\":8,\"alert\":\"0.00\",\"total\":115}}','2022-05-31 00:36:22','2022-05-31 00:36:22'),(2373,'default','deleted','App\\Models\\Order',132,'App\\Models\\User',1,'{\"attributes\":{\"warehouse_id\":1,\"customer_id\":1,\"user_id\":1,\"subtotal\":138,\"vat\":0,\"discount\":0,\"grandtotal\":138,\"kh_grandtotal\":null}}','2022-05-31 00:36:22','2022-05-31 00:36:22'),(2374,'default','created','App\\Models\\Order',134,'App\\Models\\User',1,'{\"attributes\":{\"warehouse_id\":1,\"customer_id\":9,\"user_id\":1,\"subtotal\":330,\"vat\":0,\"discount\":0,\"grandtotal\":330,\"kh_grandtotal\":null}}','2022-05-31 09:13:08','2022-05-31 09:13:08'),(2375,'default','updated','App\\Models\\Balance',31,'App\\Models\\User',1,'{\"attributes\":{\"remain\":\"77565.50\",\"income\":\"3215.00\",\"withdraw\":\"0.00\",\"balance\":\"80780.50\",\"balance_date\":\"2022-05-31\",\"warehouse_id\":1,\"user_id\":1},\"old\":{\"remain\":\"77565.50\",\"income\":\"2885.00\",\"withdraw\":\"0.00\",\"balance\":\"80450.50\",\"balance_date\":\"2022-05-31\",\"warehouse_id\":1,\"user_id\":1}}','2022-05-31 09:13:08','2022-05-31 09:13:08'),(2376,'default','created','App\\Models\\OrderDetail',838,'App\\Models\\User',1,'{\"attributes\":{\"order_id\":134,\"product_id\":2,\"sellprice\":11,\"quantity\":\"30.00\"}}','2022-05-31 09:13:08','2022-05-31 09:13:08'),(2377,'default','updated','App\\Models\\Stock',59,'App\\Models\\User',1,'{\"attributes\":{\"warehouse_id\":1,\"product_id\":2,\"alert\":\"0.00\",\"total\":0},\"old\":{\"warehouse_id\":1,\"product_id\":2,\"alert\":\"0.00\",\"total\":30}}','2022-05-31 09:13:08','2022-05-31 09:13:08'),(2378,'default','created','App\\Models\\Balance',32,'App\\Models\\User',1,'{\"attributes\":{\"remain\":\"80780.50\",\"income\":\"0.00\",\"withdraw\":\"0.00\",\"balance\":\"80780.50\",\"balance_date\":\"2022-06-01\",\"warehouse_id\":1,\"user_id\":1}}','2022-06-01 02:01:14','2022-06-01 02:01:14'),(2379,'default','created','App\\Models\\Product',74,'App\\Models\\User',1,'{\"attributes\":{\"category_id\":5,\"code\":\"620778408385\",\"en_name\":\"5A\",\"kh_name\":\"LCD REDMI\",\"description\":null,\"image\":\"no image created\",\"sale_price\":10.5}}','2022-06-01 02:18:20','2022-06-01 02:18:20'),(2380,'default','updated','App\\Models\\Product',74,'App\\Models\\User',1,'{\"attributes\":{\"category_id\":5,\"code\":\"620778408385\",\"en_name\":\"5A B\",\"kh_name\":\"LCD REDMI\",\"description\":\"null\",\"image\":\"no image created\",\"sale_price\":10.5},\"old\":{\"category_id\":5,\"code\":\"620778408385\",\"en_name\":\"5A\",\"kh_name\":\"LCD REDMI\",\"description\":null,\"image\":\"no image created\",\"sale_price\":10.5}}','2022-06-01 02:18:47','2022-06-01 02:18:47'),(2381,'default','created','App\\Models\\Product',75,'App\\Models\\User',1,'{\"attributes\":{\"category_id\":5,\"code\":\"524861938062\",\"en_name\":\"5A W\",\"kh_name\":\"LCD REDMI\",\"description\":null,\"image\":\"no image created\",\"sale_price\":10.5}}','2022-06-01 02:19:19','2022-06-01 02:19:19'),(2382,'default','created','App\\Models\\Product',76,'App\\Models\\User',1,'{\"attributes\":{\"category_id\":5,\"code\":\"101785298376\",\"en_name\":\"Y7P\",\"kh_name\":\"LCD HUAWEI\",\"description\":\"undefined\",\"image\":\"no image created\",\"sale_price\":18}}','2022-06-01 02:20:15','2022-06-01 02:20:15'),(2383,'default','created','App\\Models\\Product',77,'App\\Models\\User',1,'{\"attributes\":{\"category_id\":5,\"code\":\"852285171074\",\"en_name\":\"6A W\",\"kh_name\":\"LCD REDMI\",\"description\":\"undefined\",\"image\":\"no image created\",\"sale_price\":11}}','2022-06-01 02:20:44','2022-06-01 02:20:44'),(2384,'default','created','App\\Models\\Purchase',29,'App\\Models\\User',1,'{\"attributes\":{\"warehouse_id\":1,\"supplier_id\":1,\"user_id\":1,\"batch\":\"20220601_v9__20_1654050059860\",\"subtotal\":16910,\"vat\":0,\"grandtotal\":16910}}','2022-06-01 02:29:29','2022-06-01 02:29:29'),(2385,'default','created','App\\Models\\PurchaseDetail',156,'App\\Models\\User',1,'{\"attributes\":{\"purchase_id\":29,\"product_id\":9,\"unitprice\":\"10.50\",\"quantity\":\"300.00\"}}','2022-06-01 02:29:29','2022-06-01 02:29:29'),(2386,'default','updated','App\\Models\\Stock',90,'App\\Models\\User',1,'{\"attributes\":{\"warehouse_id\":1,\"product_id\":9,\"alert\":\"0.00\",\"total\":290},\"old\":{\"warehouse_id\":1,\"product_id\":9,\"alert\":\"0.00\",\"total\":-10}}','2022-06-01 02:29:29','2022-06-01 02:29:29'),(2387,'default','created','App\\Models\\PurchaseDetail',157,'App\\Models\\User',1,'{\"attributes\":{\"purchase_id\":29,\"product_id\":74,\"unitprice\":\"9.00\",\"quantity\":\"30.00\"}}','2022-06-01 02:29:29','2022-06-01 02:29:29'),(2388,'default','created','App\\Models\\Stock',112,'App\\Models\\User',1,'{\"attributes\":{\"warehouse_id\":1,\"product_id\":74,\"alert\":\"0.00\",\"total\":30}}','2022-06-01 02:29:29','2022-06-01 02:29:29'),(2389,'default','created','App\\Models\\PurchaseDetail',158,'App\\Models\\User',1,'{\"attributes\":{\"purchase_id\":29,\"product_id\":75,\"unitprice\":\"9.00\",\"quantity\":\"30.00\"}}','2022-06-01 02:29:29','2022-06-01 02:29:29'),(2390,'default','created','App\\Models\\Stock',113,'App\\Models\\User',1,'{\"attributes\":{\"warehouse_id\":1,\"product_id\":75,\"alert\":\"0.00\",\"total\":30}}','2022-06-01 02:29:29','2022-06-01 02:29:29'),(2391,'default','created','App\\Models\\PurchaseDetail',159,'App\\Models\\User',1,'{\"attributes\":{\"purchase_id\":29,\"product_id\":76,\"unitprice\":\"15.50\",\"quantity\":\"20.00\"}}','2022-06-01 02:29:29','2022-06-01 02:29:29'),(2392,'default','created','App\\Models\\Stock',114,'App\\Models\\User',1,'{\"attributes\":{\"warehouse_id\":1,\"product_id\":76,\"alert\":\"0.00\",\"total\":20}}','2022-06-01 02:29:29','2022-06-01 02:29:29'),(2393,'default','created','App\\Models\\PurchaseDetail',160,'App\\Models\\User',1,'{\"attributes\":{\"purchase_id\":29,\"product_id\":34,\"unitprice\":\"14.00\",\"quantity\":\"100.00\"}}','2022-06-01 02:29:29','2022-06-01 02:29:29'),(2394,'default','updated','App\\Models\\Stock',75,'App\\Models\\User',1,'{\"attributes\":{\"warehouse_id\":1,\"product_id\":34,\"alert\":\"0.00\",\"total\":128},\"old\":{\"warehouse_id\":1,\"product_id\":34,\"alert\":\"0.00\",\"total\":28}}','2022-06-01 02:29:29','2022-06-01 02:29:29'),(2395,'default','created','App\\Models\\PurchaseDetail',161,'App\\Models\\User',1,'{\"attributes\":{\"purchase_id\":29,\"product_id\":77,\"unitprice\":\"10.00\",\"quantity\":\"30.00\"}}','2022-06-01 02:29:29','2022-06-01 02:29:29'),(2396,'default','created','App\\Models\\Stock',115,'App\\Models\\User',1,'{\"attributes\":{\"warehouse_id\":1,\"product_id\":77,\"alert\":\"0.00\",\"total\":30}}','2022-06-01 02:29:29','2022-06-01 02:29:29'),(2397,'default','created','App\\Models\\PurchaseDetail',162,'App\\Models\\User',1,'{\"attributes\":{\"purchase_id\":29,\"product_id\":47,\"unitprice\":\"14.30\",\"quantity\":\"100.00\"}}','2022-06-01 02:29:29','2022-06-01 02:29:29'),(2398,'default','updated','App\\Models\\Stock',86,'App\\Models\\User',1,'{\"attributes\":{\"warehouse_id\":1,\"product_id\":47,\"alert\":\"0.00\",\"total\":128},\"old\":{\"warehouse_id\":1,\"product_id\":47,\"alert\":\"0.00\",\"total\":28}}','2022-06-01 02:29:29','2022-06-01 02:29:29'),(2399,'default','created','App\\Models\\PurchaseDetail',163,'App\\Models\\User',1,'{\"attributes\":{\"purchase_id\":29,\"product_id\":26,\"unitprice\":\"13.00\",\"quantity\":\"200.00\"}}','2022-06-01 02:29:29','2022-06-01 02:29:29'),(2400,'default','updated','App\\Models\\Stock',84,'App\\Models\\User',1,'{\"attributes\":{\"warehouse_id\":1,\"product_id\":26,\"alert\":\"0.00\",\"total\":200},\"old\":{\"warehouse_id\":1,\"product_id\":26,\"alert\":\"0.00\",\"total\":0}}','2022-06-01 02:29:29','2022-06-01 02:29:29'),(2401,'default','created','App\\Models\\PurchaseDetail',164,'App\\Models\\User',1,'{\"attributes\":{\"purchase_id\":29,\"product_id\":3,\"unitprice\":\"11.30\",\"quantity\":\"360.00\"}}','2022-06-01 02:29:29','2022-06-01 02:29:29'),(2402,'default','updated','App\\Models\\Stock',66,'App\\Models\\User',1,'{\"attributes\":{\"warehouse_id\":1,\"product_id\":3,\"alert\":\"0.00\",\"total\":390},\"old\":{\"warehouse_id\":1,\"product_id\":3,\"alert\":\"0.00\",\"total\":30}}','2022-06-01 02:29:29','2022-06-01 02:29:29'),(2403,'default','created','App\\Models\\PurchaseDetail',165,'App\\Models\\User',1,'{\"attributes\":{\"purchase_id\":29,\"product_id\":35,\"unitprice\":\"11.30\",\"quantity\":\"100.00\"}}','2022-06-01 02:29:29','2022-06-01 02:29:29'),(2404,'default','updated','App\\Models\\Stock',88,'App\\Models\\User',1,'{\"attributes\":{\"warehouse_id\":1,\"product_id\":35,\"alert\":\"0.00\",\"total\":118},\"old\":{\"warehouse_id\":1,\"product_id\":35,\"alert\":\"0.00\",\"total\":18}}','2022-06-01 02:29:29','2022-06-01 02:29:29'),(2405,'default','created','App\\Models\\PurchaseDetail',166,'App\\Models\\User',1,'{\"attributes\":{\"purchase_id\":29,\"product_id\":55,\"unitprice\":\"13.00\",\"quantity\":\"50.00\"}}','2022-06-01 02:29:29','2022-06-01 02:29:29'),(2406,'default','updated','App\\Models\\Stock',92,'App\\Models\\User',1,'{\"attributes\":{\"warehouse_id\":1,\"product_id\":55,\"alert\":\"0.00\",\"total\":50},\"old\":{\"warehouse_id\":1,\"product_id\":55,\"alert\":\"0.00\",\"total\":0}}','2022-06-01 02:29:29','2022-06-01 02:29:29'),(2407,'default','created','App\\Models\\PurchaseDetail',167,'App\\Models\\User',1,'{\"attributes\":{\"purchase_id\":29,\"product_id\":40,\"unitprice\":\"11.10\",\"quantity\":\"120.00\"}}','2022-06-01 02:29:29','2022-06-01 02:29:29'),(2408,'default','updated','App\\Models\\Stock',49,'App\\Models\\User',1,'{\"attributes\":{\"warehouse_id\":1,\"product_id\":40,\"alert\":\"0.00\",\"total\":100},\"old\":{\"warehouse_id\":1,\"product_id\":40,\"alert\":\"0.00\",\"total\":-20}}','2022-06-01 02:29:29','2022-06-01 02:29:29'),(2409,'default','updated','App\\Models\\Product',40,'App\\Models\\User',1,'{\"attributes\":{\"category_id\":5,\"code\":\"908601349886\",\"en_name\":\"6P B\",\"kh_name\":\"LCD IPHONE\",\"description\":\"undefined\",\"image\":\"no image created\",\"sale_price\":13},\"old\":{\"category_id\":5,\"code\":\"908601349886\",\"en_name\":\"6P B\",\"kh_name\":\"LCD IPHONE\",\"description\":\"undefined\",\"image\":\"no image created\",\"sale_price\":13.5}}','2022-06-01 02:32:57','2022-06-01 02:32:57'),(2410,'default','updated','App\\Models\\Product',39,'App\\Models\\User',1,'{\"attributes\":{\"category_id\":5,\"code\":\"908601349885\",\"en_name\":\"6P W\",\"kh_name\":\"LCD IPHONE\",\"description\":\"undefined\",\"image\":\"no image created\",\"sale_price\":13},\"old\":{\"category_id\":5,\"code\":\"908601349885\",\"en_name\":\"6P W\",\"kh_name\":\"LCD IPHONE\",\"description\":\"undefined\",\"image\":\"no image created\",\"sale_price\":13.5}}','2022-06-01 02:33:09','2022-06-01 02:33:09'),(2411,'default','updated','App\\Models\\Product',3,'App\\Models\\User',1,'{\"attributes\":{\"category_id\":5,\"code\":\"908601349849\",\"en_name\":\"A5S\",\"kh_name\":\"LCD OPPO\",\"description\":\"undefined\",\"image\":\"no image created\",\"sale_price\":13},\"old\":{\"category_id\":5,\"code\":\"908601349849\",\"en_name\":\"A5S\",\"kh_name\":\"LCD OPPO\",\"description\":\"undefined\",\"image\":\"no image created\",\"sale_price\":12.5}}','2022-06-01 02:34:41','2022-06-01 02:34:41'),(2412,'default','updated','App\\Models\\Product',9,'App\\Models\\User',1,'{\"attributes\":{\"category_id\":5,\"code\":\"908601349855\",\"en_name\":\"Y91\",\"kh_name\":\"LCD VIVO\",\"description\":\"undefined\",\"image\":\"no image created\",\"sale_price\":12.5},\"old\":{\"category_id\":5,\"code\":\"908601349855\",\"en_name\":\"Y91\",\"kh_name\":\"LCD VIVO\",\"description\":\"undefined\",\"image\":\"no image created\",\"sale_price\":12}}','2022-06-01 02:37:52','2022-06-01 02:37:52'),(2413,'default','created','App\\Models\\Product',78,'App\\Models\\User',1,'{\"attributes\":{\"category_id\":5,\"code\":\"910950650494\",\"en_name\":\"RENO3\",\"kh_name\":\"LCD OPPO\",\"description\":null,\"image\":\"no image created\",\"sale_price\":20}}','2022-06-01 03:30:41','2022-06-01 03:30:41'),(2414,'default','created','App\\Models\\Product',79,'App\\Models\\User',1,'{\"attributes\":{\"category_id\":5,\"code\":\"776199425599\",\"en_name\":\"RENO4\",\"kh_name\":\"LCD OPPO\",\"description\":\"undefined\",\"image\":\"no image created\",\"sale_price\":45}}','2022-06-01 03:31:13','2022-06-01 03:31:13'),(2415,'default','created','App\\Models\\Purchase',30,'App\\Models\\User',1,'{\"attributes\":{\"warehouse_id\":1,\"supplier_id\":1,\"user_id\":1,\"batch\":\"20220601_v9__38_1654051127994\",\"subtotal\":28008,\"vat\":0,\"grandtotal\":28008}}','2022-06-01 03:40:37','2022-06-01 03:40:37'),(2416,'default','created','App\\Models\\PurchaseDetail',168,'App\\Models\\User',1,'{\"attributes\":{\"purchase_id\":30,\"product_id\":40,\"unitprice\":\"11.10\",\"quantity\":\"30.00\"}}','2022-06-01 03:40:37','2022-06-01 03:40:37'),(2417,'default','updated','App\\Models\\Stock',49,'App\\Models\\User',1,'{\"attributes\":{\"warehouse_id\":1,\"product_id\":40,\"alert\":\"0.00\",\"total\":130},\"old\":{\"warehouse_id\":1,\"product_id\":40,\"alert\":\"0.00\",\"total\":100}}','2022-06-01 03:40:37','2022-06-01 03:40:37'),(2418,'default','created','App\\Models\\PurchaseDetail',169,'App\\Models\\User',1,'{\"attributes\":{\"purchase_id\":30,\"product_id\":18,\"unitprice\":\"11.30\",\"quantity\":\"150.00\"}}','2022-06-01 03:40:37','2022-06-01 03:40:37'),(2419,'default','updated','App\\Models\\Stock',52,'App\\Models\\User',1,'{\"attributes\":{\"warehouse_id\":1,\"product_id\":18,\"alert\":\"0.00\",\"total\":150},\"old\":{\"warehouse_id\":1,\"product_id\":18,\"alert\":\"0.00\",\"total\":0}}','2022-06-01 03:40:37','2022-06-01 03:40:37'),(2420,'default','created','App\\Models\\PurchaseDetail',170,'App\\Models\\User',1,'{\"attributes\":{\"purchase_id\":30,\"product_id\":43,\"unitprice\":\"11.30\",\"quantity\":\"100.00\"}}','2022-06-01 03:40:37','2022-06-01 03:40:37'),(2421,'default','updated','App\\Models\\Stock',53,'App\\Models\\User',1,'{\"attributes\":{\"warehouse_id\":1,\"product_id\":43,\"alert\":\"0.00\",\"total\":153},\"old\":{\"warehouse_id\":1,\"product_id\":43,\"alert\":\"0.00\",\"total\":53}}','2022-06-01 03:40:37','2022-06-01 03:40:37'),(2422,'default','created','App\\Models\\PurchaseDetail',171,'App\\Models\\User',1,'{\"attributes\":{\"purchase_id\":30,\"product_id\":28,\"unitprice\":\"15.70\",\"quantity\":\"100.00\"}}','2022-06-01 03:40:37','2022-06-01 03:40:37'),(2423,'default','updated','App\\Models\\Stock',73,'App\\Models\\User',1,'{\"attributes\":{\"warehouse_id\":1,\"product_id\":28,\"alert\":\"0.00\",\"total\":110},\"old\":{\"warehouse_id\":1,\"product_id\":28,\"alert\":\"0.00\",\"total\":10}}','2022-06-01 03:40:37','2022-06-01 03:40:37'),(2424,'default','created','App\\Models\\PurchaseDetail',172,'App\\Models\\User',1,'{\"attributes\":{\"purchase_id\":30,\"product_id\":5,\"unitprice\":\"15.50\",\"quantity\":\"200.00\"}}','2022-06-01 03:40:37','2022-06-01 03:40:37'),(2425,'default','updated','App\\Models\\Stock',76,'App\\Models\\User',1,'{\"attributes\":{\"warehouse_id\":1,\"product_id\":5,\"alert\":\"0.00\",\"total\":200},\"old\":{\"warehouse_id\":1,\"product_id\":5,\"alert\":\"0.00\",\"total\":0}}','2022-06-01 03:40:37','2022-06-01 03:40:37'),(2426,'default','created','App\\Models\\PurchaseDetail',173,'App\\Models\\User',1,'{\"attributes\":{\"purchase_id\":30,\"product_id\":42,\"unitprice\":\"18.70\",\"quantity\":\"50.00\"}}','2022-06-01 03:40:37','2022-06-01 03:40:37'),(2427,'default','updated','App\\Models\\Stock',78,'App\\Models\\User',1,'{\"attributes\":{\"warehouse_id\":1,\"product_id\":42,\"alert\":\"0.00\",\"total\":52},\"old\":{\"warehouse_id\":1,\"product_id\":42,\"alert\":\"0.00\",\"total\":2}}','2022-06-01 03:40:37','2022-06-01 03:40:37'),(2428,'default','created','App\\Models\\PurchaseDetail',174,'App\\Models\\User',1,'{\"attributes\":{\"purchase_id\":30,\"product_id\":7,\"unitprice\":\"12.80\",\"quantity\":\"360.00\"}}','2022-06-01 03:40:37','2022-06-01 03:40:37'),(2429,'default','updated','App\\Models\\Stock',82,'App\\Models\\User',1,'{\"attributes\":{\"warehouse_id\":1,\"product_id\":7,\"alert\":\"0.00\",\"total\":360},\"old\":{\"warehouse_id\":1,\"product_id\":7,\"alert\":\"0.00\",\"total\":0}}','2022-06-01 03:40:37','2022-06-01 03:40:37'),(2430,'default','created','App\\Models\\PurchaseDetail',175,'App\\Models\\User',1,'{\"attributes\":{\"purchase_id\":30,\"product_id\":58,\"unitprice\":\"15.50\",\"quantity\":\"98.00\"}}','2022-06-01 03:40:37','2022-06-01 03:40:37'),(2431,'default','updated','App\\Models\\Stock',96,'App\\Models\\User',1,'{\"attributes\":{\"warehouse_id\":1,\"product_id\":58,\"alert\":\"0.00\",\"total\":98},\"old\":{\"warehouse_id\":1,\"product_id\":58,\"alert\":\"0.00\",\"total\":0}}','2022-06-01 03:40:37','2022-06-01 03:40:37'),(2432,'default','created','App\\Models\\PurchaseDetail',176,'App\\Models\\User',1,'{\"attributes\":{\"purchase_id\":30,\"product_id\":2,\"unitprice\":\"9.60\",\"quantity\":\"150.00\"}}','2022-06-01 03:40:37','2022-06-01 03:40:37'),(2433,'default','updated','App\\Models\\Stock',59,'App\\Models\\User',1,'{\"attributes\":{\"warehouse_id\":1,\"product_id\":2,\"alert\":\"0.00\",\"total\":150},\"old\":{\"warehouse_id\":1,\"product_id\":2,\"alert\":\"0.00\",\"total\":0}}','2022-06-01 03:40:37','2022-06-01 03:40:37'),(2434,'default','created','App\\Models\\PurchaseDetail',177,'App\\Models\\User',1,'{\"attributes\":{\"purchase_id\":30,\"product_id\":78,\"unitprice\":\"16.90\",\"quantity\":\"50.00\"}}','2022-06-01 03:40:37','2022-06-01 03:40:37'),(2435,'default','created','App\\Models\\Stock',116,'App\\Models\\User',1,'{\"attributes\":{\"warehouse_id\":1,\"product_id\":78,\"alert\":\"0.00\",\"total\":50}}','2022-06-01 03:40:37','2022-06-01 03:40:37'),(2436,'default','created','App\\Models\\PurchaseDetail',178,'App\\Models\\User',1,'{\"attributes\":{\"purchase_id\":30,\"product_id\":79,\"unitprice\":\"39.00\",\"quantity\":\"20.00\"}}','2022-06-01 03:40:37','2022-06-01 03:40:37'),(2437,'default','created','App\\Models\\Stock',117,'App\\Models\\User',1,'{\"attributes\":{\"warehouse_id\":1,\"product_id\":79,\"alert\":\"0.00\",\"total\":20}}','2022-06-01 03:40:37','2022-06-01 03:40:37'),(2438,'default','created','App\\Models\\PurchaseDetail',179,'App\\Models\\User',1,'{\"attributes\":{\"purchase_id\":30,\"product_id\":1,\"unitprice\":\"11.10\",\"quantity\":\"360.00\"}}','2022-06-01 03:40:37','2022-06-01 03:40:37'),(2439,'default','updated','App\\Models\\Stock',60,'App\\Models\\User',1,'{\"attributes\":{\"warehouse_id\":1,\"product_id\":1,\"alert\":\"0.00\",\"total\":386},\"old\":{\"warehouse_id\":1,\"product_id\":1,\"alert\":\"0.00\",\"total\":26}}','2022-06-01 03:40:37','2022-06-01 03:40:37'),(2440,'default','created','App\\Models\\PurchaseDetail',180,'App\\Models\\User',1,'{\"attributes\":{\"purchase_id\":30,\"product_id\":38,\"unitprice\":\"13.50\",\"quantity\":\"336.00\"}}','2022-06-01 03:40:37','2022-06-01 03:40:37'),(2441,'default','updated','App\\Models\\Stock',57,'App\\Models\\User',1,'{\"attributes\":{\"warehouse_id\":1,\"product_id\":38,\"alert\":\"0.00\",\"total\":352},\"old\":{\"warehouse_id\":1,\"product_id\":38,\"alert\":\"0.00\",\"total\":16}}','2022-06-01 03:40:37','2022-06-01 03:40:37'),(2442,'default','created','App\\Models\\PurchaseDetail',181,'App\\Models\\User',1,'{\"attributes\":{\"purchase_id\":30,\"product_id\":16,\"unitprice\":\"33.50\",\"quantity\":\"26.00\"}}','2022-06-01 03:40:37','2022-06-01 03:40:37'),(2443,'default','updated','App\\Models\\Stock',80,'App\\Models\\User',1,'{\"attributes\":{\"warehouse_id\":1,\"product_id\":16,\"alert\":\"0.00\",\"total\":37},\"old\":{\"warehouse_id\":1,\"product_id\":16,\"alert\":\"0.00\",\"total\":11}}','2022-06-01 03:40:37','2022-06-01 03:40:37'),(2444,'default','created','App\\Models\\PurchaseDetail',182,'App\\Models\\User',1,'{\"attributes\":{\"purchase_id\":30,\"product_id\":54,\"unitprice\":\"13.00\",\"quantity\":\"50.00\"}}','2022-06-01 03:40:37','2022-06-01 03:40:37'),(2445,'default','updated','App\\Models\\Stock',91,'App\\Models\\User',1,'{\"attributes\":{\"warehouse_id\":1,\"product_id\":54,\"alert\":\"0.00\",\"total\":50},\"old\":{\"warehouse_id\":1,\"product_id\":54,\"alert\":\"0.00\",\"total\":0}}','2022-06-01 03:40:37','2022-06-01 03:40:37'),(2446,'default','updated','App\\Models\\Product',57,'App\\Models\\User',1,'{\"attributes\":{\"category_id\":5,\"code\":\"119454641103\",\"en_name\":\"11 JK\",\"kh_name\":\"LCD IPHONE\",\"description\":\"undefined\",\"image\":\"no image created\",\"sale_price\":40},\"old\":{\"category_id\":5,\"code\":\"119454641103\",\"en_name\":\"11 JK\",\"kh_name\":\"LCD IPHONE\",\"description\":\"undefined\",\"image\":\"no image created\",\"sale_price\":43}}','2022-06-01 03:49:17','2022-06-01 03:49:17'),(2447,'default','updated','App\\Models\\Product',17,'App\\Models\\User',1,'{\"attributes\":{\"category_id\":5,\"code\":\"908601349863\",\"en_name\":\"11PRO MAX GX\",\"kh_name\":\"LCD IPHONE\",\"description\":\"undefined\",\"image\":\"no image created\",\"sale_price\":75},\"old\":{\"category_id\":5,\"code\":\"908601349863\",\"en_name\":\"11PRO MAX GX\",\"kh_name\":\"LCD IPHONE\",\"description\":\"undefined\",\"image\":\"no image created\",\"sale_price\":80}}','2022-06-01 03:49:33','2022-06-01 03:49:33'),(2448,'default','updated','App\\Models\\Product',18,'App\\Models\\User',1,'{\"attributes\":{\"category_id\":5,\"code\":\"908601349864\",\"en_name\":\"7P B\",\"kh_name\":\"LCD IPHONE\",\"description\":\"undefined\",\"image\":\"no image created\",\"sale_price\":14},\"old\":{\"category_id\":5,\"code\":\"908601349864\",\"en_name\":\"7P B\",\"kh_name\":\"LCD IPHONE\",\"description\":\"undefined\",\"image\":\"no image created\",\"sale_price\":14.5}}','2022-06-01 03:50:47','2022-06-01 03:50:47'),(2449,'default','updated','App\\Models\\Product',43,'App\\Models\\User',1,'{\"attributes\":{\"category_id\":5,\"code\":\"143565364348\",\"en_name\":\"7P W\",\"kh_name\":\"LCD IPHONE\",\"description\":\"null\",\"image\":\"no image created\",\"sale_price\":14},\"old\":{\"category_id\":5,\"code\":\"143565364348\",\"en_name\":\"7P W\",\"kh_name\":\"LCD IPHONE\",\"description\":\"null\",\"image\":\"no image created\",\"sale_price\":14.5}}','2022-06-01 03:50:54','2022-06-01 03:50:54'),(2450,'default','updated','App\\Models\\Product',16,'App\\Models\\User',1,'{\"attributes\":{\"category_id\":5,\"code\":\"908601349862\",\"en_name\":\"X GX\",\"kh_name\":\"LCD IPHONE\",\"description\":\"undefined\",\"image\":\"no image created\",\"sale_price\":40},\"old\":{\"category_id\":5,\"code\":\"908601349862\",\"en_name\":\"X GX\",\"kh_name\":\"LCD IPHONE\",\"description\":\"undefined\",\"image\":\"no image created\",\"sale_price\":41}}','2022-06-01 03:51:37','2022-06-01 03:51:37'),(2451,'default','updated','App\\Models\\Product',56,'App\\Models\\User',1,'{\"attributes\":{\"category_id\":5,\"code\":\"134068185103\",\"en_name\":\"Xs JK\",\"kh_name\":\"LCD IPHONE\",\"description\":\"undefined\",\"image\":\"no image created\",\"sale_price\":35},\"old\":{\"category_id\":5,\"code\":\"134068185103\",\"en_name\":\"Xs JK\",\"kh_name\":\"LCD IPHONE\",\"description\":\"undefined\",\"image\":\"no image created\",\"sale_price\":36}}','2022-06-01 03:52:29','2022-06-01 03:52:29'),(2452,'default','updated','App\\Models\\Product',2,'App\\Models\\User',1,'{\"attributes\":{\"category_id\":5,\"code\":\"571501119594\",\"en_name\":\"A1K\",\"kh_name\":\"LCD OPPO\",\"description\":\"undefined\",\"image\":\"no image created\",\"sale_price\":11.5},\"old\":{\"category_id\":5,\"code\":\"571501119594\",\"en_name\":\"A1K\",\"kh_name\":\"LCD OPPO\",\"description\":\"undefined\",\"image\":\"no image created\",\"sale_price\":11}}','2022-06-01 03:53:23','2022-06-01 03:53:23'),(2453,'default','updated','App\\Models\\Product',1,'App\\Models\\User',1,'{\"attributes\":{\"category_id\":5,\"code\":\"316466814841\",\"en_name\":\"A3S\",\"kh_name\":\"LCD OPPO\",\"description\":\"undefined\",\"image\":\"1651156393.jpg\",\"sale_price\":13},\"old\":{\"category_id\":5,\"code\":\"316466814841\",\"en_name\":\"A3S\",\"kh_name\":\"LCD OPPO\",\"description\":\"undefined\",\"image\":\"1651156393.jpg\",\"sale_price\":12.5}}','2022-06-01 03:53:43','2022-06-01 03:53:43'),(2454,'default','updated','App\\Models\\Product',5,'App\\Models\\User',1,'{\"attributes\":{\"category_id\":5,\"code\":\"908601349851\",\"en_name\":\"F9\",\"kh_name\":\"LCD OPPO\",\"description\":\"undefined\",\"image\":\"no image created\",\"sale_price\":17.5},\"old\":{\"category_id\":5,\"code\":\"908601349851\",\"en_name\":\"F9\",\"kh_name\":\"LCD OPPO\",\"description\":\"undefined\",\"image\":\"no image created\",\"sale_price\":15}}','2022-06-01 03:54:20','2022-06-01 03:54:20'),(2455,'default','updated','App\\Models\\Product',42,'App\\Models\\User',1,'{\"attributes\":{\"category_id\":5,\"code\":\"908601349888\",\"en_name\":\"POVA2\",\"kh_name\":\"LCD POVA\",\"description\":\"undefined\",\"image\":\"no image created\",\"sale_price\":21},\"old\":{\"category_id\":5,\"code\":\"908601349888\",\"en_name\":\"POVA2\",\"kh_name\":\"LCD POVA\",\"description\":\"undefined\",\"image\":\"no image created\",\"sale_price\":22}}','2022-06-01 03:55:01','2022-06-01 03:55:01'),(2456,'default','updated','App\\Models\\Product',7,'App\\Models\\User',1,'{\"attributes\":{\"category_id\":5,\"code\":\"908601349853\",\"en_name\":\"Y12\",\"kh_name\":\"LCD VIVO\",\"description\":\"undefined\",\"image\":\"no image created\",\"sale_price\":15},\"old\":{\"category_id\":5,\"code\":\"908601349853\",\"en_name\":\"Y12\",\"kh_name\":\"LCD VIVO\",\"description\":\"undefined\",\"image\":\"no image created\",\"sale_price\":13.8}}','2022-06-01 03:56:18','2022-06-01 03:56:18'),(2457,'default','updated','App\\Models\\Product',8,'App\\Models\\User',1,'{\"attributes\":{\"category_id\":5,\"code\":\"908601349854\",\"en_name\":\"Y12S\",\"kh_name\":\"LCD VIVO\",\"description\":\"undefined\",\"image\":\"no image created\",\"sale_price\":14},\"old\":{\"category_id\":5,\"code\":\"908601349854\",\"en_name\":\"Y12S\",\"kh_name\":\"LCD VIVO\",\"description\":\"undefined\",\"image\":\"no image created\",\"sale_price\":13.8}}','2022-06-01 03:57:05','2022-06-01 03:57:05'),(2458,'default','updated','App\\Models\\Product',7,'App\\Models\\User',1,'{\"attributes\":{\"category_id\":5,\"code\":\"908601349853\",\"en_name\":\"Y12 no ic\",\"kh_name\":\"LCD VIVO\",\"description\":\"undefined\",\"image\":\"no image created\",\"sale_price\":13.8},\"old\":{\"category_id\":5,\"code\":\"908601349853\",\"en_name\":\"Y12\",\"kh_name\":\"LCD VIVO\",\"description\":\"undefined\",\"image\":\"no image created\",\"sale_price\":15}}','2022-06-01 03:58:39','2022-06-01 03:58:39'),(2459,'default','updated','App\\Models\\Product',7,'App\\Models\\User',1,'{\"attributes\":{\"category_id\":5,\"code\":\"908601349853\",\"en_name\":\"Y12 no ic\",\"kh_name\":\"LCD VIVO\",\"description\":\"undefined\",\"image\":\"no image created\",\"sale_price\":15},\"old\":{\"category_id\":5,\"code\":\"908601349853\",\"en_name\":\"Y12 no ic\",\"kh_name\":\"LCD VIVO\",\"description\":\"undefined\",\"image\":\"no image created\",\"sale_price\":13.8}}','2022-06-01 04:04:50','2022-06-01 04:04:50'),(2460,'default','updated','App\\Models\\Product',23,'App\\Models\\User',1,'{\"attributes\":{\"category_id\":5,\"code\":\"908601349869\",\"en_name\":\"6G B\",\"kh_name\":\"LCD IPHONE\",\"description\":\"undefined\",\"image\":\"no image created\",\"sale_price\":10.5},\"old\":{\"category_id\":5,\"code\":\"908601349869\",\"en_name\":\"6G B\",\"kh_name\":\"LCD IPHONE\",\"description\":\"undefined\",\"image\":\"no image created\",\"sale_price\":11}}','2022-06-01 04:08:57','2022-06-01 04:08:57'),(2461,'default','updated','App\\Models\\Product',22,'App\\Models\\User',1,'{\"attributes\":{\"category_id\":5,\"code\":\"908601349868\",\"en_name\":\"6G W\",\"kh_name\":\"LCD IPHONE\",\"description\":\"undefined\",\"image\":\"no image created\",\"sale_price\":10.5},\"old\":{\"category_id\":5,\"code\":\"908601349868\",\"en_name\":\"6G W\",\"kh_name\":\"LCD IPHONE\",\"description\":\"undefined\",\"image\":\"no image created\",\"sale_price\":11}}','2022-06-01 04:09:04','2022-06-01 04:09:04'),(2462,'default','updated','App\\Models\\Product',26,'App\\Models\\User',1,'{\"attributes\":{\"category_id\":5,\"code\":\"908601349872\",\"en_name\":\"Y12S ORI\",\"kh_name\":\"LCD VIVO\",\"description\":\"undefined\",\"image\":\"no image created\",\"sale_price\":15},\"old\":{\"category_id\":5,\"code\":\"908601349872\",\"en_name\":\"Y12S ORI\",\"kh_name\":\"LCD VIVO\",\"description\":\"undefined\",\"image\":\"no image created\",\"sale_price\":15.5}}','2022-06-01 04:11:21','2022-06-01 04:11:21'),(2463,'default','created','App\\Models\\Order',135,'App\\Models\\User',1,'{\"attributes\":{\"warehouse_id\":1,\"customer_id\":4,\"user_id\":1,\"subtotal\":780,\"vat\":0,\"discount\":0,\"grandtotal\":780,\"kh_grandtotal\":null}}','2022-06-01 09:21:01','2022-06-01 09:21:01'),(2464,'default','updated','App\\Models\\Balance',32,'App\\Models\\User',1,'{\"attributes\":{\"remain\":\"80780.50\",\"income\":\"780.00\",\"withdraw\":\"0.00\",\"balance\":\"81560.50\",\"balance_date\":\"2022-06-01\",\"warehouse_id\":1,\"user_id\":1},\"old\":{\"remain\":\"80780.50\",\"income\":\"0.00\",\"withdraw\":\"0.00\",\"balance\":\"80780.50\",\"balance_date\":\"2022-06-01\",\"warehouse_id\":1,\"user_id\":1}}','2022-06-01 09:21:01','2022-06-01 09:21:01'),(2465,'default','created','App\\Models\\OrderDetail',839,'App\\Models\\User',1,'{\"attributes\":{\"order_id\":135,\"product_id\":24,\"sellprice\":15,\"quantity\":\"20.00\"}}','2022-06-01 09:21:01','2022-06-01 09:21:01'),(2466,'default','updated','App\\Models\\Stock',67,'App\\Models\\User',1,'{\"attributes\":{\"warehouse_id\":1,\"product_id\":24,\"alert\":\"0.00\",\"total\":66},\"old\":{\"warehouse_id\":1,\"product_id\":24,\"alert\":\"0.00\",\"total\":86}}','2022-06-01 09:21:01','2022-06-01 09:21:01'),(2467,'default','created','App\\Models\\OrderDetail',840,'App\\Models\\User',1,'{\"attributes\":{\"order_id\":135,\"product_id\":1,\"sellprice\":12,\"quantity\":\"20.00\"}}','2022-06-01 09:21:01','2022-06-01 09:21:01'),(2468,'default','updated','App\\Models\\Stock',60,'App\\Models\\User',1,'{\"attributes\":{\"warehouse_id\":1,\"product_id\":1,\"alert\":\"0.00\",\"total\":366},\"old\":{\"warehouse_id\":1,\"product_id\":1,\"alert\":\"0.00\",\"total\":386}}','2022-06-01 09:21:01','2022-06-01 09:21:01'),(2469,'default','created','App\\Models\\OrderDetail',841,'App\\Models\\User',1,'{\"attributes\":{\"order_id\":135,\"product_id\":9,\"sellprice\":12,\"quantity\":\"20.00\"}}','2022-06-01 09:21:01','2022-06-01 09:21:01'),(2470,'default','updated','App\\Models\\Stock',90,'App\\Models\\User',1,'{\"attributes\":{\"warehouse_id\":1,\"product_id\":9,\"alert\":\"0.00\",\"total\":270},\"old\":{\"warehouse_id\":1,\"product_id\":9,\"alert\":\"0.00\",\"total\":290}}','2022-06-01 09:21:01','2022-06-01 09:21:01'),(2471,'default','created','App\\Models\\Balance',33,'App\\Models\\User',1,'{\"attributes\":{\"remain\":\"81560.50\",\"income\":\"0.00\",\"withdraw\":\"0.00\",\"balance\":\"81560.50\",\"balance_date\":\"2022-06-02\",\"warehouse_id\":1,\"user_id\":1}}','2022-06-02 05:54:17','2022-06-02 05:54:17'),(2472,'default','updated','App\\Models\\Product',18,'App\\Models\\User',1,'{\"attributes\":{\"category_id\":5,\"code\":\"908601349864\",\"en_name\":\"7P B\",\"kh_name\":\"LCD IPHONE\",\"description\":\"undefined\",\"image\":\"no image created\",\"sale_price\":13.5},\"old\":{\"category_id\":5,\"code\":\"908601349864\",\"en_name\":\"7P B\",\"kh_name\":\"LCD IPHONE\",\"description\":\"undefined\",\"image\":\"no image created\",\"sale_price\":14}}','2022-06-02 09:04:26','2022-06-02 09:04:26'),(2473,'default','updated','App\\Models\\Product',43,'App\\Models\\User',1,'{\"attributes\":{\"category_id\":5,\"code\":\"143565364348\",\"en_name\":\"7P W\",\"kh_name\":\"LCD IPHONE\",\"description\":\"null\",\"image\":\"no image created\",\"sale_price\":13.5},\"old\":{\"category_id\":5,\"code\":\"143565364348\",\"en_name\":\"7P W\",\"kh_name\":\"LCD IPHONE\",\"description\":\"null\",\"image\":\"no image created\",\"sale_price\":14}}','2022-06-02 09:04:33','2022-06-02 09:04:33'),(2474,'default','updated','App\\Models\\Product',5,'App\\Models\\User',1,'{\"attributes\":{\"category_id\":5,\"code\":\"908601349851\",\"en_name\":\"F9\",\"kh_name\":\"LCD OPPO\",\"description\":\"undefined\",\"image\":\"no image created\",\"sale_price\":17},\"old\":{\"category_id\":5,\"code\":\"908601349851\",\"en_name\":\"F9\",\"kh_name\":\"LCD OPPO\",\"description\":\"undefined\",\"image\":\"no image created\",\"sale_price\":17.5}}','2022-06-02 09:10:53','2022-06-02 09:10:53'),(2475,'default','updated','App\\Models\\Product',78,'App\\Models\\User',1,'{\"attributes\":{\"category_id\":5,\"code\":\"910950650494\",\"en_name\":\"RENO3\",\"kh_name\":\"LCD OPPO\",\"description\":\"null\",\"image\":\"no image created\",\"sale_price\":19.5},\"old\":{\"category_id\":5,\"code\":\"910950650494\",\"en_name\":\"RENO3\",\"kh_name\":\"LCD OPPO\",\"description\":null,\"image\":\"no image created\",\"sale_price\":20}}','2022-06-02 09:11:24','2022-06-02 09:11:24'),(2476,'default','created','App\\Models\\Balance',34,'App\\Models\\User',1,'{\"attributes\":{\"remain\":\"81560.50\",\"income\":\"0.00\",\"withdraw\":\"0.00\",\"balance\":\"81560.50\",\"balance_date\":\"2022-06-03\",\"warehouse_id\":1,\"user_id\":1}}','2022-06-03 02:17:48','2022-06-03 02:17:48'),(2477,'default','created','App\\Models\\Order',136,'App\\Models\\User',1,'{\"attributes\":{\"warehouse_id\":1,\"customer_id\":6,\"user_id\":1,\"subtotal\":467.5,\"vat\":0,\"discount\":0,\"grandtotal\":467.5,\"kh_grandtotal\":null}}','2022-06-03 02:20:46','2022-06-03 02:20:46'),(2478,'default','updated','App\\Models\\Balance',34,'App\\Models\\User',1,'{\"attributes\":{\"remain\":\"81560.50\",\"income\":\"467.50\",\"withdraw\":\"0.00\",\"balance\":\"82028.00\",\"balance_date\":\"2022-06-03\",\"warehouse_id\":1,\"user_id\":1},\"old\":{\"remain\":\"81560.50\",\"income\":\"0.00\",\"withdraw\":\"0.00\",\"balance\":\"81560.50\",\"balance_date\":\"2022-06-03\",\"warehouse_id\":1,\"user_id\":1}}','2022-06-03 02:20:46','2022-06-03 02:20:46'),(2479,'default','created','App\\Models\\OrderDetail',842,'App\\Models\\User',1,'{\"attributes\":{\"order_id\":136,\"product_id\":16,\"sellprice\":40,\"quantity\":\"3.00\"}}','2022-06-03 02:20:46','2022-06-03 02:20:46'),(2480,'default','updated','App\\Models\\Stock',80,'App\\Models\\User',1,'{\"attributes\":{\"warehouse_id\":1,\"product_id\":16,\"alert\":\"0.00\",\"total\":34},\"old\":{\"warehouse_id\":1,\"product_id\":16,\"alert\":\"0.00\",\"total\":37}}','2022-06-03 02:20:46','2022-06-03 02:20:46'),(2481,'default','created','App\\Models\\OrderDetail',843,'App\\Models\\User',1,'{\"attributes\":{\"order_id\":136,\"product_id\":66,\"sellprice\":24,\"quantity\":\"5.00\"}}','2022-06-03 02:20:46','2022-06-03 02:20:46'),(2482,'default','updated','App\\Models\\Stock',104,'App\\Models\\User',1,'{\"attributes\":{\"warehouse_id\":1,\"product_id\":66,\"alert\":\"0.00\",\"total\":15},\"old\":{\"warehouse_id\":1,\"product_id\":66,\"alert\":\"0.00\",\"total\":20}}','2022-06-03 02:20:46','2022-06-03 02:20:46'),(2483,'default','created','App\\Models\\OrderDetail',844,'App\\Models\\User',1,'{\"attributes\":{\"order_id\":136,\"product_id\":71,\"sellprice\":17.5,\"quantity\":\"5.00\"}}','2022-06-03 02:20:46','2022-06-03 02:20:46'),(2484,'default','updated','App\\Models\\Stock',109,'App\\Models\\User',1,'{\"attributes\":{\"warehouse_id\":1,\"product_id\":71,\"alert\":\"0.00\",\"total\":10},\"old\":{\"warehouse_id\":1,\"product_id\":71,\"alert\":\"0.00\",\"total\":15}}','2022-06-03 02:20:46','2022-06-03 02:20:46'),(2485,'default','created','App\\Models\\OrderDetail',845,'App\\Models\\User',1,'{\"attributes\":{\"order_id\":136,\"product_id\":8,\"sellprice\":14,\"quantity\":\"10.00\"}}','2022-06-03 02:20:46','2022-06-03 02:20:46'),(2486,'default','updated','App\\Models\\Stock',83,'App\\Models\\User',1,'{\"attributes\":{\"warehouse_id\":1,\"product_id\":8,\"alert\":\"0.00\",\"total\":95},\"old\":{\"warehouse_id\":1,\"product_id\":8,\"alert\":\"0.00\",\"total\":105}}','2022-06-03 02:20:46','2022-06-03 02:20:46'),(2487,'default','created','App\\Models\\Order',137,'App\\Models\\User',1,'{\"attributes\":{\"warehouse_id\":1,\"customer_id\":10,\"user_id\":1,\"subtotal\":435,\"vat\":0,\"discount\":0,\"grandtotal\":435,\"kh_grandtotal\":null}}','2022-06-03 03:11:09','2022-06-03 03:11:09'),(2488,'default','updated','App\\Models\\Balance',34,'App\\Models\\User',1,'{\"attributes\":{\"remain\":\"81560.50\",\"income\":\"902.50\",\"withdraw\":\"0.00\",\"balance\":\"82463.00\",\"balance_date\":\"2022-06-03\",\"warehouse_id\":1,\"user_id\":1},\"old\":{\"remain\":\"81560.50\",\"income\":\"467.50\",\"withdraw\":\"0.00\",\"balance\":\"82028.00\",\"balance_date\":\"2022-06-03\",\"warehouse_id\":1,\"user_id\":1}}','2022-06-03 03:11:09','2022-06-03 03:11:09'),(2489,'default','created','App\\Models\\OrderDetail',846,'App\\Models\\User',1,'{\"attributes\":{\"order_id\":137,\"product_id\":55,\"sellprice\":15,\"quantity\":\"2.00\"}}','2022-06-03 03:11:09','2022-06-03 03:11:09'),(2490,'default','updated','App\\Models\\Stock',92,'App\\Models\\User',1,'{\"attributes\":{\"warehouse_id\":1,\"product_id\":55,\"alert\":\"0.00\",\"total\":48},\"old\":{\"warehouse_id\":1,\"product_id\":55,\"alert\":\"0.00\",\"total\":50}}','2022-06-03 03:11:09','2022-06-03 03:11:09'),(2491,'default','created','App\\Models\\OrderDetail',847,'App\\Models\\User',1,'{\"attributes\":{\"order_id\":137,\"product_id\":54,\"sellprice\":15,\"quantity\":\"2.00\"}}','2022-06-03 03:11:09','2022-06-03 03:11:09'),(2492,'default','updated','App\\Models\\Stock',91,'App\\Models\\User',1,'{\"attributes\":{\"warehouse_id\":1,\"product_id\":54,\"alert\":\"0.00\",\"total\":48},\"old\":{\"warehouse_id\":1,\"product_id\":54,\"alert\":\"0.00\",\"total\":50}}','2022-06-03 03:11:09','2022-06-03 03:11:09'),(2493,'default','created','App\\Models\\OrderDetail',848,'App\\Models\\User',1,'{\"attributes\":{\"order_id\":137,\"product_id\":3,\"sellprice\":12.5,\"quantity\":\"30.00\"}}','2022-06-03 03:11:09','2022-06-03 03:11:09'),(2494,'default','updated','App\\Models\\Stock',66,'App\\Models\\User',1,'{\"attributes\":{\"warehouse_id\":1,\"product_id\":3,\"alert\":\"0.00\",\"total\":360},\"old\":{\"warehouse_id\":1,\"product_id\":3,\"alert\":\"0.00\",\"total\":390}}','2022-06-03 03:11:09','2022-06-03 03:11:09'),(2495,'default','updated','App\\Models\\Balance',34,'App\\Models\\User',1,'{\"attributes\":{\"remain\":\"81560.50\",\"income\":\"-764.50\",\"withdraw\":\"0.00\",\"balance\":\"80796.00\",\"balance_date\":\"2022-06-03\",\"warehouse_id\":1,\"user_id\":1},\"old\":{\"remain\":\"81560.50\",\"income\":\"902.50\",\"withdraw\":\"0.00\",\"balance\":\"82463.00\",\"balance_date\":\"2022-06-03\",\"warehouse_id\":1,\"user_id\":1}}','2022-06-03 03:26:07','2022-06-03 03:26:07'),(2496,'default','updated','App\\Models\\Balance',34,'App\\Models\\User',1,'{\"attributes\":{\"remain\":\"81560.50\",\"income\":\"902.50\",\"withdraw\":\"0.00\",\"balance\":\"82463.00\",\"balance_date\":\"2022-06-03\",\"warehouse_id\":1,\"user_id\":1},\"old\":{\"remain\":\"81560.50\",\"income\":\"-764.50\",\"withdraw\":\"0.00\",\"balance\":\"80796.00\",\"balance_date\":\"2022-06-03\",\"warehouse_id\":1,\"user_id\":1}}','2022-06-03 03:29:29','2022-06-03 03:29:29'),(2497,'default','updated','App\\Models\\Balance',34,'App\\Models\\User',1,'{\"attributes\":{\"remain\":\"81560.50\",\"income\":\"-764.50\",\"withdraw\":\"0.00\",\"balance\":\"80796.00\",\"balance_date\":\"2022-06-03\",\"warehouse_id\":1,\"user_id\":1},\"old\":{\"remain\":\"81560.50\",\"income\":\"902.50\",\"withdraw\":\"0.00\",\"balance\":\"82463.00\",\"balance_date\":\"2022-06-03\",\"warehouse_id\":1,\"user_id\":1}}','2022-06-03 03:29:59','2022-06-03 03:29:59');
/*!40000 ALTER TABLE `activity_log` ENABLE KEYS */;
UNLOCK TABLES;

--
-- Table structure for table `balances`
--

DROP TABLE IF EXISTS `balances`;
/*!40101 SET @saved_cs_client     = @@character_set_client */;
/*!50503 SET character_set_client = utf8mb4 */;
CREATE TABLE `balances` (
  `id` bigint unsigned NOT NULL AUTO_INCREMENT,
  `remain` decimal(8,2) NOT NULL,
  `income` decimal(8,2) NOT NULL,
  `withdraw` decimal(8,2) NOT NULL,
  `balance` decimal(8,2) NOT NULL,
  `balance_date` date NOT NULL,
  `warehouse_id` bigint unsigned NOT NULL,
  `user_id` bigint unsigned NOT NULL,
  `created_at` timestamp NULL DEFAULT NULL,
  `updated_at` timestamp NULL DEFAULT NULL,
  PRIMARY KEY (`id`) USING BTREE,
  KEY `balances_warehouse_id_foreign` (`warehouse_id`) USING BTREE,
  KEY `balances_user_id_foreign` (`user_id`) USING BTREE,
  CONSTRAINT `balances_user_id_foreign` FOREIGN KEY (`user_id`) REFERENCES `users` (`id`) ON DELETE RESTRICT ON UPDATE CASCADE,
  CONSTRAINT `balances_warehouse_id_foreign` FOREIGN KEY (`warehouse_id`) REFERENCES `warehouses` (`id`) ON DELETE RESTRICT ON UPDATE RESTRICT
) ENGINE=InnoDB AUTO_INCREMENT=35 DEFAULT CHARSET=utf8mb4 COLLATE=utf8mb4_unicode_ci ROW_FORMAT=DYNAMIC;
/*!40101 SET character_set_client = @saved_cs_client */;

--
-- Dumping data for table `balances`
--

LOCK TABLES `balances` WRITE;
/*!40000 ALTER TABLE `balances` DISABLE KEYS */;
INSERT INTO `balances` VALUES (2,0.00,0.00,0.00,1.00,'2022-04-26',1,1,'2022-04-26 01:49:06','2022-04-26 01:49:06'),(16,1.00,0.00,0.00,1.00,'2022-05-14',1,1,'2022-05-14 05:29:38','2022-05-14 05:29:38'),(17,1.00,8156.50,0.00,8157.50,'2022-05-15',1,1,'2022-05-15 13:49:07','2022-05-15 15:02:42'),(18,8157.50,3798.50,0.00,11956.00,'2022-05-16',1,1,'2022-05-16 03:16:12','2022-05-16 08:27:13'),(19,11956.00,5289.00,0.00,17245.00,'2022-05-17',1,1,'2022-05-17 04:01:32','2022-05-17 11:30:26'),(20,17245.00,9144.00,0.00,26389.00,'2022-05-18',1,1,'2022-05-18 07:04:38','2022-05-18 11:29:39'),(21,26389.00,5896.50,0.00,32285.50,'2022-05-20',1,1,'2022-05-20 07:45:42','2022-05-20 08:50:21'),(22,32285.50,0.00,0.00,32285.50,'2022-05-21',1,1,'2022-05-21 08:48:25','2022-05-21 08:48:25'),(23,32285.50,13322.00,0.00,45607.50,'2022-05-22',1,1,'2022-05-22 04:09:09','2022-05-22 17:00:58'),(24,45607.50,818.50,0.00,46426.00,'2022-05-23',1,1,'2022-05-23 09:47:10','2022-05-23 19:07:04'),(25,46426.00,4546.00,0.00,50972.00,'2022-05-25',1,1,'2022-05-25 08:26:59','2022-05-25 16:07:11'),(26,50972.00,6115.00,0.00,57087.00,'2022-05-26',1,1,'2022-05-26 10:28:05','2022-05-26 17:03:13'),(27,57087.00,7162.50,0.00,64249.50,'2022-05-27',1,1,'2022-05-27 09:21:40','2022-05-27 13:23:43'),(28,64249.50,6895.50,0.00,71145.00,'2022-05-28',1,1,'2022-05-28 06:13:27','2022-05-28 06:41:47'),(29,71145.00,320.00,0.00,71465.00,'2022-05-29',1,1,'2022-05-29 06:13:44','2022-05-29 06:14:16'),(30,71465.00,6100.50,0.00,77565.50,'2022-05-30',1,1,'2022-05-30 01:28:05','2022-05-30 09:13:44'),(31,77565.50,3215.00,0.00,80780.50,'2022-05-31',1,1,'2022-05-31 02:46:51','2022-05-31 09:13:08'),(32,80780.50,780.00,0.00,81560.50,'2022-06-01',1,1,'2022-06-01 02:01:14','2022-06-01 09:21:01'),(33,81560.50,0.00,0.00,81560.50,'2022-06-02',1,1,'2022-06-02 05:54:17','2022-06-02 05:54:17'),(34,81560.50,-764.50,0.00,80796.00,'2022-06-03',1,1,'2022-06-03 02:17:48','2022-06-03 03:29:59');
/*!40000 ALTER TABLE `balances` ENABLE KEYS */;
UNLOCK TABLES;

--
-- Table structure for table `brand_category`
--

DROP TABLE IF EXISTS `brand_category`;
/*!40101 SET @saved_cs_client     = @@character_set_client */;
/*!50503 SET character_set_client = utf8mb4 */;
CREATE TABLE `brand_category` (
  `id` bigint unsigned NOT NULL AUTO_INCREMENT,
  `brand_id` bigint unsigned NOT NULL,
  `category_id` bigint unsigned NOT NULL,
  PRIMARY KEY (`id`) USING BTREE,
  KEY `brand_category_brand_id_foreign` (`brand_id`) USING BTREE,
  KEY `brand_category_category_id_foreign` (`category_id`) USING BTREE,
  CONSTRAINT `brand_category_brand_id_foreign` FOREIGN KEY (`brand_id`) REFERENCES `brands` (`id`) ON DELETE CASCADE ON UPDATE RESTRICT,
  CONSTRAINT `brand_category_category_id_foreign` FOREIGN KEY (`category_id`) REFERENCES `categories` (`id`) ON DELETE CASCADE ON UPDATE RESTRICT
) ENGINE=InnoDB AUTO_INCREMENT=8 DEFAULT CHARSET=utf8mb4 COLLATE=utf8mb4_unicode_ci ROW_FORMAT=DYNAMIC;
/*!40101 SET character_set_client = @saved_cs_client */;

--
-- Dumping data for table `brand_category`
--

LOCK TABLES `brand_category` WRITE;
/*!40000 ALTER TABLE `brand_category` DISABLE KEYS */;
INSERT INTO `brand_category` VALUES (1,12,5),(2,10,5),(3,9,5),(4,4,5),(5,1,5),(6,11,5),(7,14,5);
/*!40000 ALTER TABLE `brand_category` ENABLE KEYS */;
UNLOCK TABLES;

--
-- Table structure for table `brand_product`
--

DROP TABLE IF EXISTS `brand_product`;
/*!40101 SET @saved_cs_client     = @@character_set_client */;
/*!50503 SET character_set_client = utf8mb4 */;
CREATE TABLE `brand_product` (
  `id` bigint unsigned NOT NULL AUTO_INCREMENT,
  `brand_id` bigint unsigned NOT NULL,
  `product_id` bigint unsigned NOT NULL,
  PRIMARY KEY (`id`) USING BTREE,
  KEY `brand_product_brand_id_foreign` (`brand_id`) USING BTREE,
  KEY `brand_product_product_id_foreign` (`product_id`) USING BTREE,
  CONSTRAINT `brand_product_brand_id_foreign` FOREIGN KEY (`brand_id`) REFERENCES `brands` (`id`) ON DELETE CASCADE ON UPDATE RESTRICT,
  CONSTRAINT `brand_product_product_id_foreign` FOREIGN KEY (`product_id`) REFERENCES `products` (`id`) ON DELETE CASCADE ON UPDATE RESTRICT
) ENGINE=InnoDB AUTO_INCREMENT=82 DEFAULT CHARSET=utf8mb4 COLLATE=utf8mb4_unicode_ci ROW_FORMAT=DYNAMIC;
/*!40101 SET character_set_client = @saved_cs_client */;

--
-- Dumping data for table `brand_product`
--

LOCK TABLES `brand_product` WRITE;
/*!40000 ALTER TABLE `brand_product` DISABLE KEYS */;
INSERT INTO `brand_product` VALUES (1,9,1),(2,1,43),(3,1,44),(4,1,17),(5,1,40),(6,1,39),(7,1,21),(8,1,20),(9,1,19),(10,1,18),(11,1,16),(13,1,22),(14,12,7),(15,9,45),(16,10,6),(17,10,46),(18,12,47),(22,9,51),(24,10,53),(25,14,42),(26,14,41),(27,1,23),(28,9,4),(30,9,38),(31,9,2),(33,9,25),(34,9,27),(35,9,12),(36,9,37),(37,9,3),(38,9,24),(39,9,15),(40,9,14),(41,9,28),(42,10,32),(43,9,11),(44,9,34),(45,9,5),(46,9,13),(47,12,8),(49,12,26),(50,12,10),(51,12,33),(52,12,35),(53,12,36),(54,12,9),(56,12,54),(57,12,55),(58,1,56),(59,1,57),(60,12,58),(61,9,59),(62,10,60),(63,13,61),(64,11,62),(65,11,63),(66,11,64),(67,11,65),(68,4,66),(69,4,67),(70,11,68),(71,11,69),(72,11,70),(73,11,71),(74,4,72),(75,4,73),(76,13,74),(77,13,75),(78,4,76),(79,13,77),(80,9,78),(81,9,79);
/*!40000 ALTER TABLE `brand_product` ENABLE KEYS */;
UNLOCK TABLES;

--
-- Table structure for table `brands`
--

DROP TABLE IF EXISTS `brands`;
/*!40101 SET @saved_cs_client     = @@character_set_client */;
/*!50503 SET character_set_client = utf8mb4 */;
CREATE TABLE `brands` (
  `id` bigint unsigned NOT NULL AUTO_INCREMENT,
  `name` varchar(191) CHARACTER SET utf8mb4 COLLATE utf8mb4_unicode_ci NOT NULL,
  `kh_name` varchar(191) CHARACTER SET utf8mb4 COLLATE utf8mb4_unicode_ci DEFAULT NULL,
  `description` varchar(191) CHARACTER SET utf8mb4 COLLATE utf8mb4_unicode_ci DEFAULT NULL,
  `created_at` timestamp NULL DEFAULT NULL,
  `updated_at` timestamp NULL DEFAULT NULL,
  `deleted_at` timestamp NULL DEFAULT NULL,
  PRIMARY KEY (`id`) USING BTREE
) ENGINE=InnoDB AUTO_INCREMENT=15 DEFAULT CHARSET=utf8mb4 COLLATE=utf8mb4_unicode_ci ROW_FORMAT=DYNAMIC;
/*!40101 SET character_set_client = @saved_cs_client */;

--
-- Dumping data for table `brands`
--

LOCK TABLES `brands` WRITE;
/*!40000 ALTER TABLE `brands` DISABLE KEYS */;
INSERT INTO `brands` VALUES (1,'APPLE',NULL,NULL,NULL,'2022-05-12 03:04:44',NULL),(2,'Google',NULL,NULL,NULL,NULL,NULL),(3,'HTC',NULL,NULL,NULL,NULL,NULL),(4,'HUAWEI',NULL,NULL,NULL,'2022-05-12 03:04:26',NULL),(5,'LG',NULL,NULL,NULL,NULL,NULL),(6,'Microsoft',NULL,NULL,NULL,NULL,NULL),(7,'Nokia',NULL,NULL,NULL,NULL,NULL),(8,'OnePlus',NULL,NULL,NULL,NULL,NULL),(9,'OPPO',NULL,NULL,NULL,'2022-05-12 03:03:47',NULL),(10,'REALME',NULL,NULL,NULL,'2022-05-12 03:03:38',NULL),(11,'SAMSUNG',NULL,NULL,NULL,'2022-05-12 03:03:26',NULL),(12,'VIVO',NULL,NULL,NULL,'2022-05-12 03:03:15',NULL),(13,'REDMI',NULL,NULL,NULL,'2022-05-27 12:59:35',NULL),(14,'POVA',NULL,NULL,'2022-05-04 08:45:26','2022-05-04 08:45:26',NULL);
/*!40000 ALTER TABLE `brands` ENABLE KEYS */;
UNLOCK TABLES;

--
-- Table structure for table `categories`
--

DROP TABLE IF EXISTS `categories`;
/*!40101 SET @saved_cs_client     = @@character_set_client */;
/*!50503 SET character_set_client = utf8mb4 */;
CREATE TABLE `categories` (
  `id` bigint unsigned NOT NULL AUTO_INCREMENT,
  `name` varchar(191) CHARACTER SET utf8mb4 COLLATE utf8mb4_unicode_ci NOT NULL,
  `kh_name` varchar(191) CHARACTER SET utf8mb4 COLLATE utf8mb4_unicode_ci DEFAULT NULL,
  `description` varchar(191) CHARACTER SET utf8mb4 COLLATE utf8mb4_unicode_ci DEFAULT NULL,
  `created_at` timestamp NULL DEFAULT NULL,
  `updated_at` timestamp NULL DEFAULT NULL,
  `deleted_at` timestamp NULL DEFAULT NULL,
  PRIMARY KEY (`id`) USING BTREE
) ENGINE=InnoDB AUTO_INCREMENT=6 DEFAULT CHARSET=utf8mb4 COLLATE=utf8mb4_unicode_ci ROW_FORMAT=DYNAMIC;
/*!40101 SET character_set_client = @saved_cs_client */;

--
-- Dumping data for table `categories`
--

LOCK TABLES `categories` WRITE;
/*!40000 ALTER TABLE `categories` DISABLE KEYS */;
INSERT INTO `categories` VALUES (1,'Case',NULL,NULL,NULL,NULL,NULL),(2,'Screen',NULL,NULL,NULL,NULL,NULL),(3,'Charger',NULL,NULL,NULL,NULL,NULL),(4,'Headset',NULL,NULL,NULL,NULL,NULL),(5,'LCD','',NULL,'2022-04-30 03:41:53','2022-04-30 03:41:53',NULL);
/*!40000 ALTER TABLE `categories` ENABLE KEYS */;
UNLOCK TABLES;

--
-- Table structure for table `customers`
--

DROP TABLE IF EXISTS `customers`;
/*!40101 SET @saved_cs_client     = @@character_set_client */;
/*!50503 SET character_set_client = utf8mb4 */;
CREATE TABLE `customers` (
  `id` bigint unsigned NOT NULL AUTO_INCREMENT,
  `member_id` bigint unsigned NOT NULL,
  `name` varchar(191) CHARACTER SET utf8mb4 COLLATE utf8mb4_unicode_ci NOT NULL,
  `phone` varchar(191) CHARACTER SET utf8mb4 COLLATE utf8mb4_unicode_ci NOT NULL,
  `address` varchar(191) CHARACTER SET utf8mb4 COLLATE utf8mb4_unicode_ci NOT NULL,
  `owe` double DEFAULT NULL,
  `created_at` timestamp NULL DEFAULT NULL,
  `updated_at` timestamp NULL DEFAULT NULL,
  `deleted_at` timestamp NULL DEFAULT NULL,
  PRIMARY KEY (`id`) USING BTREE,
  KEY `customers_member_id_foreign` (`member_id`) USING BTREE,
  CONSTRAINT `customers_member_id_foreign` FOREIGN KEY (`member_id`) REFERENCES `members` (`id`) ON DELETE RESTRICT ON UPDATE CASCADE
) ENGINE=InnoDB AUTO_INCREMENT=16 DEFAULT CHARSET=utf8mb4 COLLATE=utf8mb4_unicode_ci ROW_FORMAT=DYNAMIC;
/*!40101 SET character_set_client = @saved_cs_client */;

--
-- Dumping data for table `customers`
--

LOCK TABLES `customers` WRITE;
/*!40000 ALTER TABLE `customers` DISABLE KEYS */;
INSERT INTO `customers` VALUES (1,1,'Normal','00000','Phnom Penh',NULL,NULL,NULL,NULL),(2,1,'RAKSMEY','010 658585','Phnom Penh',NULL,NULL,'2022-05-14 06:14:47',NULL),(3,1,'BONG HENG','097 4468079','Kampong Cham',NULL,NULL,'2022-05-14 06:31:24',NULL),(4,1,'SAMBO','070 810001','Pursat',NULL,NULL,'2022-05-14 06:37:33',NULL),(5,1,'SOPHEAK','087 456800','Siem Reab',NULL,NULL,'2022-05-14 06:22:23',NULL),(6,1,'SOCHEATA','096 6565834','Phnom Penh',NULL,NULL,'2022-05-14 06:23:10',NULL),(7,1,'TA MACH','097 6466645','Steung Treng',NULL,NULL,'2022-05-14 06:24:56',NULL),(8,1,'PHANUN','071 4888843','Kracheh',NULL,NULL,'2022-05-14 06:26:46',NULL),(9,1,'KHHY','087 323355','Preah Vihear',NULL,NULL,'2022-05-14 06:27:55',NULL),(10,1,'BONG HONG','097 9901133','Kampong Chhnang',NULL,NULL,'2022-05-14 06:31:36',NULL),(11,1,'RATHANAK','092 737396','Kampong Cham',NULL,NULL,'2022-05-14 06:31:10',NULL),(12,1,'BUNTHAN','010 846446','Kampong Cham',NULL,NULL,'2022-05-14 06:32:31',NULL),(13,1,'BONG LONG','010 292818','Kandal',NULL,NULL,'2022-05-14 06:33:56',NULL),(14,1,'NAKHHIN','090 981877','Oddar Meanchey',NULL,NULL,'2022-05-14 06:35:28',NULL),(15,1,'BONG SOKHA','017 294949','Pursat',NULL,'2022-04-30 04:34:36','2022-05-14 06:37:04',NULL);
/*!40000 ALTER TABLE `customers` ENABLE KEYS */;
UNLOCK TABLES;

--
-- Table structure for table `failed_jobs`
--

DROP TABLE IF EXISTS `failed_jobs`;
/*!40101 SET @saved_cs_client     = @@character_set_client */;
/*!50503 SET character_set_client = utf8mb4 */;
CREATE TABLE `failed_jobs` (
  `id` bigint unsigned NOT NULL AUTO_INCREMENT,
  `uuid` varchar(191) CHARACTER SET utf8mb4 COLLATE utf8mb4_unicode_ci NOT NULL,
  `connection` text CHARACTER SET utf8mb4 COLLATE utf8mb4_unicode_ci NOT NULL,
  `queue` text CHARACTER SET utf8mb4 COLLATE utf8mb4_unicode_ci NOT NULL,
  `payload` longtext CHARACTER SET utf8mb4 COLLATE utf8mb4_unicode_ci NOT NULL,
  `exception` longtext CHARACTER SET utf8mb4 COLLATE utf8mb4_unicode_ci NOT NULL,
  `failed_at` timestamp NOT NULL DEFAULT CURRENT_TIMESTAMP,
  PRIMARY KEY (`id`) USING BTREE,
  UNIQUE KEY `failed_jobs_uuid_unique` (`uuid`) USING BTREE
) ENGINE=InnoDB DEFAULT CHARSET=utf8mb4 COLLATE=utf8mb4_unicode_ci ROW_FORMAT=DYNAMIC;
/*!40101 SET character_set_client = @saved_cs_client */;

--
-- Dumping data for table `failed_jobs`
--

LOCK TABLES `failed_jobs` WRITE;
/*!40000 ALTER TABLE `failed_jobs` DISABLE KEYS */;
/*!40000 ALTER TABLE `failed_jobs` ENABLE KEYS */;
UNLOCK TABLES;

--
-- Table structure for table `member_product`
--

DROP TABLE IF EXISTS `member_product`;
/*!40101 SET @saved_cs_client     = @@character_set_client */;
/*!50503 SET character_set_client = utf8mb4 */;
CREATE TABLE `member_product` (
  `id` bigint unsigned NOT NULL AUTO_INCREMENT,
  `product_id` bigint unsigned NOT NULL,
  `member_id` bigint unsigned NOT NULL,
  `unit_price` double NOT NULL,
  `created_at` timestamp NULL DEFAULT NULL,
  `updated_at` timestamp NULL DEFAULT NULL,
  PRIMARY KEY (`id`) USING BTREE,
  KEY `member_product_product_id_foreign` (`product_id`) USING BTREE,
  KEY `member_product_member_id_foreign` (`member_id`) USING BTREE,
  CONSTRAINT `member_product_member_id_foreign` FOREIGN KEY (`member_id`) REFERENCES `members` (`id`) ON DELETE CASCADE ON UPDATE CASCADE,
  CONSTRAINT `member_product_product_id_foreign` FOREIGN KEY (`product_id`) REFERENCES `products` (`id`) ON DELETE CASCADE ON UPDATE CASCADE
) ENGINE=InnoDB DEFAULT CHARSET=utf8mb4 COLLATE=utf8mb4_unicode_ci ROW_FORMAT=DYNAMIC;
/*!40101 SET character_set_client = @saved_cs_client */;

--
-- Dumping data for table `member_product`
--

LOCK TABLES `member_product` WRITE;
/*!40000 ALTER TABLE `member_product` DISABLE KEYS */;
/*!40000 ALTER TABLE `member_product` ENABLE KEYS */;
UNLOCK TABLES;

--
-- Table structure for table `members`
--

DROP TABLE IF EXISTS `members`;
/*!40101 SET @saved_cs_client     = @@character_set_client */;
/*!50503 SET character_set_client = utf8mb4 */;
CREATE TABLE `members` (
  `id` bigint unsigned NOT NULL AUTO_INCREMENT,
  `title` varchar(191) CHARACTER SET utf8mb4 COLLATE utf8mb4_unicode_ci NOT NULL,
  `discount` decimal(8,2) NOT NULL,
  `default` tinyint(1) DEFAULT NULL,
  `created_at` timestamp NULL DEFAULT NULL,
  `updated_at` timestamp NULL DEFAULT NULL,
  `deleted_at` timestamp NULL DEFAULT NULL,
  PRIMARY KEY (`id`) USING BTREE
) ENGINE=InnoDB AUTO_INCREMENT=2 DEFAULT CHARSET=utf8mb4 COLLATE=utf8mb4_unicode_ci ROW_FORMAT=DYNAMIC;
/*!40101 SET character_set_client = @saved_cs_client */;

--
-- Dumping data for table `members`
--

LOCK TABLES `members` WRITE;
/*!40000 ALTER TABLE `members` DISABLE KEYS */;
INSERT INTO `members` VALUES (1,'Normal Member',0.00,1,NULL,NULL,NULL);
/*!40000 ALTER TABLE `members` ENABLE KEYS */;
UNLOCK TABLES;

--
-- Table structure for table `migrations`
--

DROP TABLE IF EXISTS `migrations`;
/*!40101 SET @saved_cs_client     = @@character_set_client */;
/*!50503 SET character_set_client = utf8mb4 */;
CREATE TABLE `migrations` (
  `id` int unsigned NOT NULL AUTO_INCREMENT,
  `migration` varchar(191) CHARACTER SET utf8mb4 COLLATE utf8mb4_unicode_ci NOT NULL,
  `batch` int NOT NULL,
  PRIMARY KEY (`id`) USING BTREE
) ENGINE=InnoDB AUTO_INCREMENT=32 DEFAULT CHARSET=utf8mb4 COLLATE=utf8mb4_unicode_ci ROW_FORMAT=DYNAMIC;
/*!40101 SET character_set_client = @saved_cs_client */;

--
-- Dumping data for table `migrations`
--

LOCK TABLES `migrations` WRITE;
/*!40000 ALTER TABLE `migrations` DISABLE KEYS */;
INSERT INTO `migrations` VALUES (1,'2014_10_12_000000_create_users_table',1),(2,'2014_10_12_100000_create_password_resets_table',1),(3,'2014_10_12_200000_add_two_factor_columns_to_users_table',1),(4,'2019_08_19_000000_create_failed_jobs_table',1),(5,'2019_12_14_000001_create_personal_access_tokens_table',1),(6,'2021_08_23_142852_create_suppliers_table',1),(7,'2021_08_23_143004_create_members_table',1),(8,'2021_08_23_143005_create_customers_table',1),(9,'2021_08_23_143037_create_warehouses_table',1),(10,'2021_08_24_060655_create_sessions_table',1),(11,'2021_08_24_062106_create_roles_table',1),(12,'2021_08_24_062153_create_permissions_table',1),(13,'2021_08_24_062503_create_permission_role_pivot_table',1),(14,'2021_08_24_062513_create_role_user_pivot_table',1),(15,'2021_08_24_142620_create_brands_table',1),(16,'2021_08_24_142707_create_orders_table',1),(17,'2021_08_24_142739_create_categories_table',1),(18,'2021_08_24_142740_create_brand_category_pivote_table',1),(19,'2021_08_24_142745_create_products_table',1),(20,'2021_08_24_142746_create_order_details_table',1),(21,'2021_08_24_142818_create_transactions_table',1),(22,'2021_08_24_142910_create_purchases_table',1),(23,'2021_08_24_142928_create_purchase_details_table',1),(24,'2021_08_24_142949_create_stocks_table',1),(25,'2021_09_05_090411_create_brand_product_pivot_table',1),(26,'2021_09_09_162739_create_member_product_pivot_table',1),(27,'2021_10_21_151145_create_stock_outs_table',1),(28,'2022_01_25_141800_create_settings_table',1),(29,'2022_01_26_062900_create_activity_log_table',1),(30,'2022_01_27_014114_create_balances_table',1),(31,'2022_02_03_052420_create_profiles_table',1);
/*!40000 ALTER TABLE `migrations` ENABLE KEYS */;
UNLOCK TABLES;

--
-- Table structure for table `order_details`
--

DROP TABLE IF EXISTS `order_details`;
/*!40101 SET @saved_cs_client     = @@character_set_client */;
/*!50503 SET character_set_client = utf8mb4 */;
CREATE TABLE `order_details` (
  `id` bigint unsigned NOT NULL AUTO_INCREMENT,
  `order_id` bigint unsigned NOT NULL,
  `product_id` bigint unsigned NOT NULL,
  `quantity` decimal(8,2) NOT NULL,
  `sellprice` double NOT NULL,
  `created_at` timestamp NULL DEFAULT NULL,
  `updated_at` timestamp NULL DEFAULT NULL,
  `deleted_at` timestamp NULL DEFAULT NULL,
  PRIMARY KEY (`id`) USING BTREE,
  KEY `order_details_order_id_foreign` (`order_id`) USING BTREE,
  KEY `order_details_product_id_foreign` (`product_id`) USING BTREE,
  CONSTRAINT `order_details_order_id_foreign` FOREIGN KEY (`order_id`) REFERENCES `orders` (`id`) ON DELETE RESTRICT ON UPDATE CASCADE,
  CONSTRAINT `order_details_product_id_foreign` FOREIGN KEY (`product_id`) REFERENCES `products` (`id`) ON DELETE RESTRICT ON UPDATE CASCADE
) ENGINE=InnoDB AUTO_INCREMENT=849 DEFAULT CHARSET=utf8mb4 COLLATE=utf8mb4_unicode_ci ROW_FORMAT=DYNAMIC;
/*!40101 SET character_set_client = @saved_cs_client */;

--
-- Dumping data for table `order_details`
--

LOCK TABLES `order_details` WRITE;
/*!40000 ALTER TABLE `order_details` DISABLE KEYS */;
INSERT INTO `order_details` VALUES (417,67,3,10.00,13,'2022-05-15 14:42:54','2022-05-15 14:42:54',NULL),(418,67,10,5.00,19.5,'2022-05-15 14:42:54','2022-05-15 14:42:54',NULL),(419,67,41,5.00,20.5,'2022-05-15 14:42:54','2022-05-15 14:42:54',NULL),(420,67,39,5.00,13.5,'2022-05-15 14:42:54','2022-05-15 14:42:54',NULL),(421,67,40,5.00,13.5,'2022-05-15 14:42:54','2022-05-15 14:42:54',NULL),(422,67,35,10.00,13.5,'2022-05-15 14:42:55','2022-05-15 14:42:55',NULL),(423,67,8,10.00,14,'2022-05-15 14:42:55','2022-05-15 14:42:55',NULL),(424,67,9,20.00,12.5,'2022-05-15 14:42:55','2022-05-15 14:42:55',NULL),(425,67,7,20.00,14,'2022-05-15 14:42:55','2022-05-15 14:42:55',NULL),(426,67,51,20.00,16,'2022-05-15 14:42:55','2022-05-15 14:42:55',NULL),(427,68,28,5.00,18,'2022-05-15 14:45:49','2022-05-15 14:45:49',NULL),(428,68,27,10.00,18,'2022-05-15 14:45:49','2022-05-15 14:45:49',NULL),(429,68,2,10.00,11,'2022-05-15 14:45:49','2022-05-15 14:45:49',NULL),(430,68,3,50.00,13,'2022-05-15 14:45:49','2022-05-15 14:45:49',NULL),(431,68,7,20.00,14,'2022-05-15 14:45:49','2022-05-15 14:45:49',NULL),(432,69,7,5.00,14,'2022-05-15 14:46:47','2022-05-15 14:46:47',NULL),(433,69,27,5.00,18,'2022-05-15 14:46:47','2022-05-15 14:46:47',NULL),(434,70,5,10.00,15,'2022-05-15 14:47:30','2022-05-15 14:47:30',NULL),(435,70,4,30.00,14.5,'2022-05-15 14:47:30','2022-05-15 14:47:30',NULL),(436,71,28,3.00,18,'2022-05-15 14:49:03','2022-05-15 14:49:03',NULL),(437,71,32,5.00,14,'2022-05-15 14:49:03','2022-05-15 14:49:03',NULL),(438,71,51,5.00,16,'2022-05-15 14:49:03','2022-05-15 14:49:03',NULL),(439,71,47,3.00,17,'2022-05-15 14:49:03','2022-05-15 14:49:03',NULL),(440,71,8,5.00,14,'2022-05-15 14:49:03','2022-05-15 14:49:03',NULL),(441,72,7,10.00,14,'2022-05-15 15:01:08','2022-05-15 15:01:08',NULL),(442,72,55,10.00,15,'2022-05-15 15:01:08','2022-05-15 15:01:08',NULL),(443,72,54,10.00,15,'2022-05-15 15:01:08','2022-05-15 15:01:08',NULL),(444,72,5,10.00,15,'2022-05-15 15:01:08','2022-05-15 15:01:08',NULL),(445,72,34,10.00,16,'2022-05-15 15:01:08','2022-05-15 15:01:08',NULL),(446,72,2,30.00,11,'2022-05-15 15:01:08','2022-05-15 15:01:08',NULL),(447,72,4,30.00,14.5,'2022-05-15 15:01:08','2022-05-15 15:01:08',NULL),(448,72,18,20.00,14.5,'2022-05-15 15:01:08','2022-05-15 15:01:08',NULL),(449,72,1,7.00,13,'2022-05-15 15:01:08','2022-05-15 15:01:08',NULL),(450,72,41,5.00,20.5,'2022-05-15 15:01:08','2022-05-15 15:01:08',NULL),(451,72,39,10.00,13.5,'2022-05-15 15:01:08','2022-05-15 15:01:08',NULL),(452,72,8,30.00,14,'2022-05-15 15:01:08','2022-05-15 15:01:08',NULL),(453,72,28,10.00,18,'2022-05-15 15:01:08','2022-05-15 15:01:08',NULL),(454,72,32,30.00,14,'2022-05-15 15:01:08','2022-05-15 15:01:08',NULL),(455,73,57,2.00,43,'2022-05-15 15:02:42','2022-05-15 15:02:42',NULL),(456,73,56,2.00,36,'2022-05-15 15:02:42','2022-05-15 15:02:42',NULL),(457,73,16,10.00,41,'2022-05-15 15:02:42','2022-05-15 15:02:42',NULL),(458,73,35,10.00,13.5,'2022-05-15 15:02:42','2022-05-15 15:02:42',NULL),(459,73,23,20.00,11,'2022-05-15 15:02:42','2022-05-15 15:02:42',NULL),(460,73,22,10.00,11,'2022-05-15 15:02:42','2022-05-15 15:02:42',NULL),(461,74,16,1.00,41,'2022-05-16 03:17:46','2022-05-16 03:17:46',NULL),(462,74,33,3.00,23,'2022-05-16 03:17:46','2022-05-16 03:17:46',NULL),(463,74,8,10.00,14,'2022-05-16 03:17:46','2022-05-16 03:17:46',NULL),(464,74,7,10.00,14,'2022-05-16 03:17:46','2022-05-16 03:17:46',NULL),(465,75,54,2.00,15,'2022-05-16 04:57:10','2022-05-16 04:57:10',NULL),(466,75,55,2.00,15,'2022-05-16 04:57:10','2022-05-16 04:57:10',NULL),(467,75,23,5.00,11,'2022-05-16 04:57:10','2022-05-16 04:57:10',NULL),(468,75,16,2.00,41,'2022-05-16 04:57:10','2022-05-16 04:57:10',NULL),(469,75,18,10.00,14.5,'2022-05-16 04:57:10','2022-05-16 04:57:10',NULL),(470,75,2,10.00,11,'2022-05-16 04:57:10','2022-05-16 04:57:10',NULL),(471,75,32,10.00,14,'2022-05-16 04:57:10','2022-05-16 04:57:10',NULL),(472,75,8,10.00,14,'2022-05-16 04:57:10','2022-05-16 04:57:10',NULL),(473,75,4,10.00,14.5,'2022-05-16 04:57:10','2022-05-16 04:57:10',NULL),(474,76,16,2.00,41,'2022-05-16 06:21:03','2022-05-16 06:21:03',NULL),(475,76,17,2.00,80,'2022-05-16 06:21:03','2022-05-16 06:21:03',NULL),(476,76,57,2.00,43,'2022-05-16 06:21:03','2022-05-16 06:21:03',NULL),(477,76,9,10.00,12.5,'2022-05-16 06:21:03','2022-05-16 06:21:03',NULL),(478,76,4,10.00,14.5,'2022-05-16 06:21:03','2022-05-16 06:21:03',NULL),(479,76,3,10.00,13,'2022-05-16 06:21:03','2022-05-16 06:21:03',NULL),(480,77,45,5.00,17,'2022-05-16 08:27:13','2022-05-16 08:27:13',NULL),(481,77,46,5.00,17,'2022-05-16 08:27:13','2022-05-16 08:27:13',NULL),(482,77,47,5.00,17,'2022-05-16 08:27:13','2022-05-16 08:27:13',NULL),(483,77,58,3.00,17.5,'2022-05-16 08:27:13','2022-05-16 08:27:13',NULL),(484,77,5,5.00,15,'2022-05-16 08:27:13','2022-05-16 08:27:13',NULL),(485,77,42,3.00,22,'2022-05-16 08:27:13','2022-05-16 08:27:13',NULL),(486,77,41,5.00,19,'2022-05-16 08:27:13','2022-05-16 08:27:13',NULL),(487,77,55,5.00,15,'2022-05-16 08:27:13','2022-05-16 08:27:13',NULL),(488,77,54,5.00,15,'2022-05-16 08:27:14','2022-05-16 08:27:14',NULL),(489,77,8,10.00,14,'2022-05-16 08:27:14','2022-05-16 08:27:14',NULL),(490,77,32,10.00,14,'2022-05-16 08:27:14','2022-05-16 08:27:14',NULL),(491,77,9,10.00,12.5,'2022-05-16 08:27:14','2022-05-16 08:27:14',NULL),(492,77,4,10.00,14.5,'2022-05-16 08:27:14','2022-05-16 08:27:14',NULL),(493,77,7,20.00,14,'2022-05-16 08:27:14','2022-05-16 08:27:14',NULL),(494,77,53,20.00,14,'2022-05-16 08:27:14','2022-05-16 08:27:14',NULL),(495,78,39,10.00,13.5,'2022-05-17 04:04:01','2022-05-17 04:04:01',NULL),(496,78,40,10.00,13.5,'2022-05-17 04:04:01','2022-05-17 04:04:01',NULL),(497,78,32,20.00,14,'2022-05-17 04:04:01','2022-05-17 04:04:01',NULL),(498,78,6,20.00,16,'2022-05-17 04:04:01','2022-05-17 04:04:01',NULL),(499,78,3,40.00,13,'2022-05-17 04:04:01','2022-05-17 04:04:01',NULL),(500,78,58,10.00,17.5,'2022-05-17 04:04:01','2022-05-17 04:04:01',NULL),(501,78,53,20.00,14,'2022-05-17 04:04:01','2022-05-17 04:04:01',NULL),(502,78,13,20.00,18.5,'2022-05-17 04:04:01','2022-05-17 04:04:01',NULL),(503,78,26,20.00,15.5,'2022-05-17 04:04:01','2022-05-17 04:04:01',NULL),(504,79,44,2.00,59,'2022-05-17 04:04:25','2022-05-17 04:04:25',NULL),(505,80,24,10.00,16,'2022-05-17 10:11:50','2022-05-17 10:11:50',NULL),(506,80,6,10.00,16,'2022-05-17 10:11:50','2022-05-17 10:11:50',NULL),(507,80,2,20.00,11,'2022-05-17 10:11:50','2022-05-17 10:11:50',NULL),(508,81,16,1.00,41,'2022-05-17 10:45:11','2022-05-17 10:45:11',NULL),(509,81,11,10.00,20,'2022-05-17 10:45:11','2022-05-17 10:45:11',NULL),(510,81,38,10.00,16,'2022-05-17 10:45:11','2022-05-17 10:45:11',NULL),(511,82,53,30.00,14,'2022-05-17 11:30:26','2022-05-17 11:30:26',NULL),(512,82,44,5.00,59,'2022-05-17 11:30:26','2022-05-17 11:30:26',NULL),(513,82,18,10.00,14.5,'2022-05-17 11:30:26','2022-05-17 11:30:26',NULL),(514,82,37,10.00,21.5,'2022-05-17 11:30:26','2022-05-17 11:30:26',NULL),(515,82,26,20.00,15.5,'2022-05-17 11:30:26','2022-05-17 11:30:26',NULL),(516,82,6,20.00,16,'2022-05-17 11:30:26','2022-05-17 11:30:26',NULL),(517,83,8,5.00,14,'2022-05-18 07:05:46','2022-05-18 07:05:46',NULL),(518,83,11,5.00,20.5,'2022-05-18 07:05:46','2022-05-18 07:05:46',NULL),(519,83,6,5.00,16,'2022-05-18 07:05:46','2022-05-18 07:05:46',NULL),(520,83,9,10.00,12.5,'2022-05-18 07:05:46','2022-05-18 07:05:46',NULL),(521,84,15,2.00,15.5,'2022-05-18 09:48:36','2022-05-18 09:48:36',NULL),(522,84,2,5.00,11,'2022-05-18 09:48:36','2022-05-18 09:48:36',NULL),(523,84,28,5.00,18,'2022-05-18 09:48:36','2022-05-18 09:48:36',NULL),(524,85,27,2.00,18,'2022-05-18 09:51:10','2022-05-18 09:51:10',NULL),(525,85,32,3.00,14,'2022-05-18 09:51:10','2022-05-18 09:51:10',NULL),(526,85,28,2.00,18,'2022-05-18 09:51:10','2022-05-18 09:51:10',NULL),(527,85,7,2.00,14,'2022-05-18 09:51:10','2022-05-18 09:51:10',NULL),(528,85,4,2.00,14.5,'2022-05-18 09:51:10','2022-05-18 09:51:10',NULL),(529,85,51,2.00,16,'2022-05-18 09:51:10','2022-05-18 09:51:10',NULL),(530,86,7,20.00,14,'2022-05-18 10:48:43','2022-05-18 10:48:43',NULL),(531,86,26,30.00,15.5,'2022-05-18 10:48:43','2022-05-18 10:48:43',NULL),(532,86,6,30.00,16,'2022-05-18 10:48:43','2022-05-18 10:48:43',NULL),(533,86,51,30.00,16,'2022-05-18 10:48:43','2022-05-18 10:48:43',NULL),(534,86,11,50.00,20.5,'2022-05-18 10:48:43','2022-05-18 10:48:43',NULL),(535,86,38,50.00,16,'2022-05-18 10:48:43','2022-05-18 10:48:43',NULL),(536,87,42,10.00,22,'2022-05-18 10:52:05','2022-05-18 10:52:05',NULL),(537,87,33,10.00,23,'2022-05-18 10:52:05','2022-05-18 10:52:05',NULL),(538,87,47,10.00,17,'2022-05-18 10:52:05','2022-05-18 10:52:05',NULL),(539,87,27,10.00,18,'2022-05-18 10:52:05','2022-05-18 10:52:05',NULL),(540,87,37,10.00,21.5,'2022-05-18 10:52:05','2022-05-18 10:52:05',NULL),(541,87,11,10.00,20.5,'2022-05-18 10:52:05','2022-05-18 10:52:05',NULL),(542,87,46,20.00,17,'2022-05-18 10:52:05','2022-05-18 10:52:05',NULL),(543,87,4,20.00,14.5,'2022-05-18 10:52:05','2022-05-18 10:52:05',NULL),(544,87,32,20.00,14,'2022-05-18 10:52:05','2022-05-18 10:52:05',NULL),(545,87,9,30.00,12.5,'2022-05-18 10:52:05','2022-05-18 10:52:05',NULL),(546,87,3,30.00,13,'2022-05-18 10:52:05','2022-05-18 10:52:05',NULL),(547,87,8,30.00,14,'2022-05-18 10:52:05','2022-05-18 10:52:05',NULL),(548,87,7,30.00,14,'2022-05-18 10:52:05','2022-05-18 10:52:05',NULL),(549,87,51,30.00,16,'2022-05-18 10:52:05','2022-05-18 10:52:05',NULL),(550,88,58,2.00,17.5,'2022-05-18 11:29:39','2022-05-18 11:29:39',NULL),(551,88,13,5.00,18.5,'2022-05-18 11:29:39','2022-05-18 11:29:39',NULL),(552,88,11,10.00,20.5,'2022-05-18 11:29:40','2022-05-18 11:29:40',NULL),(553,88,26,20.00,15.5,'2022-05-18 11:29:40','2022-05-18 11:29:40',NULL),(554,89,32,10.00,14,'2022-05-20 07:48:37','2022-05-20 07:48:37',NULL),(555,89,4,13.00,14.5,'2022-05-20 07:48:37','2022-05-20 07:48:37',NULL),(556,89,8,10.00,14,'2022-05-20 07:48:37','2022-05-20 07:48:37',NULL),(557,89,7,10.00,14,'2022-05-20 07:48:37','2022-05-20 07:48:37',NULL),(558,89,3,13.00,13,'2022-05-20 07:48:37','2022-05-20 07:48:37',NULL),(559,89,9,20.00,12.5,'2022-05-20 07:48:37','2022-05-20 07:48:37',NULL),(560,89,1,15.00,13,'2022-05-20 07:48:37','2022-05-20 07:48:37',NULL),(561,90,3,10.00,13,'2022-05-20 08:00:58','2022-05-20 08:00:58',NULL),(562,90,51,10.00,16,'2022-05-20 08:00:58','2022-05-20 08:00:58',NULL),(563,90,4,10.00,14.5,'2022-05-20 08:00:58','2022-05-20 08:00:58',NULL),(564,90,33,5.00,23,'2022-05-20 08:00:58','2022-05-20 08:00:58',NULL),(565,90,27,5.00,18,'2022-05-20 08:00:58','2022-05-20 08:00:58',NULL),(566,91,55,2.00,15,'2022-05-20 08:03:07','2022-05-20 08:03:07',NULL),(567,91,54,2.00,15,'2022-05-20 08:03:07','2022-05-20 08:03:07',NULL),(568,91,13,3.00,18.5,'2022-05-20 08:03:07','2022-05-20 08:03:07',NULL),(569,91,32,10.00,14,'2022-05-20 08:03:07','2022-05-20 08:03:07',NULL),(570,91,7,10.00,14,'2022-05-20 08:03:07','2022-05-20 08:03:07',NULL),(571,91,1,10.00,13,'2022-05-20 08:03:07','2022-05-20 08:03:07',NULL),(572,91,3,10.00,13,'2022-05-20 08:03:07','2022-05-20 08:03:07',NULL),(573,91,4,20.00,14.5,'2022-05-20 08:03:07','2022-05-20 08:03:07',NULL),(574,92,22,10.00,11,'2022-05-20 08:39:50','2022-05-20 08:39:50',NULL),(575,92,34,10.00,16,'2022-05-20 08:39:50','2022-05-20 08:39:50',NULL),(576,92,9,10.00,12.5,'2022-05-20 08:39:50','2022-05-20 08:39:50',NULL),(577,92,18,20.00,14.5,'2022-05-20 08:39:50','2022-05-20 08:39:50',NULL),(578,92,53,20.00,14,'2022-05-20 08:39:50','2022-05-20 08:39:50',NULL),(579,92,2,20.00,11,'2022-05-20 08:39:50','2022-05-20 08:39:50',NULL),(580,92,32,20.00,14,'2022-05-20 08:39:50','2022-05-20 08:39:50',NULL),(581,92,1,50.00,13,'2022-05-20 08:39:50','2022-05-20 08:39:50',NULL),(582,92,33,5.00,23,'2022-05-20 08:39:50','2022-05-20 08:39:50',NULL),(583,92,38,10.00,16,'2022-05-20 08:39:50','2022-05-20 08:39:50',NULL),(584,92,26,20.00,15.5,'2022-05-20 08:39:50','2022-05-20 08:39:50',NULL),(585,92,51,10.00,16,'2022-05-20 08:39:50','2022-05-20 08:39:50',NULL),(586,93,18,2.00,14.5,'2022-05-20 08:50:21','2022-05-20 08:50:21',NULL),(587,93,43,2.00,14.5,'2022-05-20 08:50:21','2022-05-20 08:50:21',NULL),(588,93,4,5.00,14.5,'2022-05-20 08:50:21','2022-05-20 08:50:21',NULL),(589,93,27,2.00,18,'2022-05-20 08:50:21','2022-05-20 08:50:21',NULL),(590,93,34,2.00,16,'2022-05-20 08:50:21','2022-05-20 08:50:21',NULL),(591,93,5,2.00,15,'2022-05-20 08:50:21','2022-05-20 08:50:21',NULL),(592,94,38,50.00,16,'2022-05-22 04:10:40','2022-05-22 04:10:40',NULL),(593,94,40,20.00,13.5,'2022-05-22 04:10:40','2022-05-22 04:10:40',NULL),(594,94,35,5.00,13.5,'2022-05-22 04:10:40','2022-05-22 04:10:40',NULL),(595,95,6,8.00,16,'2022-05-22 04:11:34','2022-05-22 04:11:34',NULL),(596,95,47,4.00,17,'2022-05-22 04:11:34','2022-05-22 04:11:34',NULL),(597,95,26,4.00,15.5,'2022-05-22 04:11:34','2022-05-22 04:11:34',NULL),(598,96,9,20.00,12.5,'2022-05-22 04:21:09','2022-05-22 04:21:09',NULL),(599,96,32,20.00,14,'2022-05-22 04:21:09','2022-05-22 04:21:09',NULL),(600,96,2,10.00,11,'2022-05-22 04:21:09','2022-05-22 04:21:09',NULL),(601,96,5,10.00,15,'2022-05-22 04:21:09','2022-05-22 04:21:09',NULL),(602,96,34,10.00,16,'2022-05-22 04:21:09','2022-05-22 04:21:09',NULL),(603,96,28,10.00,18,'2022-05-22 04:21:09','2022-05-22 04:21:09',NULL),(604,96,27,10.00,18,'2022-05-22 04:21:09','2022-05-22 04:21:09',NULL),(605,96,4,30.00,14.5,'2022-05-22 04:21:09','2022-05-22 04:21:09',NULL),(606,96,3,20.00,13,'2022-05-22 04:21:09','2022-05-22 04:21:09',NULL),(607,96,1,30.00,13,'2022-05-22 04:21:09','2022-05-22 04:21:09',NULL),(608,96,26,20.00,15.5,'2022-05-22 04:21:09','2022-05-22 04:21:09',NULL),(609,96,11,20.00,20.5,'2022-05-22 04:21:09','2022-05-22 04:21:09',NULL),(610,96,38,20.00,16,'2022-05-22 04:21:09','2022-05-22 04:21:09',NULL),(611,96,6,20.00,16,'2022-05-22 04:21:09','2022-05-22 04:21:09',NULL),(612,96,51,20.00,16,'2022-05-22 04:21:09','2022-05-22 04:21:09',NULL),(613,97,54,10.00,15,'2022-05-22 04:23:40','2022-05-22 04:23:40',NULL),(614,97,55,10.00,15,'2022-05-22 04:23:40','2022-05-22 04:23:40',NULL),(615,97,45,10.00,17,'2022-05-22 04:23:40','2022-05-22 04:23:40',NULL),(616,97,47,10.00,17,'2022-05-22 04:23:40','2022-05-22 04:23:40',NULL),(617,97,13,10.00,18.5,'2022-05-22 04:23:40','2022-05-22 04:23:40',NULL),(618,97,53,10.00,14,'2022-05-22 04:23:40','2022-05-22 04:23:40',NULL),(619,97,36,10.00,17,'2022-05-22 04:23:40','2022-05-22 04:23:40',NULL),(620,97,35,10.00,13.5,'2022-05-22 04:23:40','2022-05-22 04:23:40',NULL),(621,97,8,30.00,14,'2022-05-22 04:23:40','2022-05-22 04:23:40',NULL),(622,97,7,20.00,14,'2022-05-22 04:23:40','2022-05-22 04:23:40',NULL),(623,98,2,10.00,11,'2022-05-22 04:25:32','2022-05-22 04:25:32',NULL),(624,98,1,20.00,13,'2022-05-22 04:25:32','2022-05-22 04:25:32',NULL),(625,99,19,3.00,14.5,'2022-05-22 04:28:45','2022-05-22 04:28:45',NULL),(626,99,40,5.00,13.5,'2022-05-22 04:28:45','2022-05-22 04:28:45',NULL),(627,99,34,5.00,16,'2022-05-22 04:28:45','2022-05-22 04:28:45',NULL),(628,99,36,5.00,17,'2022-05-22 04:28:45','2022-05-22 04:28:45',NULL),(629,99,42,3.00,22,'2022-05-22 04:28:45','2022-05-22 04:28:45',NULL),(630,99,41,5.00,19,'2022-05-22 04:28:45','2022-05-22 04:28:45',NULL),(631,99,58,5.00,17.5,'2022-05-22 04:28:45','2022-05-22 04:28:45',NULL),(632,99,13,3.00,18.5,'2022-05-22 04:28:45','2022-05-22 04:28:45',NULL),(633,99,5,2.00,15,'2022-05-22 04:28:45','2022-05-22 04:28:45',NULL),(634,99,2,10.00,11,'2022-05-22 04:28:45','2022-05-22 04:28:45',NULL),(635,99,28,10.00,18,'2022-05-22 04:28:45','2022-05-22 04:28:45',NULL),(636,99,35,10.00,13.5,'2022-05-22 04:28:45','2022-05-22 04:28:45',NULL),(637,99,8,10.00,14,'2022-05-22 04:28:45','2022-05-22 04:28:45',NULL),(638,99,1,10.00,13,'2022-05-22 04:28:45','2022-05-22 04:28:45',NULL),(639,99,7,10.00,14,'2022-05-22 04:28:45','2022-05-22 04:28:45',NULL),(640,100,23,3.00,11,'2022-05-22 04:31:43','2022-05-22 04:31:43',NULL),(641,100,22,3.00,11,'2022-05-22 04:31:43','2022-05-22 04:31:43',NULL),(642,101,8,2.00,14,'2022-05-22 04:32:36','2022-05-22 04:32:36',NULL),(643,102,6,10.00,16,'2022-05-22 04:34:05','2022-05-22 04:34:05',NULL),(644,102,38,10.00,16,'2022-05-22 04:34:05','2022-05-22 04:34:05',NULL),(645,102,51,1.00,16,'2022-05-22 04:34:05','2022-05-22 04:34:05',NULL),(646,103,16,10.00,41,'2022-05-22 04:39:03','2022-05-22 04:39:03',NULL),(647,103,34,10.00,16,'2022-05-22 04:39:03','2022-05-22 04:39:03',NULL),(648,103,5,20.00,15,'2022-05-22 04:39:03','2022-05-22 04:39:03',NULL),(649,103,33,10.00,23,'2022-05-22 04:39:03','2022-05-22 04:39:03',NULL),(650,103,7,30.00,14,'2022-05-22 04:39:03','2022-05-22 04:39:03',NULL),(651,103,9,30.00,12.5,'2022-05-22 04:39:03','2022-05-22 04:39:03',NULL),(652,103,1,50.00,13,'2022-05-22 04:39:03','2022-05-22 04:39:03',NULL),(653,104,35,2.00,13.5,'2022-05-22 17:00:07','2022-05-22 17:00:07',NULL),(654,104,55,1.00,15,'2022-05-22 17:00:07','2022-05-22 17:00:07',NULL),(655,104,54,1.00,15,'2022-05-22 17:00:07','2022-05-22 17:00:07',NULL),(656,104,37,2.00,21.5,'2022-05-22 17:00:07','2022-05-22 17:00:07',NULL),(657,104,27,2.00,18,'2022-05-22 17:00:07','2022-05-22 17:00:07',NULL),(658,104,1,5.00,13,'2022-05-22 17:00:07','2022-05-22 17:00:07',NULL),(659,104,33,6.00,23,'2022-05-22 17:00:07','2022-05-22 17:00:07',NULL),(660,104,7,5.00,14,'2022-05-22 17:00:07','2022-05-22 17:00:07',NULL),(661,104,9,15.00,12.5,'2022-05-22 17:00:07','2022-05-22 17:00:07',NULL),(662,105,1,10.00,13,'2022-05-22 17:00:58','2022-05-22 17:00:58',NULL),(663,105,11,10.00,20.5,'2022-05-22 17:00:58','2022-05-22 17:00:58',NULL),(664,105,6,10.00,16,'2022-05-22 17:00:58','2022-05-22 17:00:58',NULL),(665,106,40,5.00,13.5,'2022-05-23 15:59:52','2022-05-23 15:59:52',NULL),(666,106,10,10.00,19.5,'2022-05-23 15:59:52','2022-05-23 15:59:52',NULL),(667,106,36,10.00,17,'2022-05-23 15:59:52','2022-05-23 15:59:52',NULL),(668,107,18,8.00,14.5,'2022-05-23 19:07:04','2022-05-23 19:07:04',NULL),(669,107,7,10.00,14,'2022-05-23 19:07:04','2022-05-23 19:07:04',NULL),(670,107,1,10.00,13,'2022-05-23 19:07:04','2022-05-23 19:07:04',NULL),(671,108,47,5.00,17,'2022-05-25 08:30:15','2022-05-25 08:30:15',NULL),(672,108,10,3.00,19.5,'2022-05-25 08:30:15','2022-05-25 08:30:15',NULL),(673,108,15,2.00,15.5,'2022-05-25 08:30:15','2022-05-25 08:30:15',NULL),(674,108,14,3.00,15.5,'2022-05-25 08:30:15','2022-05-25 08:30:15',NULL),(675,108,27,3.00,18,'2022-05-25 08:30:15','2022-05-25 08:30:15',NULL),(676,108,43,5.00,14.5,'2022-05-25 08:30:15','2022-05-25 08:30:15',NULL),(677,108,58,5.00,17.5,'2022-05-25 08:30:15','2022-05-25 08:30:15',NULL),(678,108,1,10.00,13,'2022-05-25 08:30:15','2022-05-25 08:30:15',NULL),(679,108,53,10.00,14,'2022-05-25 08:30:15','2022-05-25 08:30:15',NULL),(680,108,33,10.00,23,'2022-05-25 08:30:15','2022-05-25 08:30:15',NULL),(681,108,32,10.00,14,'2022-05-25 08:30:15','2022-05-25 08:30:15',NULL),(682,108,9,10.00,12.5,'2022-05-25 08:30:15','2022-05-25 08:30:15',NULL),(683,108,4,10.00,14.5,'2022-05-25 08:30:15','2022-05-25 08:30:15',NULL),(684,109,17,2.00,80,'2022-05-25 08:32:55','2022-05-25 08:32:55',NULL),(685,109,16,5.00,41,'2022-05-25 08:32:55','2022-05-25 08:32:55',NULL),(686,109,44,5.00,59,'2022-05-25 08:32:55','2022-05-25 08:32:55',NULL),(687,109,42,2.00,22,'2022-05-25 08:32:55','2022-05-25 08:32:55',NULL),(688,109,45,5.00,17,'2022-05-25 08:32:55','2022-05-25 08:32:55',NULL),(689,109,28,5.00,18,'2022-05-25 08:32:55','2022-05-25 08:32:55',NULL),(690,109,36,5.00,17,'2022-05-25 08:32:55','2022-05-25 08:32:55',NULL),(691,109,35,5.00,13.5,'2022-05-25 08:32:55','2022-05-25 08:32:55',NULL),(692,109,2,5.00,11,'2022-05-25 08:32:55','2022-05-25 08:32:55',NULL),(693,109,7,15.00,14,'2022-05-25 08:32:55','2022-05-25 08:32:55',NULL),(694,109,13,5.00,18.5,'2022-05-25 08:32:55','2022-05-25 08:32:55',NULL),(695,109,8,15.00,14,'2022-05-25 08:32:55','2022-05-25 08:32:55',NULL),(696,110,14,10.00,15.5,'2022-05-25 08:34:08','2022-05-25 08:34:08',NULL),(697,110,5,10.00,15,'2022-05-25 08:34:08','2022-05-25 08:34:08',NULL),(698,110,4,10.00,14.5,'2022-05-25 08:34:08','2022-05-25 08:34:08',NULL),(699,110,3,10.00,13,'2022-05-25 08:34:08','2022-05-25 08:34:08',NULL),(700,111,44,5.00,59,'2022-05-25 08:39:10','2022-05-25 08:39:10',NULL),(701,111,57,4.00,43,'2022-05-25 08:39:10','2022-05-25 08:39:10',NULL),(702,111,16,5.00,41,'2022-05-25 08:39:10','2022-05-25 08:39:10',NULL),(703,112,56,2.00,36,'2022-05-25 16:07:11','2022-05-25 16:07:11',NULL),(704,112,44,2.00,59,'2022-05-25 16:07:11','2022-05-25 16:07:11',NULL),(705,112,17,2.00,80,'2022-05-25 16:07:11','2022-05-25 16:07:11',NULL),(706,113,3,10.00,12.5,'2022-05-26 10:29:11','2022-05-26 10:29:11',NULL),(707,113,16,3.00,41,'2022-05-26 10:29:11','2022-05-26 10:29:11',NULL),(708,113,26,10.00,15.5,'2022-05-26 10:29:11','2022-05-26 10:29:11',NULL),(709,113,28,10.00,18,'2022-05-26 10:29:11','2022-05-26 10:29:11',NULL),(710,113,1,10.00,12.5,'2022-05-26 10:29:11','2022-05-26 10:29:11',NULL),(711,114,2,10.00,11,'2022-05-26 11:00:10','2022-05-26 11:00:10',NULL),(712,114,8,30.00,13.8,'2022-05-26 11:00:10','2022-05-26 11:00:10',NULL),(713,114,6,30.00,16,'2022-05-26 11:00:10','2022-05-26 11:00:10',NULL),(714,114,57,2.00,43,'2022-05-26 11:00:10','2022-05-26 11:00:10',NULL),(715,114,13,10.00,18.5,'2022-05-26 11:00:10','2022-05-26 11:00:10',NULL),(716,114,19,10.00,14.5,'2022-05-26 11:00:10','2022-05-26 11:00:10',NULL),(717,114,40,10.00,13.5,'2022-05-26 11:00:10','2022-05-26 11:00:10',NULL),(718,114,53,10.00,14,'2022-05-26 11:00:10','2022-05-26 11:00:10',NULL),(719,114,27,10.00,18,'2022-05-26 11:00:10','2022-05-26 11:00:10',NULL),(720,114,4,20.00,14,'2022-05-26 11:00:10','2022-05-26 11:00:10',NULL),(721,114,26,20.00,15.5,'2022-05-26 11:00:10','2022-05-26 11:00:10',NULL),(722,114,3,2.00,12.5,'2022-05-26 11:00:10','2022-05-26 11:00:10',NULL),(723,115,12,10.00,21,'2022-05-26 13:09:34','2022-05-26 13:09:34',NULL),(724,115,24,20.00,15.5,'2022-05-26 13:09:34','2022-05-26 13:09:34',NULL),(725,116,33,1.00,23,'2022-05-26 13:34:19','2022-05-27 03:12:47','2022-05-27 03:12:47'),(726,116,32,2.00,14,'2022-05-26 13:34:19','2022-05-27 03:12:47','2022-05-27 03:12:47'),(727,116,4,2.00,14,'2022-05-26 13:34:19','2022-05-27 03:12:47','2022-05-27 03:12:47'),(728,116,7,5.00,13.8,'2022-05-26 13:34:19','2022-05-27 03:12:47','2022-05-27 03:12:47'),(729,117,38,4.00,15.5,'2022-05-26 13:41:53','2022-05-26 13:41:53',NULL),(730,117,24,4.00,15.5,'2022-05-26 13:41:53','2022-05-26 13:41:53',NULL),(731,117,9,5.00,12,'2022-05-26 13:41:53','2022-05-26 13:41:53',NULL),(732,117,1,4.00,12.5,'2022-05-26 13:41:53','2022-05-26 13:41:53',NULL),(733,118,51,20.00,15.5,'2022-05-26 16:58:53','2022-05-26 16:58:53',NULL),(734,119,51,10.00,15.5,'2022-05-26 16:59:31','2022-05-26 16:59:31',NULL),(735,120,15,5.00,15.5,'2022-05-26 17:03:13','2022-05-26 17:03:13',NULL),(736,120,14,5.00,15.5,'2022-05-26 17:03:13','2022-05-26 17:03:13',NULL),(737,120,34,5.00,16,'2022-05-26 17:03:13','2022-05-26 17:03:13',NULL),(738,120,5,5.00,15,'2022-05-26 17:03:13','2022-05-26 17:03:13',NULL),(739,120,28,10.00,18,'2022-05-26 17:03:13','2022-05-26 17:03:13',NULL),(740,120,8,20.00,13.8,'2022-05-26 17:03:13','2022-05-26 17:03:13',NULL),(741,120,32,20.00,14,'2022-05-26 17:03:13','2022-05-26 17:03:13',NULL),(742,120,7,20.00,13.8,'2022-05-26 17:03:13','2022-05-26 17:03:13',NULL),(743,120,9,19.00,12,'2022-05-26 17:03:13','2022-05-26 17:03:13',NULL),(744,116,33,1.00,23,'2022-05-27 03:12:47','2022-05-27 03:12:47',NULL),(745,116,32,2.00,14,'2022-05-27 03:12:47','2022-05-27 03:12:47',NULL),(746,116,4,2.00,14,'2022-05-27 03:12:47','2022-05-27 03:12:47',NULL),(747,116,8,5.00,13.8,'2022-05-27 03:12:47','2022-05-27 03:12:47',NULL),(748,121,17,3.00,80,'2022-05-27 13:22:38','2022-05-27 13:22:38',NULL),(749,121,44,1.00,59,'2022-05-27 13:22:38','2022-05-27 13:22:38',NULL),(750,121,34,20.00,16,'2022-05-27 13:22:38','2022-05-27 13:22:38',NULL),(751,121,36,20.00,16.5,'2022-05-27 13:22:38','2022-05-27 13:22:38',NULL),(752,121,35,30.00,13.5,'2022-05-27 13:22:38','2022-05-27 13:22:38',NULL),(753,121,23,10.00,11,'2022-05-27 13:22:38','2022-05-27 13:22:38',NULL),(754,121,22,10.00,11,'2022-05-27 13:22:38','2022-05-27 13:22:38',NULL),(755,121,39,20.00,13.5,'2022-05-27 13:22:38','2022-05-27 13:22:38',NULL),(756,121,28,20.00,18,'2022-05-27 13:22:38','2022-05-27 13:22:38',NULL),(757,121,7,45.00,13.8,'2022-05-27 13:22:38','2022-05-27 13:22:38',NULL),(758,121,26,30.00,15.5,'2022-05-27 13:22:38','2022-05-27 13:22:38',NULL),(759,121,1,50.00,12.5,'2022-05-27 13:22:38','2022-05-27 13:22:38',NULL),(760,121,3,50.00,12.5,'2022-05-27 13:22:39','2022-05-27 13:22:39',NULL),(761,121,51,20.00,15.5,'2022-05-27 13:22:39','2022-05-27 13:22:39',NULL),(762,121,6,20.00,16,'2022-05-27 13:22:39','2022-05-27 13:22:39',NULL),(763,122,8,30.00,13.8,'2022-05-27 13:23:43','2022-05-27 13:23:43',NULL),(764,122,58,5.00,17.5,'2022-05-27 13:23:43','2022-05-27 13:23:43',NULL),(765,122,33,10.00,23,'2022-05-27 13:23:43','2022-05-27 13:23:43',NULL),(766,122,38,30.00,15.5,'2022-05-27 13:23:43','2022-05-27 13:23:43',NULL),(767,122,24,20.00,15.5,'2022-05-27 13:23:43','2022-05-27 13:23:43',NULL),(768,122,41,10.00,19,'2022-05-27 13:23:43','2022-05-27 13:23:43',NULL),(769,123,33,3.00,23,'2022-05-28 06:15:01','2022-05-28 06:15:01',NULL),(770,123,39,5.00,13.5,'2022-05-28 06:15:01','2022-05-28 06:15:01',NULL),(771,123,4,10.00,14,'2022-05-28 06:15:01','2022-05-28 06:15:01',NULL),(772,123,3,20.00,12.5,'2022-05-28 06:15:01','2022-05-28 06:15:01',NULL),(773,124,53,20.00,14,'2022-05-28 06:24:41','2022-05-28 06:24:41',NULL),(774,124,28,30.00,18,'2022-05-28 06:24:41','2022-05-28 06:24:41',NULL),(775,124,32,30.00,14,'2022-05-28 06:24:41','2022-05-28 06:24:41',NULL),(776,124,1,40.00,12.5,'2022-05-28 06:24:41','2022-05-28 06:24:41',NULL),(777,124,51,50.00,15.5,'2022-05-28 06:24:41','2022-05-28 06:24:41',NULL),(778,124,5,20.00,15,'2022-05-28 06:24:41','2022-05-28 06:24:41',NULL),(779,124,60,3.00,20,'2022-05-28 06:24:41','2022-05-28 06:24:41',NULL),(780,124,59,20.00,17.5,'2022-05-28 06:24:41','2022-05-28 06:24:41',NULL),(781,124,39,30.00,13.5,'2022-05-28 06:24:41','2022-05-28 06:24:41',NULL),(782,124,12,49.00,21,'2022-05-28 06:24:41','2022-05-28 06:24:41',NULL),(783,124,3,40.00,12.5,'2022-05-28 06:24:41','2022-05-28 06:24:41',NULL),(784,124,24,50.00,15.5,'2022-05-28 06:24:41','2022-05-28 06:24:41',NULL),(785,125,68,10.00,13,'2022-05-28 06:41:47','2022-05-28 06:41:47',NULL),(786,125,43,10.00,14.5,'2022-05-28 06:41:47','2022-05-28 06:41:47',NULL),(787,125,69,10.00,16,'2022-05-28 06:41:47','2022-05-28 06:41:47',NULL),(788,126,4,5.00,14,'2022-05-29 06:14:16','2022-05-29 06:14:16',NULL),(789,126,3,20.00,12.5,'2022-05-29 06:14:16','2022-05-29 06:14:16',NULL),(790,127,22,20.00,11,'2022-05-30 01:30:32','2022-05-30 01:30:32',NULL),(791,127,23,10.00,11,'2022-05-30 01:30:32','2022-05-30 01:30:32',NULL),(792,127,65,5.00,14,'2022-05-30 01:30:32','2022-05-30 01:30:32',NULL),(793,127,71,5.00,17.5,'2022-05-30 01:30:32','2022-05-30 01:30:32',NULL),(794,127,64,5.00,17,'2022-05-30 01:30:32','2022-05-30 01:30:32',NULL),(795,127,62,5.00,18,'2022-05-30 01:30:32','2022-05-30 01:30:32',NULL),(796,127,63,5.00,16.5,'2022-05-30 01:30:32','2022-05-30 01:30:32',NULL),(797,127,69,5.00,16,'2022-05-30 01:30:32','2022-05-30 01:30:32',NULL),(798,127,68,5.00,13,'2022-05-30 01:30:32','2022-05-30 01:30:32',NULL),(799,127,67,5.00,17,'2022-05-30 01:30:32','2022-05-30 01:30:32',NULL),(800,127,13,5.00,18.5,'2022-05-30 01:30:32','2022-05-30 01:30:32',NULL),(801,127,45,5.00,17,'2022-05-30 01:30:32','2022-05-30 01:30:32',NULL),(802,127,33,5.00,23,'2022-05-30 01:30:32','2022-05-30 01:30:32',NULL),(803,127,51,20.00,15.5,'2022-05-30 01:30:32','2022-05-30 01:30:32',NULL),(804,127,2,10.00,11,'2022-05-30 01:30:32','2022-05-30 01:30:32',NULL),(805,128,26,6.00,15.5,'2022-05-30 01:39:29','2022-05-30 01:39:29',NULL),(806,128,2,20.00,11,'2022-05-30 01:39:29','2022-05-30 01:39:29',NULL),(807,128,6,30.00,16,'2022-05-30 01:39:29','2022-05-30 01:39:29',NULL),(808,128,33,20.00,23,'2022-05-30 01:39:29','2022-05-30 01:39:29',NULL),(809,128,70,10.00,16.5,'2022-05-30 01:39:29','2022-05-30 01:39:29',NULL),(810,128,71,10.00,17.5,'2022-05-30 01:39:29','2022-05-30 01:39:29',NULL),(811,128,68,10.00,13,'2022-05-30 01:39:29','2022-05-30 01:39:29',NULL),(812,128,65,10.00,14,'2022-05-30 01:39:29','2022-05-30 01:39:29',NULL),(813,128,63,10.00,16.5,'2022-05-30 01:39:29','2022-05-30 01:39:29',NULL),(814,128,62,10.00,18,'2022-05-30 01:39:29','2022-05-30 01:39:29',NULL),(815,128,64,10.00,17,'2022-05-30 01:39:29','2022-05-30 01:39:29',NULL),(816,128,72,10.00,17,'2022-05-30 01:39:29','2022-05-30 01:39:29',NULL),(817,128,73,5.00,25,'2022-05-30 01:39:29','2022-05-30 01:39:29',NULL),(818,128,67,5.00,17,'2022-05-30 01:39:29','2022-05-30 01:39:29',NULL),(819,128,69,10.00,16,'2022-05-30 01:39:29','2022-05-30 01:39:29',NULL),(820,129,24,10.00,15.5,'2022-05-30 09:13:44','2022-05-30 09:13:44',NULL),(821,129,5,6.00,15,'2022-05-30 09:13:44','2022-05-30 09:13:44',NULL),(822,129,3,100.00,12.5,'2022-05-30 09:13:44','2022-05-30 09:13:44',NULL),(823,130,4,5.00,13.5,'2022-05-31 03:32:51','2022-05-31 03:32:51',NULL),(824,130,8,10.00,13.3,'2022-05-31 03:32:51','2022-05-31 03:32:51',NULL),(825,130,8,5.00,13.3,'2022-05-31 03:32:51','2022-05-31 03:32:51',NULL),(826,130,32,10.00,13.5,'2022-05-31 03:32:51','2022-05-31 03:32:51',NULL),(827,130,1,10.00,12,'2022-05-31 03:32:51','2022-05-31 03:32:51',NULL),(828,130,3,10.00,13,'2022-05-31 03:32:51','2022-05-31 03:32:51',NULL),(829,130,9,10.00,12,'2022-05-31 03:32:51','2022-05-31 03:32:51',NULL),(830,131,60,5.00,20,'2022-05-31 03:34:42','2022-05-31 03:34:42',NULL),(831,131,11,10.00,20.5,'2022-05-31 03:34:42','2022-05-31 03:34:42',NULL),(832,131,51,10.00,15.5,'2022-05-31 03:34:42','2022-05-31 03:34:42',NULL),(833,131,12,10.00,21,'2022-05-31 03:34:42','2022-05-31 03:34:42',NULL),(834,131,6,10.00,16,'2022-05-31 03:34:42','2022-05-31 03:34:42',NULL),(835,132,8,10.00,13.8,'2022-05-31 03:39:14','2022-05-31 00:36:22',NULL),(836,133,40,20.00,13.5,'2022-05-31 07:16:19','2022-05-31 07:16:19',NULL),(837,133,3,70.00,12.5,'2022-05-31 07:16:19','2022-05-31 07:16:19',NULL),(838,134,2,30.00,11,'2022-05-31 09:13:08','2022-05-31 09:13:08',NULL),(839,135,24,20.00,15,'2022-06-01 09:21:01','2022-06-01 09:21:01',NULL),(840,135,1,20.00,12,'2022-06-01 09:21:01','2022-06-01 09:21:01',NULL),(841,135,9,20.00,12,'2022-06-01 09:21:01','2022-06-01 09:21:01',NULL),(842,136,16,3.00,40,'2022-06-03 02:20:46','2022-06-03 02:20:46',NULL),(843,136,66,5.00,24,'2022-06-03 02:20:46','2022-06-03 02:20:46',NULL),(844,136,71,5.00,17.5,'2022-06-03 02:20:46','2022-06-03 02:20:46',NULL),(845,136,8,10.00,14,'2022-06-03 02:20:46','2022-06-03 02:20:46',NULL),(846,137,55,2.00,15,'2022-06-03 03:11:09','2022-06-03 03:11:09',NULL),(847,137,54,2.00,15,'2022-06-03 03:11:09','2022-06-03 03:11:09',NULL),(848,137,3,30.00,12.5,'2022-06-03 03:11:09','2022-06-03 03:11:09',NULL);
/*!40000 ALTER TABLE `order_details` ENABLE KEYS */;
UNLOCK TABLES;

--
-- Table structure for table `orders`
--

DROP TABLE IF EXISTS `orders`;
/*!40101 SET @saved_cs_client     = @@character_set_client */;
/*!50503 SET character_set_client = utf8mb4 */;
CREATE TABLE `orders` (
  `id` bigint unsigned NOT NULL AUTO_INCREMENT,
  `invoice_id` varchar(191) CHARACTER SET utf8mb4 COLLATE utf8mb4_unicode_ci NOT NULL,
  `customer_id` bigint unsigned NOT NULL,
  `warehouse_id` bigint unsigned NOT NULL,
  `user_id` bigint unsigned NOT NULL,
  `subtotal` double NOT NULL,
  `vat` double DEFAULT NULL,
  `discount` double DEFAULT NULL,
  `grandtotal` double NOT NULL,
  `kh_grandtotal` double DEFAULT NULL,
  `receive` double DEFAULT NULL,
  `status` tinyint(3) unsigned zerofill DEFAULT NULL,
  `created_at` timestamp NULL DEFAULT NULL,
  `updated_at` timestamp NULL DEFAULT NULL,
  `deleted_at` timestamp NULL DEFAULT NULL,
  PRIMARY KEY (`id`) USING BTREE,
  UNIQUE KEY `orders_invoice_id_unique` (`invoice_id`) USING BTREE,
  KEY `orders_customer_id_foreign` (`customer_id`) USING BTREE,
  KEY `orders_warehouse_id_foreign` (`warehouse_id`) USING BTREE,
  KEY `orders_user_id_foreign` (`user_id`) USING BTREE,
  CONSTRAINT `orders_customer_id_foreign` FOREIGN KEY (`customer_id`) REFERENCES `customers` (`id`) ON DELETE RESTRICT ON UPDATE RESTRICT,
  CONSTRAINT `orders_user_id_foreign` FOREIGN KEY (`user_id`) REFERENCES `users` (`id`) ON DELETE RESTRICT ON UPDATE CASCADE,
  CONSTRAINT `orders_warehouse_id_foreign` FOREIGN KEY (`warehouse_id`) REFERENCES `warehouses` (`id`) ON DELETE RESTRICT ON UPDATE RESTRICT
) ENGINE=InnoDB AUTO_INCREMENT=138 DEFAULT CHARSET=utf8mb4 COLLATE=utf8mb4_unicode_ci ROW_FORMAT=DYNAMIC;
/*!40101 SET character_set_client = @saved_cs_client */;

--
-- Dumping data for table `orders`
--

LOCK TABLES `orders` WRITE;
/*!40000 ALTER TABLE `orders` DISABLE KEYS */;
INSERT INTO `orders` VALUES (67,'INV220515001',8,1,1,1590,0,0,1590,NULL,0,000,'2022-05-15 14:42:54','2022-05-15 14:42:54',NULL),(68,'INV220515002',11,1,1,1310,0,0,1310,NULL,0,000,'2022-05-15 14:45:49','2022-05-15 14:45:49',NULL),(69,'INV220515003',4,1,1,160,0,0,160,NULL,0,000,'2022-05-15 14:46:47','2022-05-15 14:46:47',NULL),(70,'INV220515004',4,1,1,585,0,0,585,NULL,0,000,'2022-05-15 14:47:30','2022-05-15 14:47:30',NULL),(71,'INV220515005',4,1,1,325,0,0,325,NULL,0,000,'2022-05-15 14:49:03','2022-05-15 14:49:03',NULL),(72,'INV220515006',2,1,1,3153.5,0,0,3153.5,NULL,0,000,'2022-05-15 15:01:08','2022-05-15 15:01:08',NULL),(73,'INV220515007',2,1,1,1033,0,0,1033,NULL,0,000,'2022-05-15 15:02:42','2022-05-15 15:02:42',NULL),(74,'INV220516008',3,1,1,390,0,0,390,NULL,0,000,'2022-05-16 03:17:46','2022-05-16 03:17:46',NULL),(75,'INV220516009',10,1,1,877,0,0,877,NULL,0,000,'2022-05-16 04:57:10','2022-05-16 04:57:10',NULL),(76,'INV220516010',6,1,1,728,0,0,728,NULL,0,000,'2022-05-16 06:21:03','2022-05-16 06:21:03',NULL),(77,'INV220516011',5,1,1,1803.5,0,0,1803.5,NULL,0,000,'2022-05-16 08:27:13','2022-05-16 08:27:13',NULL),(78,'INV220517012',2,1,1,2525,0,0,2525,NULL,0,000,'2022-05-17 04:04:01','2022-05-17 04:04:01',NULL),(79,'INV220517013',6,1,1,118,0,0,118,NULL,0,000,'2022-05-17 04:04:25','2022-05-17 04:04:25',NULL),(80,'INV220517014',7,1,1,540,0,0,540,NULL,0,000,'2022-05-17 10:11:50','2022-05-17 10:11:50',NULL),(81,'INV220517015',13,1,1,401,0,0,401,NULL,0,000,'2022-05-17 10:45:11','2022-05-17 10:45:11',NULL),(82,'INV220517016',9,1,1,1705,0,0,1705,NULL,0,000,'2022-05-17 11:30:26','2022-05-17 11:30:26',NULL),(83,'INV220518017',12,1,1,377.5,0,0,377.5,NULL,0,000,'2022-05-18 07:05:46','2022-05-18 07:05:46',NULL),(84,'INV220518018',4,1,1,176,0,0,176,NULL,0,000,'2022-05-18 09:48:36','2022-05-18 09:48:36',NULL),(85,'INV220518019',4,1,1,203,0,0,203,NULL,0,000,'2022-05-18 09:51:10','2022-05-18 09:51:10',NULL),(86,'INV220518020',2,1,1,3530,0,0,3530,NULL,0,000,'2022-05-18 10:48:42','2022-05-18 10:48:42',NULL),(87,'INV220518021',2,1,1,4215,0,0,4215,NULL,0,000,'2022-05-18 10:52:05','2022-05-18 10:52:05',NULL),(88,'INV220518022',7,1,1,642.5,0,0,642.5,NULL,0,000,'2022-05-18 11:29:39','2022-05-18 11:29:39',NULL),(89,'INV220520023',15,1,1,1222.5,0,0,1222.5,NULL,0,000,'2022-05-20 07:48:37','2022-05-20 07:48:37',NULL),(90,'INV220520024',10,1,1,640,0,0,640,NULL,0,000,'2022-05-20 08:00:58','2022-05-20 08:00:58',NULL),(91,'INV220520025',10,1,1,945.5,0,0,945.5,NULL,0,000,'2022-05-20 08:03:07','2022-05-20 08:03:07',NULL),(92,'INV220520026',11,1,1,2860,0,0,2860,NULL,0,000,'2022-05-20 08:39:50','2022-05-20 08:39:50',NULL),(93,'INV220520027',4,1,1,228.5,0,0,228.5,NULL,0,000,'2022-05-20 08:50:21','2022-05-20 08:50:21',NULL),(94,'INV220522028',11,1,1,1137.5,0,0,1137.5,NULL,0,000,'2022-05-22 04:10:40','2022-05-22 04:10:40',NULL),(95,'INV220522029',4,1,1,258,0,0,258,NULL,0,000,'2022-05-22 04:11:34','2022-05-22 04:11:34',NULL),(96,'INV220522030',4,1,1,4075,0,0,4075,NULL,0,000,'2022-05-22 04:21:09','2022-05-22 04:21:09',NULL),(97,'INV220522031',4,1,1,1970,0,0,1970,NULL,0,000,'2022-05-22 04:23:40','2022-05-22 04:23:40',NULL),(98,'INV220522032',13,1,1,370,0,0,370,NULL,0,000,'2022-05-22 04:25:32','2022-05-22 04:25:32',NULL),(99,'INV220522033',5,1,1,1445,0,0,1445,NULL,0,000,'2022-05-22 04:28:45','2022-05-22 04:28:45',NULL),(100,'INV220522034',5,1,1,66,0,0,66,NULL,0,000,'2022-05-22 04:31:43','2022-05-22 04:31:43',NULL),(101,'INV220522035',15,1,1,28,0,0,28,NULL,0,000,'2022-05-22 04:32:36','2022-05-22 04:32:36',NULL),(102,'INV220522036',7,1,1,336,0,0,336,NULL,0,000,'2022-05-22 04:34:05','2022-05-22 04:34:05',NULL),(103,'INV220522037',2,1,1,2545,0,0,2545,NULL,0,000,'2022-05-22 04:39:03','2022-05-22 04:39:03',NULL),(104,'INV220522038',4,1,1,596.5,0,0,596.5,NULL,0,000,'2022-05-22 17:00:07','2022-05-22 17:00:07',NULL),(105,'INV220522039',6,1,1,495,0,0,495,NULL,0,000,'2022-05-22 17:00:58','2022-05-22 17:00:58',NULL),(106,'INV220523040',6,1,1,432.5,0,0,432.5,NULL,0,000,'2022-05-23 15:59:52','2022-05-23 15:59:52',NULL),(107,'INV220523041',6,1,1,386,0,0,386,NULL,0,000,'2022-05-23 19:07:04','2022-05-23 19:07:04',NULL),(108,'INV220525042',14,1,1,1345,0,0,1345,NULL,0,000,'2022-05-25 08:30:15','2022-05-25 08:30:15',NULL),(109,'INV220525043',14,1,1,1599,0,0,1599,NULL,0,000,'2022-05-25 08:32:55','2022-05-25 08:32:55',NULL),(110,'INV220525044',6,1,1,580,0,0,580,NULL,0,000,'2022-05-25 08:34:08','2022-05-25 08:34:08',NULL),(111,'INV220525045',4,1,1,672,0,0,672,NULL,0,000,'2022-05-25 08:39:10','2022-05-25 08:39:10',NULL),(112,'INV220525046',6,1,1,350,0,0,350,NULL,0,000,'2022-05-25 16:07:11','2022-05-25 16:07:11',NULL),(113,'INV220526047',6,1,1,708,0,0,708,NULL,0,000,'2022-05-26 10:29:11','2022-05-26 10:29:11',NULL),(114,'INV220526048',2,1,1,2490,0,0,2490,NULL,0,000,'2022-05-26 11:00:10','2022-05-26 11:00:10',NULL),(115,'INV220526049',7,1,1,520,0,0,520,NULL,0,000,'2022-05-26 13:09:34','2022-05-26 13:09:34',NULL),(116,'INV220526050',15,1,1,148,0,0,148,NULL,0,000,'2022-05-26 13:34:19','2022-05-26 13:34:19',NULL),(117,'INV220526051',4,1,1,234,0,0,234,NULL,0,000,'2022-05-26 13:41:53','2022-05-26 13:41:53',NULL),(118,'INV220526052',7,1,1,310,0,0,310,NULL,0,000,'2022-05-26 16:58:53','2022-05-26 16:58:53',NULL),(119,'INV220526053',6,1,1,155,0,0,155,NULL,0,000,'2022-05-26 16:59:31','2022-05-26 16:59:31',NULL),(120,'INV220526054',11,1,1,1550,0,0,1550,NULL,0,000,'2022-05-26 17:03:13','2022-05-26 17:03:13',NULL),(121,'INV220527055',9,1,1,5170,0,0,5170,NULL,0,000,'2022-05-27 13:22:38','2022-05-27 13:22:38',NULL),(122,'INV220527056',9,1,1,1696.5,0,0,1696.5,NULL,0,000,'2022-05-27 13:23:43','2022-05-27 13:23:43',NULL),(123,'INV220528057',10,1,1,526.5,0,0,526.5,NULL,0,000,'2022-05-28 06:15:01','2022-05-28 06:15:01',NULL),(124,'INV220528058',2,1,1,5934,0,0,5934,NULL,0,000,'2022-05-28 06:24:41','2022-05-28 06:24:41',NULL),(125,'INV220528059',9,1,1,435,0,0,435,NULL,0,000,'2022-05-28 06:41:47','2022-05-28 06:41:47',NULL),(126,'INV220529060',13,1,1,320,0,0,320,NULL,0,000,'2022-05-29 06:14:16','2022-05-29 06:14:16',NULL),(127,'INV220530061',11,1,1,1687.5,0,0,1687.5,NULL,0,000,'2022-05-30 01:30:32','2022-05-30 01:30:32',NULL),(128,'INV220530062',2,1,1,2918,0,0,2918,NULL,0,000,'2022-05-30 01:39:29','2022-05-30 01:39:29',NULL),(129,'INV220530063',11,1,1,1495,0,0,1495,NULL,0,000,'2022-05-30 09:13:44','2022-05-30 09:13:44',NULL),(130,'INV220531064',4,1,1,772,0,0,772,NULL,0,000,'2022-05-31 03:32:51','2022-05-31 03:32:51',NULL),(131,'INV220531065',6,1,1,830,0,0,830,NULL,0,000,'2022-05-31 03:34:42','2022-05-31 03:34:42',NULL),(132,'INV220531066',1,1,1,138,0,0,138,NULL,0,000,'2022-05-31 03:39:14','2022-05-31 00:36:22',NULL),(133,'INV220531067',9,1,1,1145,0,0,1145,NULL,0,000,'2022-05-31 07:16:19','2022-05-31 07:16:19',NULL),(134,'INV220531068',9,1,1,330,0,0,330,NULL,0,000,'2022-05-31 09:13:08','2022-05-31 09:13:08',NULL),(135,'INV220601069',4,1,1,780,0,0,780,NULL,0,000,'2022-06-01 09:21:01','2022-06-01 09:21:01',NULL),(136,'INV220603070',6,1,1,467.5,0,0,467.5,NULL,0,000,'2022-06-03 02:20:46','2022-06-03 02:20:46',NULL),(137,'INV220603071',10,1,1,435,0,0,435,NULL,0,000,'2022-06-03 03:11:09','2022-06-03 03:11:09',NULL);
/*!40000 ALTER TABLE `orders` ENABLE KEYS */;
UNLOCK TABLES;

--
-- Table structure for table `password_resets`
--

DROP TABLE IF EXISTS `password_resets`;
/*!40101 SET @saved_cs_client     = @@character_set_client */;
/*!50503 SET character_set_client = utf8mb4 */;
CREATE TABLE `password_resets` (
  `email` varchar(191) CHARACTER SET utf8mb4 COLLATE utf8mb4_unicode_ci NOT NULL,
  `token` varchar(191) CHARACTER SET utf8mb4 COLLATE utf8mb4_unicode_ci NOT NULL,
  `created_at` timestamp NULL DEFAULT NULL,
  KEY `password_resets_email_index` (`email`) USING BTREE
) ENGINE=InnoDB DEFAULT CHARSET=utf8mb4 COLLATE=utf8mb4_unicode_ci ROW_FORMAT=DYNAMIC;
/*!40101 SET character_set_client = @saved_cs_client */;

--
-- Dumping data for table `password_resets`
--

LOCK TABLES `password_resets` WRITE;
/*!40000 ALTER TABLE `password_resets` DISABLE KEYS */;
/*!40000 ALTER TABLE `password_resets` ENABLE KEYS */;
UNLOCK TABLES;

--
-- Table structure for table `permission_role`
--

DROP TABLE IF EXISTS `permission_role`;
/*!40101 SET @saved_cs_client     = @@character_set_client */;
/*!50503 SET character_set_client = utf8mb4 */;
CREATE TABLE `permission_role` (
  `role_id` bigint unsigned NOT NULL,
  `permission_id` bigint unsigned NOT NULL,
  KEY `permission_role_role_id_foreign` (`role_id`) USING BTREE,
  KEY `permission_role_permission_id_foreign` (`permission_id`) USING BTREE,
  CONSTRAINT `permission_role_permission_id_foreign` FOREIGN KEY (`permission_id`) REFERENCES `permissions` (`id`) ON DELETE CASCADE ON UPDATE RESTRICT,
  CONSTRAINT `permission_role_role_id_foreign` FOREIGN KEY (`role_id`) REFERENCES `roles` (`id`) ON DELETE CASCADE ON UPDATE RESTRICT
) ENGINE=InnoDB DEFAULT CHARSET=utf8mb4 COLLATE=utf8mb4_unicode_ci ROW_FORMAT=DYNAMIC;
/*!40101 SET character_set_client = @saved_cs_client */;

--
-- Dumping data for table `permission_role`
--

LOCK TABLES `permission_role` WRITE;
/*!40000 ALTER TABLE `permission_role` DISABLE KEYS */;
INSERT INTO `permission_role` VALUES (1,1),(1,2),(1,3),(1,4),(1,5),(1,6),(1,7),(1,8),(2,1),(2,3),(2,4),(2,5),(2,6),(2,7),(2,8);
/*!40000 ALTER TABLE `permission_role` ENABLE KEYS */;
UNLOCK TABLES;

--
-- Table structure for table `permissions`
--

DROP TABLE IF EXISTS `permissions`;
/*!40101 SET @saved_cs_client     = @@character_set_client */;
/*!50503 SET character_set_client = utf8mb4 */;
CREATE TABLE `permissions` (
  `id` bigint unsigned NOT NULL AUTO_INCREMENT,
  `title` varchar(191) CHARACTER SET utf8mb4 COLLATE utf8mb4_unicode_ci NOT NULL,
  `created_at` timestamp NULL DEFAULT NULL,
  `updated_at` timestamp NULL DEFAULT NULL,
  `deleted_at` timestamp NULL DEFAULT NULL,
  PRIMARY KEY (`id`) USING BTREE
) ENGINE=InnoDB AUTO_INCREMENT=9 DEFAULT CHARSET=utf8mb4 COLLATE=utf8mb4_unicode_ci ROW_FORMAT=DYNAMIC;
/*!40101 SET character_set_client = @saved_cs_client */;

--
-- Dumping data for table `permissions`
--

LOCK TABLES `permissions` WRITE;
/*!40000 ALTER TABLE `permissions` DISABLE KEYS */;
INSERT INTO `permissions` VALUES (1,'product_access',NULL,NULL,NULL),(2,'user_access',NULL,NULL,NULL),(3,'category_access',NULL,NULL,NULL),(4,'brand_access',NULL,NULL,NULL),(5,'supplier_access',NULL,NULL,NULL),(6,'warehouse_access',NULL,NULL,NULL),(7,'permission_access',NULL,NULL,NULL),(8,'role_access',NULL,NULL,NULL);
/*!40000 ALTER TABLE `permissions` ENABLE KEYS */;
UNLOCK TABLES;

--
-- Table structure for table `personal_access_tokens`
--

DROP TABLE IF EXISTS `personal_access_tokens`;
/*!40101 SET @saved_cs_client     = @@character_set_client */;
/*!50503 SET character_set_client = utf8mb4 */;
CREATE TABLE `personal_access_tokens` (
  `id` bigint unsigned NOT NULL AUTO_INCREMENT,
  `tokenable_type` varchar(191) CHARACTER SET utf8mb4 COLLATE utf8mb4_unicode_ci NOT NULL,
  `tokenable_id` bigint unsigned NOT NULL,
  `name` varchar(191) CHARACTER SET utf8mb4 COLLATE utf8mb4_unicode_ci NOT NULL,
  `token` varchar(64) CHARACTER SET utf8mb4 COLLATE utf8mb4_unicode_ci NOT NULL,
  `abilities` text CHARACTER SET utf8mb4 COLLATE utf8mb4_unicode_ci,
  `last_used_at` timestamp NULL DEFAULT NULL,
  `created_at` timestamp NULL DEFAULT NULL,
  `updated_at` timestamp NULL DEFAULT NULL,
  PRIMARY KEY (`id`) USING BTREE,
  UNIQUE KEY `personal_access_tokens_token_unique` (`token`) USING BTREE,
  KEY `personal_access_tokens_tokenable_type_tokenable_id_index` (`tokenable_type`,`tokenable_id`) USING BTREE
) ENGINE=InnoDB AUTO_INCREMENT=150 DEFAULT CHARSET=utf8mb4 COLLATE=utf8mb4_unicode_ci ROW_FORMAT=DYNAMIC;
/*!40101 SET character_set_client = @saved_cs_client */;

--
-- Dumping data for table `personal_access_tokens`
--

LOCK TABLES `personal_access_tokens` WRITE;
/*!40000 ALTER TABLE `personal_access_tokens` DISABLE KEYS */;
INSERT INTO `personal_access_tokens` VALUES (45,'App\\Models\\User',1,'Apptoken','171dddf9d72f50a43ea50cdcdf96329b6c475a3996795af33a9e415d1c1f5fc5','[\"*\"]','2022-05-06 00:40:13','2022-05-06 00:39:46','2022-05-06 00:40:13'),(46,'App\\Models\\User',1,'Apptoken','5f09fff4d79c04b6a72ffe6053a29b96deb04ac3729b91b8c9d81523369d2d8e','[\"*\"]','2022-05-06 00:40:52','2022-05-06 00:40:27','2022-05-06 00:40:52'),(47,'App\\Models\\User',1,'Apptoken','9c70cef4391dd36c47d6fef15a2a31c09319df799ef90cceafc4f5fc4303d470','[\"*\"]','2022-05-06 01:56:53','2022-05-06 00:40:55','2022-05-06 01:56:53'),(48,'App\\Models\\User',1,'Apptoken','e0fd09eb7fe0c6782e676565611c7e7b516db44599751c6be88185ce88ca1828','[\"*\"]','2022-05-06 04:24:00','2022-05-06 04:23:23','2022-05-06 04:24:00'),(49,'App\\Models\\User',1,'Apptoken','0440bb0ae53d193d1fca18f13dcbd5d1157de62ba8c9ae4a368b3e8d0beaeb6c','[\"*\"]','2022-05-07 01:11:33','2022-05-07 00:45:12','2022-05-07 01:11:33'),(50,'App\\Models\\User',1,'Apptoken','2df6e189addfeb581169b37b12a02ee2a4d8509745bbc656e69c351d67b08f12','[\"*\"]','2022-05-07 21:22:57','2022-05-07 21:22:20','2022-05-07 21:22:57'),(51,'App\\Models\\User',1,'Apptoken','9177df129c035865a65bb34ca8b1f807ac2ea2e3423bc1723201154bcb08c8bf','[\"*\"]','2022-05-11 08:08:40','2022-05-11 05:15:01','2022-05-11 08:08:40'),(52,'App\\Models\\User',1,'Apptoken','790dee167ea6a5296b37e8f73dd271c49a6aa8c05c300b9410256730039ec667','[\"*\"]','2022-05-11 07:26:57','2022-05-11 07:26:45','2022-05-11 07:26:57'),(53,'App\\Models\\User',1,'Apptoken','48d9da5bd85c017655eb49944cf064c0cfda5e825283240f329f7307a9dbfe91','[\"*\"]','2022-05-12 03:36:15','2022-05-12 01:07:48','2022-05-12 03:36:15'),(54,'App\\Models\\User',1,'Apptoken','16b0b9cf1bd1e6eda57b4dbdc7ab42fde1343663c7cb0b9f9bb6a36aa008090e','[\"*\"]',NULL,'2022-05-13 01:46:29','2022-05-13 01:46:29'),(55,'App\\Models\\User',1,'Apptoken','8e6a3eb6edd0cc3907c3966e8030de44f6aec113f8a8f52f62a089d11f7f3291','[\"*\"]','2022-05-13 01:46:43','2022-05-13 01:46:31','2022-05-13 01:46:43'),(56,'App\\Models\\User',1,'Apptoken','d5ccf974f0bd8f412ac1efcc556f500a6fc24005005eed356fcda95c77895e72','[\"*\"]','2022-05-13 02:03:52','2022-05-13 01:46:57','2022-05-13 02:03:52'),(57,'App\\Models\\User',1,'Apptoken','bb8b629f0c2e8ea4c2f8b2f9106276bdbab303faad6ea3e052f242eca1885861','[\"*\"]','2022-05-13 02:22:42','2022-05-13 02:17:56','2022-05-13 02:22:42'),(58,'App\\Models\\User',1,'Apptoken','bc55c86ad44bdf0d55988caf36fe87504f9a50735076ef7bbf8a46a7d454b9aa','[\"*\"]','2022-05-13 08:05:57','2022-05-13 08:05:13','2022-05-13 08:05:57'),(59,'App\\Models\\User',1,'Apptoken','cf2e204b43d76478e019de72bd1b9471f76f8ff20f940f34aed485c5f46a8c73','[\"*\"]','2022-05-13 13:38:41','2022-05-13 13:38:14','2022-05-13 13:38:41'),(60,'App\\Models\\User',1,'Apptoken','fb902d7d7c36d23df03a1a4bca18fe1304a99c794f88b8a55f6446bb856d4988','[\"*\"]','2022-05-13 14:34:51','2022-05-13 13:39:05','2022-05-13 14:34:51'),(61,'App\\Models\\User',1,'Apptoken','f375471fa618a8d138796726f3831d7be17975a60b58881a8b7811e14efcdce6','[\"*\"]','2022-05-14 05:31:30','2022-05-14 05:06:25','2022-05-14 05:31:30'),(62,'App\\Models\\User',1,'Apptoken','8d6a6ebcd6c28e704ceb23a31e298b48211b5dbfb4eef383719987dca46a9d2a','[\"*\"]','2022-05-14 06:37:48','2022-05-14 05:46:42','2022-05-14 06:37:48'),(63,'App\\Models\\User',1,'Apptoken','10b7c6e440cf269161d30d330401d3616b769ec99e633fc6cc1c3b8faa8282bd','[\"*\"]','2022-05-14 10:48:28','2022-05-14 09:10:48','2022-05-14 10:48:28'),(64,'App\\Models\\User',1,'Apptoken','4ff134926d87f1b1f3f3577a9a443218c95564ceb786682602cdee8d78576f0d','[\"*\"]','2022-05-15 00:45:40','2022-05-15 00:45:34','2022-05-15 00:45:40'),(65,'App\\Models\\User',1,'Apptoken','bcb27e5552f7e6957438737f9d13deb1fd241616338057a37fb7b19cde6d3629','[\"*\"]','2022-05-15 13:48:22','2022-05-15 13:35:11','2022-05-15 13:48:22'),(66,'App\\Models\\User',1,'Apptoken','7eba64fa56926031f8fe3b704ea26ef16f52459b71f397f7ae4688f12d5db082','[\"*\"]','2022-05-15 15:05:06','2022-05-15 13:48:59','2022-05-15 15:05:06'),(67,'App\\Models\\User',1,'Apptoken','a855b9e7afb3a998200737f95e917e44e53ac9a0b3cdd2ee0d463e7928fd2ab5','[\"*\"]','2022-05-16 00:43:59','2022-05-16 00:42:29','2022-05-16 00:43:59'),(68,'App\\Models\\User',1,'Apptoken','a812a846b419d50966deeee04355a0ec06dc19d3da2d953584bbecf29cb788f5','[\"*\"]','2022-05-16 08:03:51','2022-05-16 02:30:07','2022-05-16 08:03:51'),(69,'App\\Models\\User',1,'Apptoken','3e4a94a75c19cada5518a26e5ffe61ab701f3a8381caf25686f2bbbfc766f983','[\"*\"]','2022-05-16 08:31:46','2022-05-16 08:04:28','2022-05-16 08:31:46'),(70,'App\\Models\\User',1,'Apptoken','e4c07793b6034dec3397008cfc97943e323f44ea8e1dd813ae4952a1f1f54aa2','[\"*\"]','2022-05-17 09:00:27','2022-05-17 03:52:43','2022-05-17 09:00:27'),(71,'App\\Models\\User',1,'Apptoken','1a8bf0c9e583c2ace7eadf7573a628840f1a402cc7e11f9821cdf81793ccd5b5','[\"*\"]','2022-05-17 10:45:11','2022-05-17 09:00:45','2022-05-17 10:45:11'),(72,'App\\Models\\User',1,'Apptoken','55794f4cd6d18d51571a92a9599ca1eb675e56ecfa28d6570d9da022b5829d30','[\"*\"]','2022-05-17 11:30:26','2022-05-17 11:29:03','2022-05-17 11:30:26'),(73,'App\\Models\\User',1,'Apptoken','169800239785a8dfff516c650bb14bc56ad07dbfc870f8b379dcfd9b94459338','[\"*\"]','2022-05-18 01:14:04','2022-05-18 01:13:58','2022-05-18 01:14:04'),(74,'App\\Models\\User',1,'Apptoken','8dcdc8f3840fbabd8dc708134716ffdbc05e765db10f5220ccc4b75db1004286','[\"*\"]','2022-05-18 09:51:10','2022-05-18 05:36:50','2022-05-18 09:51:10'),(75,'App\\Models\\User',1,'Apptoken','f50b4b7445b14ae74bdd3804b8fafcfce61f553926560a756f5162a6f80dbb16','[\"*\"]','2022-05-18 10:52:28','2022-05-18 10:45:29','2022-05-18 10:52:28'),(76,'App\\Models\\User',1,'Apptoken','e293f96d567431c4c3933b5ab26f20e3201506476a2691c5eec2a31a2e089efe','[\"*\"]','2022-05-18 11:29:56','2022-05-18 11:28:38','2022-05-18 11:29:56'),(77,'App\\Models\\User',1,'Apptoken','2efd2f9db1e8caeadef43bb4e72e46d345e5147f977474b258e24791cb772ad1','[\"*\"]',NULL,'2022-05-19 02:14:36','2022-05-19 02:14:36'),(78,'App\\Models\\User',1,'Apptoken','f0f2ad6c0748c26d4eaad822bb1186fab5fa84efc52044359157e1fc6049a294','[\"*\"]','2022-05-19 02:14:45','2022-05-19 02:14:37','2022-05-19 02:14:45'),(79,'App\\Models\\User',1,'Apptoken','309e3b0a0ba00d831a6b0b100a160ac7cfaea013ae3612d2bf5cc9b691b3245f','[\"*\"]','2022-05-19 13:00:43','2022-05-19 12:58:52','2022-05-19 13:00:43'),(80,'App\\Models\\User',1,'Apptoken','2d25e16b065fc06ac292ea4e2a0d4c7a02e6f470055914d7e0ef96e831e18e5f','[\"*\"]','2022-05-19 22:52:53','2022-05-19 22:52:44','2022-05-19 22:52:53'),(81,'App\\Models\\User',1,'Apptoken','caeccf938d6caaab5d34b3a49eb5e38a72e4fb7281795e6f80bad7762cbe84f6','[\"*\"]','2022-05-20 09:14:38','2022-05-20 01:47:34','2022-05-20 09:14:38'),(82,'App\\Models\\User',1,'Apptoken','000284035a614f8d1fbdc8d7a5b18c0373eed1dc38d71e5c3c7a6e327b15a66a','[\"*\"]','2022-05-21 04:24:00','2022-05-21 04:23:55','2022-05-21 04:24:00'),(83,'App\\Models\\User',1,'Apptoken','657c5a41e10bfa62fc2b74f8d7f0bf8ca77e5453a92b5def456954a93a439930','[\"*\"]','2022-05-21 08:48:28','2022-05-21 08:48:14','2022-05-21 08:48:28'),(84,'App\\Models\\User',1,'Apptoken','5935bc90af7534c75b6713d003184942b6bd052e7d3eb9f0b4e2622d7a68933d','[\"*\"]','2022-05-21 09:06:22','2022-05-21 08:53:57','2022-05-21 09:06:22'),(85,'App\\Models\\User',1,'Apptoken','150d261024dff56f2914f0231e8984ef3fc9c5cd21bde2d21e8280787bb01d6c','[\"*\"]','2022-05-22 04:46:02','2022-05-22 04:08:03','2022-05-22 04:46:02'),(86,'App\\Models\\User',1,'Apptoken','74529402cfb30b634aba1a8da783785baa63deed010226f90f441ac564776713','[\"*\"]','2022-05-22 13:35:01','2022-05-22 13:04:07','2022-05-22 13:35:01'),(87,'App\\Models\\User',1,'Apptoken','164143a90ab34430adf604fb747d63bfa58bc8c2a2fd948f8430f86b5bb7b7d9','[\"*\"]','2022-05-22 13:09:03','2022-05-22 13:08:45','2022-05-22 13:09:03'),(88,'App\\Models\\User',1,'Apptoken','338852cf3b56f2eb9e753180ed1c717f18c6ec3e22c331cb95e904c33f15194a','[\"*\"]','2022-05-22 13:14:21','2022-05-22 13:14:05','2022-05-22 13:14:21'),(89,'App\\Models\\User',1,'Apptoken','169ae2583d493aaa4a6bc7a4bc84ac327e1884cce461dc4d85554a7e49737859','[\"*\"]','2022-05-22 13:18:53','2022-05-22 13:17:09','2022-05-22 13:18:53'),(90,'App\\Models\\User',1,'Apptoken','bfa15d9a93d73d1d474d0178c133b7df6014059d3ea54aeabb9bab4ad6a3e813','[\"*\"]','2022-05-22 13:20:33','2022-05-22 13:20:28','2022-05-22 13:20:33'),(91,'App\\Models\\User',1,'Apptoken','d427ded6b17c8f2df275eb3e2dfa96bdabee22d0131bb4c282ee8f40060d2f87','[\"*\"]','2022-05-22 17:44:26','2022-05-22 13:39:26','2022-05-22 17:44:26'),(92,'App\\Models\\User',1,'Apptoken','a2814fa4f602c070d168cd0e63085efc7a29444de93ec127fbe99b16c521420a','[\"*\"]','2022-05-22 16:26:27','2022-05-22 16:20:59','2022-05-22 16:26:27'),(93,'App\\Models\\User',1,'Apptoken','ea872b1dfcbf325866de03acdb0371190d632772f87c033c4635fb63779cf809','[\"*\"]','2022-05-22 17:01:07','2022-05-22 16:30:55','2022-05-22 17:01:07'),(94,'App\\Models\\User',1,'Apptoken','5f1f9dbbfcf3e71991455258977c89406ba5ac6a83dda3f521969d38db26c246','[\"*\"]','2022-05-23 09:52:45','2022-05-23 09:17:14','2022-05-23 09:52:45'),(95,'App\\Models\\User',1,'Apptoken','02576fac87f9543ad74388563b07c1cf30ca315a956d6d450ee3485586441712','[\"*\"]','2022-05-23 15:59:52','2022-05-23 13:26:01','2022-05-23 15:59:52'),(96,'App\\Models\\User',1,'Apptoken','400bccce69f141d3f95c46ae14ee4b0972574d86740e1f6b9184ee04ef4f4f9f','[\"*\"]','2022-05-23 19:14:09','2022-05-23 18:52:28','2022-05-23 19:14:09'),(97,'App\\Models\\User',1,'Apptoken','bdc7565a24b8446823089fc6a9e31cca7cd2bf638a03649ef381f36b0acaa67b','[\"*\"]','2022-05-23 19:07:18','2022-05-23 19:02:42','2022-05-23 19:07:18'),(98,'App\\Models\\User',1,'Apptoken','3abc855a3d8e0304bb43e22741af54c512567c6c1e63bb4d40ef3c4f72f85c5e','[\"*\"]','2022-05-23 19:13:50','2022-05-23 19:13:46','2022-05-23 19:13:50'),(99,'App\\Models\\User',1,'Apptoken','a88780ddc0d8ea6f7fb4f53d7788dccad736efaa8b23ca56dc8ab9fd6451656b','[\"*\"]','2022-05-24 10:16:48','2022-05-24 09:19:46','2022-05-24 10:16:48'),(100,'App\\Models\\User',1,'Apptoken','4b1465ee65a74fca45b336ef91a6e1fd78425f6ce791088f209fe3b46958df5e','[\"*\"]','2022-05-24 18:40:17','2022-05-24 18:40:09','2022-05-24 18:40:17'),(101,'App\\Models\\User',1,'Apptoken','a9bbc1b163112fd87e6064447c80455a8333e3cf3fe8adc94065ad79438c4a37','[\"*\"]','2022-05-25 08:54:19','2022-05-25 07:27:12','2022-05-25 08:54:19'),(102,'App\\Models\\User',1,'Apptoken','03650f843ddd6d970147962b8c88d8c2260eca965d1278f30216277c4fbe9a3a','[\"*\"]','2022-05-25 13:22:19','2022-05-25 11:47:48','2022-05-25 13:22:19'),(103,'App\\Models\\User',1,'Apptoken','6272b845b2cbd86fc61fd7232217b03cee71f21f0b3bdd3c4ec2ac2039c0e8b8','[\"*\"]','2022-05-25 13:25:55','2022-05-25 13:24:35','2022-05-25 13:25:55'),(104,'App\\Models\\User',1,'Apptoken','8434e9dfcf13ace12a2655fbbf313266c29b568f3c7acc3956c72f0a4533231c','[\"*\"]','2022-05-25 16:46:12','2022-05-25 15:55:35','2022-05-25 16:46:12'),(105,'App\\Models\\User',1,'Apptoken','d2a59fbbd4b1dccc786ecdb4166f8dfccb67fce72eabcb8e5f45e64418c60e3d','[\"*\"]','2022-05-25 21:27:26','2022-05-25 20:06:28','2022-05-25 21:27:26'),(106,'App\\Models\\User',1,'Apptoken','e05b931412b9279c0a3e9daea9ce93e956cb8eb4af23c0017eb82e54934f8aca','[\"*\"]','2022-05-25 21:43:13','2022-05-25 20:15:11','2022-05-25 21:43:13'),(107,'App\\Models\\User',1,'Apptoken','87d71d9007503b14798d3c80e1ecd06da6bb89484d8725f05c8d60016ae4850c','[\"*\"]','2022-05-26 11:01:31','2022-05-26 10:27:57','2022-05-26 11:01:31'),(108,'App\\Models\\User',1,'Apptoken','fe59786015467a330dc4bc729ac95066b98bda92ab02812255d428976aa5f62e','[\"*\"]','2022-05-26 11:56:48','2022-05-26 11:56:32','2022-05-26 11:56:48'),(109,'App\\Models\\User',1,'Apptoken','32faa3f835a50c1e4f5d19caa462ef5075480da7ce0b48c0b7cd8165cc7874f5','[\"*\"]','2022-05-26 12:41:20','2022-05-26 12:40:56','2022-05-26 12:41:20'),(110,'App\\Models\\User',1,'Apptoken','8881aebee1aa5468e42f2150afa46df659122cc06b00d94c46e8d8db8210ca39','[\"*\"]','2022-05-26 13:46:39','2022-05-26 13:08:42','2022-05-26 13:46:39'),(111,'App\\Models\\User',1,'Apptoken','c7b2e4b288f268777cb010deaf37831d4fbb3faecd79bf4b51588497b0e03e6e','[\"*\"]','2022-05-26 13:47:36','2022-05-26 13:46:24','2022-05-26 13:47:36'),(112,'App\\Models\\User',1,'Apptoken','aa799e2c10d3c36b36390cc5c0633b43af919db0ef610294f25dbb6d16fc6a7a','[\"*\"]','2022-05-26 14:28:56','2022-05-26 14:25:30','2022-05-26 14:28:56'),(113,'App\\Models\\User',1,'Apptoken','0ad7f240fe3c1dd57861a9f880ea02962ac6c816803ae34f6c2c18ffa2934f91','[\"*\"]','2022-05-26 17:07:01','2022-05-26 16:52:12','2022-05-26 17:07:01'),(114,'App\\Models\\User',1,'Apptoken','674e7a44877dff800bfa8025422b347df5f2b7e78f7194fcbc519401a4ac2bb7','[\"*\"]','2022-05-26 20:26:59','2022-05-26 20:23:57','2022-05-26 20:26:59'),(115,'App\\Models\\User',1,'Apptoken','e3507f5c009784019af7436685b30ceff14ee8d919fcdde7771e74522df969cc','[\"*\"]','2022-05-27 09:25:05','2022-05-27 08:43:19','2022-05-27 09:25:05'),(116,'App\\Models\\User',1,'Apptoken','c8adce7e09a95187acbd3c9146d158fccbf37a49f2b53adfde380f0a59182009','[\"*\"]','2022-05-27 03:07:38','2022-05-27 02:50:48','2022-05-27 03:07:38'),(117,'App\\Models\\User',1,'Apptoken','22e9f956514cbad185844bb84e458a6ed8ea302312391d179277ad33cffc0096','[\"*\"]','2022-05-27 03:12:47','2022-05-27 03:08:14','2022-05-27 03:12:47'),(118,'App\\Models\\User',1,'Apptoken','fd2d3ec4cb156aae46e652ed693f1cbb7ac9c2c0a6ae08711f82ac763a34690a','[\"*\"]','2022-05-27 10:16:27','2022-05-27 10:15:07','2022-05-27 10:16:27'),(119,'App\\Models\\User',1,'Apptoken','099f9553592495fce0aab24210b20f1f449bb403bd77391ebd1b0cbeab8f4f95','[\"*\"]','2022-05-27 11:46:33','2022-05-27 11:46:19','2022-05-27 11:46:33'),(120,'App\\Models\\User',1,'Apptoken','99aaa3791d4a24c6ddc410a8bbdce5dad5d7aa8453709e28fa7ed6f92720b438','[\"*\"]','2022-05-27 13:24:11','2022-05-27 12:49:57','2022-05-27 13:24:11'),(121,'App\\Models\\User',1,'Apptoken','5a231319b422633d1524a1ada23a0b4f9e06848f4d2e634bcda362e522a8847b','[\"*\"]','2022-05-27 13:27:51','2022-05-27 12:53:10','2022-05-27 13:27:51'),(122,'App\\Models\\User',1,'Apptoken','5f68d0491a9d3325ab265961931eb9f8fbb4b49a107f29b5e160aca9fed8a2a1','[\"*\"]','2022-05-28 00:45:42','2022-05-28 00:45:38','2022-05-28 00:45:42'),(123,'App\\Models\\User',1,'Apptoken','24ed32bb4af8097ca93ec828aa98bbbc13e862e97adda3df430c369f132d5efa','[\"*\"]','2022-05-28 06:54:42','2022-05-28 05:30:38','2022-05-28 06:54:42'),(124,'App\\Models\\User',1,'Apptoken','6940e288bf7bfb89076c3dc989e04eb12a74ec3cef6859b9dc2ec852c641e6d4','[\"*\"]','2022-05-28 06:54:50','2022-05-28 06:52:08','2022-05-28 06:54:50'),(125,'App\\Models\\User',1,'Apptoken','89a8911c5eb1ccb434c964fa4f5c48e407cfcbb8aeb0ab2adcbdf6d472d60a28','[\"*\"]','2022-05-28 14:30:40','2022-05-28 14:30:32','2022-05-28 14:30:40'),(126,'App\\Models\\User',1,'Apptoken','29ffe340f3e9868aaa88589fe4e680612ee4e4aea235d063181356477a6b737f','[\"*\"]','2022-05-29 06:39:47','2022-05-29 06:07:49','2022-05-29 06:39:47'),(127,'App\\Models\\User',1,'Apptoken','c558e0d16a8ee3f5f4fa93c4700743cbff6aa66007b31c57f0912d5a6b75f172','[\"*\"]','2022-05-29 14:09:09','2022-05-29 14:08:49','2022-05-29 14:09:09'),(128,'App\\Models\\User',1,'Apptoken','f7d136e936d8b70060a17b4523858ff21142c9690ad60deffa6fa187b103192f','[\"*\"]','2022-05-30 02:08:46','2022-05-30 01:20:13','2022-05-30 02:08:46'),(129,'App\\Models\\User',1,'Apptoken','1f5698b81582d86b2d86f637e5f2222acf8faf694e70bd5ca395de390c1f819d','[\"*\"]','2022-05-30 02:21:03','2022-05-30 02:20:59','2022-05-30 02:21:03'),(130,'App\\Models\\User',1,'Apptoken','6c1467a597f6743faf6e531b684a7da5825dec75fb663eed209e6a7e182b2647','[\"*\"]','2022-05-30 10:52:33','2022-05-30 06:33:37','2022-05-30 10:52:33'),(131,'App\\Models\\User',1,'Apptoken','d3bec1b6e81b08d65af8902eed9139086b1aa41630604bad1f40109798edb10b','[\"*\"]','2022-05-30 13:51:09','2022-05-30 13:50:21','2022-05-30 13:51:09'),(132,'App\\Models\\User',1,'Apptoken','6ea7fb39b5c3ce6acd8983debb14688e30216ec0af7bb7d2aef891b6fcf44056','[\"*\"]','2022-05-31 03:49:39','2022-05-31 01:02:51','2022-05-31 03:49:39'),(133,'App\\Models\\User',1,'Apptoken','6f111715a079d92654773c248d77d50f5cd97cfb5e43bd15b21115305b7b3bfd','[\"*\"]','2022-05-31 08:05:26','2022-05-31 07:09:13','2022-05-31 08:05:26'),(134,'App\\Models\\User',1,'Apptoken','3292a073d391ca8f72eb1e515c3eeabf021793fd05587b01ffe064a78b6e71f4','[\"*\"]','2022-05-31 07:10:47','2022-05-31 07:09:43','2022-05-31 07:10:47'),(135,'App\\Models\\User',1,'Apptoken','d9668522e5cb0516f8e490af693219f5a314c5d20ee05c8227cf3d41c0869f71','[\"*\"]','2022-05-31 00:36:22','2022-05-31 00:34:21','2022-05-31 00:36:22'),(136,'App\\Models\\User',1,'Apptoken','a715386c5748f8f95eac933cc056c6fbca58361f7ed5c05b042be028c84e3465','[\"*\"]','2022-05-31 08:00:54','2022-05-31 08:00:15','2022-05-31 08:00:54'),(137,'App\\Models\\User',1,'Apptoken','3b8fc700f102ceec205205fa739265095e6073dedb1862f27c83feeaea4528c3','[\"*\"]','2022-05-31 09:25:34','2022-05-31 08:56:16','2022-05-31 09:25:34'),(138,'App\\Models\\User',1,'Apptoken','21cc10e3f7fbe8e98e962f7f8613343c687219411ebfeffdcaa52cb35338574f','[\"*\"]','2022-05-31 10:37:38','2022-05-31 10:37:25','2022-05-31 10:37:38'),(139,'App\\Models\\User',1,'Apptoken','82b29b0c49c103b5a73ec6a2219bb55d97f471f9ec4aa7397de93dcd7167c9c0','[\"*\"]','2022-06-01 09:21:18','2022-06-01 01:58:33','2022-06-01 09:21:18'),(140,'App\\Models\\User',1,'Apptoken','cdb5c648220ff258d09c46e03647cd20f499b249bd769be1eef69a7cc8bc9a1d','[\"*\"]','2022-06-01 04:12:24','2022-06-01 02:24:46','2022-06-01 04:12:24'),(141,'App\\Models\\User',1,'Apptoken','4603c756a9ebad702bf4b3eb1ed469c4f1f6111049e2c82f22459f02181ec4e8','[\"*\"]',NULL,'2022-06-01 13:01:27','2022-06-01 13:01:27'),(142,'App\\Models\\User',1,'Apptoken','5c6fdd7bf365f51cb656e7dba5f8290e0bcf592ab69e10b50fd626d0a82fc758','[\"*\"]','2022-06-02 02:01:08','2022-06-02 02:01:04','2022-06-02 02:01:08'),(143,'App\\Models\\User',1,'Apptoken','a3a477a3678f3656f0c78bd50f03835902e43fce72be16a17c498ee0b93aac4a','[\"*\"]','2022-06-02 05:54:24','2022-06-02 05:54:07','2022-06-02 05:54:24'),(144,'App\\Models\\User',1,'Apptoken','bc864f13d127f3b11bfdea4539c0df23792f6f7692125c1b1a695a4756f18207','[\"*\"]',NULL,'2022-06-02 07:09:00','2022-06-02 07:09:00'),(145,'App\\Models\\User',1,'Apptoken','7bc0917c9f476b4f19dc452aa6c9d782c9a0a2611f732d9ae831342e7e4d5fa9','[\"*\"]','2022-06-02 09:14:24','2022-06-02 07:09:18','2022-06-02 09:14:24'),(146,'App\\Models\\User',1,'Apptoken','53520b5918b61e778ec38f75c9cbb4962d88c992d06e6d5a2f968d2c37a51640','[\"*\"]','2022-06-03 03:25:09','2022-06-03 02:17:40','2022-06-03 03:25:09'),(147,'App\\Models\\User',1,'Apptoken','4f860ea17a764b945a19d570f007208850545f2b2c041848e98c5e4f3482064b','[\"*\"]','2022-06-03 03:37:13','2022-06-03 03:23:03','2022-06-03 03:37:13'),(148,'App\\Models\\User',1,'Apptoken','039b217271deaa9df0454a7528503c8396bfcaf928b16226d8d0d3f62ef6b2f9','[\"*\"]','2022-06-03 03:29:29','2022-06-03 03:24:05','2022-06-03 03:29:29'),(149,'App\\Models\\User',1,'Apptoken','e7164334740edf66ae6f176ec080bfbb75be49ff4d71a44661271ee159b62304','[\"*\"]','2022-06-03 03:30:46','2022-06-03 03:29:40','2022-06-03 03:30:46');
/*!40000 ALTER TABLE `personal_access_tokens` ENABLE KEYS */;
UNLOCK TABLES;

--
-- Table structure for table `products`
--

DROP TABLE IF EXISTS `products`;
/*!40101 SET @saved_cs_client     = @@character_set_client */;
/*!50503 SET character_set_client = utf8mb4 */;
CREATE TABLE `products` (
  `id` bigint unsigned NOT NULL AUTO_INCREMENT,
  `category_id` bigint unsigned NOT NULL,
  `code` varchar(191) CHARACTER SET utf8mb4 COLLATE utf8mb4_unicode_ci NOT NULL,
  `tag` varchar(191) CHARACTER SET utf8mb4 COLLATE utf8mb4_unicode_ci DEFAULT NULL,
  `en_name` varchar(191) CHARACTER SET utf8mb4 COLLATE utf8mb4_unicode_ci NOT NULL,
  `kh_name` varchar(191) CHARACTER SET utf8mb4 COLLATE utf8mb4_unicode_ci NOT NULL,
  `description` varchar(191) CHARACTER SET utf8mb4 COLLATE utf8mb4_unicode_ci DEFAULT NULL,
  `image` varchar(191) CHARACTER SET utf8mb4 COLLATE utf8mb4_unicode_ci DEFAULT NULL,
  `sale_price` double NOT NULL,
  `created_at` timestamp NULL DEFAULT NULL,
  `updated_at` timestamp NULL DEFAULT NULL,
  `deleted_at` timestamp NULL DEFAULT NULL,
  PRIMARY KEY (`id`) USING BTREE,
  UNIQUE KEY `products_code_unique` (`code`) USING BTREE,
  UNIQUE KEY `products_en_name_unique` (`en_name`) USING BTREE,
  KEY `products_category_id_foreign` (`category_id`) USING BTREE,
  CONSTRAINT `products_category_id_foreign` FOREIGN KEY (`category_id`) REFERENCES `categories` (`id`) ON DELETE CASCADE ON UPDATE RESTRICT
) ENGINE=InnoDB AUTO_INCREMENT=80 DEFAULT CHARSET=utf8mb4 COLLATE=utf8mb4_unicode_ci ROW_FORMAT=DYNAMIC;
/*!40101 SET character_set_client = @saved_cs_client */;

--
-- Dumping data for table `products`
--

LOCK TABLES `products` WRITE;
/*!40000 ALTER TABLE `products` DISABLE KEYS */;
INSERT INTO `products` VALUES (1,5,'316466814841','a3s','A3S','LCD OPPO','undefined','1651156393.jpg',13,'2022-04-13 07:59:33','2022-06-01 03:53:43',NULL),(2,5,'571501119594','a1k','A1K','LCD OPPO','undefined','no image created',11.5,'2022-04-13 08:00:23','2022-06-01 03:53:23',NULL),(3,5,'908601349849','a5s','A5S','LCD OPPO','undefined','no image created',13,'2022-04-13 08:00:52','2022-06-01 02:34:41',NULL),(4,5,'908601349850','a15','A15','LCD OPPO','undefined','no image created',14,'2022-04-13 08:00:52','2022-05-25 20:58:35',NULL),(5,5,'908601349851','f9','F9','LCD OPPO','undefined','no image created',17,'2022-04-13 08:00:52','2022-06-02 09:10:53',NULL),(6,5,'908601349852','c3 ori','C3 ORI','LCD REALME','undefined','no image created',16,'2022-04-13 08:00:52','2022-05-15 14:31:24',NULL),(7,5,'908601349853','y12','Y12 no ic','LCD VIVO','undefined','no image created',15,'2022-04-13 08:00:52','2022-06-01 04:04:50',NULL),(8,5,'908601349854','y12s','Y12S','LCD VIVO','undefined','no image created',14,'2022-04-13 08:00:52','2022-06-01 03:57:05',NULL),(9,5,'908601349855','y91','Y91','LCD VIVO','undefined','no image created',12.5,'2022-04-13 08:00:52','2022-06-01 02:37:52',NULL),(10,5,'908601349856','y19','Y19','LCD VIVO','undefined','no image created',19.5,'2022-04-13 08:00:52','2022-05-15 14:33:24',NULL),(11,5,'908601349857','f11pro ori','F11PRO ORI','LCD OPPO','undefined','no image created',20.5,'2022-04-13 08:00:52','2022-05-17 10:07:28',NULL),(12,5,'908601349858','a53 ori','A53 ORI','LCD OPPO','undefined','no image created',21,'2022-04-13 08:00:52','2022-05-12 02:34:11',NULL),(13,5,'908601349859','reno2f','RENO2F','LCD OPPO','undefined','no image created',18.5,'2022-04-13 08:00:52','2022-05-16 06:36:57',NULL),(14,5,'908601349860','a83 w','A83 W','LCD OPPO','undefined','no image created',15.5,'2022-04-13 08:00:52','2022-05-12 02:36:01',NULL),(15,5,'908601349861','a83 b','A83 B','LCD OPPO','undefined','no image created',15.5,'2022-04-13 08:00:52','2022-05-12 02:35:40',NULL),(16,5,'908601349862','x gx','X GX','LCD IPHONE','undefined','no image created',40,'2022-04-13 08:00:52','2022-06-01 03:51:37',NULL),(17,5,'908601349863','11pro max gx','11PRO MAX GX','LCD IPHONE','undefined','no image created',75,'2022-04-13 08:00:52','2022-06-01 03:49:33',NULL),(18,5,'908601349864','7p b','7P B','LCD IPHONE','undefined','no image created',13.5,'2022-04-13 08:00:52','2022-06-02 09:04:26',NULL),(19,5,'908601349865','8p w','8P W','LCD IPHONE','undefined','no image created',14.5,'2022-04-13 08:00:52','2022-05-12 02:25:37',NULL),(20,5,'908601349866','8p b','8P B','LCD IPHONE','undefined','no image created',14.5,'2022-04-13 08:00:52','2022-05-12 02:25:26',NULL),(21,5,'908601349867','6sp w','6SP W','LCD IPHONE','undefined','no image created',14,'2022-04-13 08:00:52','2022-05-12 02:23:05',NULL),(22,5,'908601349868','6g w','6G W','LCD IPHONE','undefined','no image created',10.5,'2022-04-13 08:00:52','2022-06-01 04:09:04',NULL),(23,5,'908601349869','6g b','6G B','LCD IPHONE','undefined','no image created',10.5,'2022-04-13 08:00:52','2022-06-01 04:08:57',NULL),(24,5,'908601349870','a5s ori','A5S ORI','LCD OPPO','undefined','no image created',15.5,'2022-04-13 08:00:52','2022-05-25 20:52:14',NULL),(25,5,'908601349871','a52 ori','A52 ORI','LCD OPPO','undefined','no image created',19.5,'2022-04-13 08:00:52','2022-05-12 02:33:35',NULL),(26,5,'908601349872','y12s ori','Y12S ORI','LCD VIVO','undefined','no image created',15,'2022-04-13 08:00:52','2022-06-01 04:11:21',NULL),(27,5,'908601349873','a53','A53','LCD OPPO','undefined','no image created',18,'2022-04-13 08:00:52','2022-05-15 14:30:29',NULL),(28,5,'908601349874','f11pro','F11PRO','LCD OPPO','undefined','no image created',18,'2022-04-13 08:00:52','2022-05-12 02:57:50',NULL),(32,5,'908601349878','c3','C3','LCD REALME','undefined','no image created',14,'2022-04-13 08:00:52','2022-05-12 02:40:22',NULL),(33,5,'908601349879','y30 ori','Y30 ORI','LCD VIVO','undefined','no image created',23,'2022-04-13 08:00:52','2022-05-15 14:34:01',NULL),(34,5,'908601349880','f7','F7','LCD OPPO','undefined','no image created',16,'2022-04-01 02:25:50','2022-05-15 14:31:48',NULL),(35,5,'908601349881','y81','Y81','LCD VIVO','undefined','no image created',13.5,'2022-04-01 02:25:50','2022-05-15 14:34:15',NULL),(36,5,'908601349882','y85','Y85','LCD VIVO','undefined','no image created',16.5,'2022-04-01 02:25:50','2022-05-25 21:02:35',NULL),(37,5,'908601349883','a54 ori','A54 ORI','LCD OPPO','undefined','no image created',21.5,'2022-04-01 02:25:50','2022-05-12 02:34:41',NULL),(38,5,'908601349884','a15 ori','A15 ORI','LCD OPPO','undefined','no image created',15.5,'2022-04-01 02:25:50','2022-05-25 20:59:08',NULL),(39,5,'908601349885','6p w','6P W','LCD IPHONE','undefined','no image created',13,'2022-04-01 02:25:50','2022-06-01 02:33:09',NULL),(40,5,'908601349886','6p b','6P B','LCD IPHONE','undefined','no image created',13,'2022-04-01 02:25:50','2022-06-01 02:32:57',NULL),(41,5,'908601349887','pova1','POVA1','LCD POVA','undefined','no image created',19,'2022-04-01 02:25:50','2022-05-16 08:30:30',NULL),(42,5,'908601349888','pova2','POVA2','LCD POVA','undefined','no image created',21,'2022-04-01 02:25:50','2022-06-01 03:55:01',NULL),(43,5,'143565364348','7p w','7P W','LCD IPHONE','null','no image created',13.5,'2022-04-30 02:43:18','2022-06-02 09:04:33',NULL),(44,5,'441083965829','xs max oled','Xs MAX OLED','LCD IPHONE','undefined','no image created',59,'2022-04-30 02:44:54','2022-05-16 06:37:08',NULL),(45,5,'108960149410','A16','A16','LCD OPPO','null','no image created',17,'2022-05-04 01:02:00','2022-05-15 14:20:30',NULL),(46,5,'680278947227','C11 2021','C11 2021','LCD REALME','null','no image created',17,'2022-05-04 01:16:26','2022-05-12 02:36:57',NULL),(47,5,'163793124994','Y21','Y21','LCD VIVO','undefined','no image created',17,'2022-05-04 01:17:45','2022-05-12 02:47:44',NULL),(51,5,'409509970859','A3S ORI','A3S ORI','LCD OPPO','undefined','no image created',15.5,'2022-05-04 01:31:56','2022-05-25 20:51:19',NULL),(53,5,'672931669645','C15','C15','LCD REALME','undefined','no image created',14,'2022-05-04 08:41:15','2022-05-16 06:36:07',NULL),(54,5,'597519322139',NULL,'Y71 B','LCD VIVO',NULL,'no image created',15,'2022-05-15 13:40:34','2022-05-15 13:40:34',NULL),(55,5,'700595761489',NULL,'Y71 W','LCD VIVO',NULL,'no image created',15,'2022-05-15 13:54:19','2022-05-15 13:54:19',NULL),(56,5,'134068185103',NULL,'Xs JK','LCD IPHONE','undefined','no image created',35,'2022-05-15 13:56:19','2022-06-01 03:52:29',NULL),(57,5,'119454641103',NULL,'11 JK','LCD IPHONE','undefined','no image created',40,'2022-05-15 13:57:06','2022-06-01 03:49:17',NULL),(58,5,'509358742384',NULL,'S1','LCD VIVO','undefined','no image created',17.5,'2022-05-16 06:33:57','2022-05-16 06:33:57',NULL),(59,5,'310235118327',NULL,'A52','LCD OPPO','null','no image created',17.5,'2022-05-25 20:21:52','2022-05-25 20:51:36',NULL),(60,5,'293823743516',NULL,'6','LCD REALME','undefined','no image created',20,'2022-05-25 20:23:31','2022-05-25 20:46:46',NULL),(61,5,'555254924564',NULL,'6A B','LCD REDMI','null','no image created',11,'2022-05-27 13:02:45','2022-05-28 06:37:28',NULL),(62,5,'478248065370',NULL,'A11','LCD SAMSUNG','undefined','no image created',18,'2022-05-27 13:04:06','2022-05-28 06:37:46',NULL),(63,5,'232976910064',NULL,'A02S','LCD SAMSUNG','undefined','no image created',16.5,'2022-05-27 13:04:42','2022-05-28 06:38:05',NULL),(64,5,'412014077396',NULL,'A21S','LCD SAMSUNG','undefined','no image created',17,'2022-05-27 13:05:05','2022-05-28 06:38:18',NULL),(65,5,'124142271060',NULL,'J4P','LCD SAMSUNG','undefined','no image created',14,'2022-05-27 13:05:32','2022-05-28 06:38:32',NULL),(66,5,'122598239646',NULL,'Y9 2019','LCD HUAWEI','undefined','no image created',24,'2022-05-27 13:06:34','2022-05-28 06:38:49',NULL),(67,5,'244312071129',NULL,'Y6P','LCD HUAWEI','undefined','no image created',17,'2022-05-27 13:07:12','2022-05-28 06:39:01',NULL),(68,5,'302371121307',NULL,'A10','LCD SAMSUNG','undefined','no image created',13,'2022-05-27 13:07:32','2022-05-28 06:39:17',NULL),(69,5,'989791238864',NULL,'A12','LCD SAMSUNG','undefined','no image created',16,'2022-05-27 13:07:48','2022-05-28 06:39:29',NULL),(70,5,'780385962419',NULL,'A20S','LCD SAMSUNG','undefined','no image created',16.5,'2022-05-27 13:08:11','2022-05-28 06:39:42',NULL),(71,5,'444525050465',NULL,'A30','LCD SAMSUNG','undefined','no image created',17.5,'2022-05-27 13:08:32','2022-05-28 06:39:54',NULL),(72,5,'576587595348',NULL,'NOVA 3I','LCD HUAWEI','undefined','no image created',17,'2022-05-27 13:09:05','2022-05-28 06:40:12',NULL),(73,5,'679240813902',NULL,'Y9 PRIME 2019','LCD HUAWEI','undefined','no image created',25,'2022-05-27 13:09:58','2022-05-28 06:40:29',NULL),(74,5,'620778408385',NULL,'5A B','LCD REDMI','null','no image created',10.5,'2022-06-01 02:18:20','2022-06-01 02:18:47',NULL),(75,5,'524861938062',NULL,'5A W','LCD REDMI',NULL,'no image created',10.5,'2022-06-01 02:19:19','2022-06-01 02:19:19',NULL),(76,5,'101785298376',NULL,'Y7P','LCD HUAWEI','undefined','no image created',18,'2022-06-01 02:20:15','2022-06-01 02:20:15',NULL),(77,5,'852285171074',NULL,'6A W','LCD REDMI','undefined','no image created',11,'2022-06-01 02:20:44','2022-06-01 02:20:44',NULL),(78,5,'910950650494',NULL,'RENO3','LCD OPPO','null','no image created',19.5,'2022-06-01 03:30:41','2022-06-02 09:11:24',NULL),(79,5,'776199425599',NULL,'RENO4','LCD OPPO','undefined','no image created',45,'2022-06-01 03:31:13','2022-06-01 03:31:13',NULL);
/*!40000 ALTER TABLE `products` ENABLE KEYS */;
UNLOCK TABLES;

--
-- Table structure for table `profiles`
--

DROP TABLE IF EXISTS `profiles`;
/*!40101 SET @saved_cs_client     = @@character_set_client */;
/*!50503 SET character_set_client = utf8mb4 */;
CREATE TABLE `profiles` (
  `id` bigint unsigned NOT NULL AUTO_INCREMENT,
  `user_id` bigint unsigned NOT NULL,
  `warehouse_id` bigint unsigned DEFAULT NULL,
  `firstname` varchar(191) CHARACTER SET utf8mb4 COLLATE utf8mb4_unicode_ci DEFAULT NULL,
  `lastname` varchar(191) CHARACTER SET utf8mb4 COLLATE utf8mb4_unicode_ci DEFAULT NULL,
  `gender` varchar(191) CHARACTER SET utf8mb4 COLLATE utf8mb4_unicode_ci DEFAULT NULL,
  `occupation` varchar(191) CHARACTER SET utf8mb4 COLLATE utf8mb4_unicode_ci DEFAULT NULL,
  `phone` varchar(191) CHARACTER SET utf8mb4 COLLATE utf8mb4_unicode_ci DEFAULT NULL,
  `email` varchar(191) CHARACTER SET utf8mb4 COLLATE utf8mb4_unicode_ci DEFAULT NULL,
  `birthdate` date DEFAULT NULL,
  `address` varchar(191) CHARACTER SET utf8mb4 COLLATE utf8mb4_unicode_ci DEFAULT NULL,
  `image` varchar(191) CHARACTER SET utf8mb4 COLLATE utf8mb4_unicode_ci DEFAULT NULL,
  `active` tinyint(1) DEFAULT NULL,
  `created_at` timestamp NULL DEFAULT NULL,
  `updated_at` timestamp NULL DEFAULT NULL,
  PRIMARY KEY (`id`) USING BTREE,
  KEY `profiles_user_id_foreign` (`user_id`) USING BTREE,
  CONSTRAINT `profiles_user_id_foreign` FOREIGN KEY (`user_id`) REFERENCES `users` (`id`) ON DELETE RESTRICT ON UPDATE CASCADE
) ENGINE=InnoDB AUTO_INCREMENT=2 DEFAULT CHARSET=utf8mb4 COLLATE=utf8mb4_unicode_ci ROW_FORMAT=DYNAMIC;
/*!40101 SET character_set_client = @saved_cs_client */;

--
-- Dumping data for table `profiles`
--

LOCK TABLES `profiles` WRITE;
/*!40000 ALTER TABLE `profiles` DISABLE KEYS */;
INSERT INTO `profiles` VALUES (1,1,1,NULL,NULL,NULL,NULL,NULL,NULL,NULL,NULL,NULL,NULL,NULL,NULL);
/*!40000 ALTER TABLE `profiles` ENABLE KEYS */;
UNLOCK TABLES;

--
-- Table structure for table `purchase_details`
--

DROP TABLE IF EXISTS `purchase_details`;
/*!40101 SET @saved_cs_client     = @@character_set_client */;
/*!50503 SET character_set_client = utf8mb4 */;
CREATE TABLE `purchase_details` (
  `id` bigint unsigned NOT NULL AUTO_INCREMENT,
  `purchase_id` bigint unsigned NOT NULL,
  `product_id` bigint unsigned NOT NULL,
  `unitprice` decimal(8,2) NOT NULL,
  `quantity` decimal(8,2) NOT NULL,
  `created_at` timestamp NULL DEFAULT NULL,
  `updated_at` timestamp NULL DEFAULT NULL,
  `deleted_at` timestamp NULL DEFAULT NULL,
  PRIMARY KEY (`id`) USING BTREE,
  KEY `purchase_details_purchase_id_foreign` (`purchase_id`) USING BTREE,
  KEY `purchase_details_product_id_foreign` (`product_id`) USING BTREE,
  CONSTRAINT `purchase_details_product_id_foreign` FOREIGN KEY (`product_id`) REFERENCES `products` (`id`) ON DELETE RESTRICT ON UPDATE CASCADE,
  CONSTRAINT `purchase_details_purchase_id_foreign` FOREIGN KEY (`purchase_id`) REFERENCES `purchases` (`id`) ON DELETE RESTRICT ON UPDATE CASCADE
) ENGINE=InnoDB AUTO_INCREMENT=183 DEFAULT CHARSET=utf8mb4 COLLATE=utf8mb4_unicode_ci ROW_FORMAT=DYNAMIC;
/*!40101 SET character_set_client = @saved_cs_client */;

--
-- Dumping data for table `purchase_details`
--

LOCK TABLES `purchase_details` WRITE;
/*!40000 ALTER TABLE `purchase_details` DISABLE KEYS */;
INSERT INTO `purchase_details` VALUES (63,17,17,67.50,10.00,'2022-05-14 05:21:18','2022-05-14 05:21:18',NULL),(64,17,23,9.50,0.00,'2022-05-14 05:21:18','2022-05-14 05:21:18',NULL),(65,17,22,9.50,0.00,'2022-05-14 05:21:18','2022-05-14 05:21:18',NULL),(66,17,40,12.00,55.00,'2022-05-14 05:21:18','2022-05-14 05:21:18',NULL),(67,17,39,12.00,25.00,'2022-05-14 05:21:18','2022-05-14 05:21:18',NULL),(68,17,21,12.50,17.00,'2022-05-14 05:21:18','2022-05-14 05:21:18',NULL),(69,17,18,12.80,70.00,'2022-05-14 05:21:18','2022-05-14 05:21:18',NULL),(70,17,43,0.00,70.00,'2022-05-14 05:21:18','2022-05-14 05:21:18',NULL),(71,17,20,12.80,28.00,'2022-05-14 05:21:18','2022-05-14 05:21:18',NULL),(72,17,19,12.80,27.00,'2022-05-14 05:21:18','2022-05-14 05:21:18',NULL),(73,17,4,13.00,0.00,'2022-05-14 05:21:18','2022-05-14 05:21:18',NULL),(74,17,38,16.00,0.00,'2022-05-14 05:21:18','2022-05-14 05:21:18',NULL),(75,17,45,15.40,0.00,'2022-05-14 05:21:18','2022-05-14 05:21:18',NULL),(76,17,2,10.00,0.00,'2022-05-14 05:21:18','2022-05-14 05:21:18',NULL),(77,17,1,11.30,7.00,'2022-05-14 05:21:18','2022-05-14 05:21:18',NULL),(78,17,51,14.60,128.00,'2022-05-14 05:21:18','2022-05-14 05:21:18',NULL),(79,17,25,17.70,0.00,'2022-05-14 05:21:18','2022-05-14 05:21:18',NULL),(80,17,27,16.70,0.00,'2022-05-14 05:21:18','2022-05-14 05:21:18',NULL),(81,17,12,19.20,0.00,'2022-05-14 05:21:18','2022-05-14 05:21:18',NULL),(82,17,37,19.00,105.00,'2022-05-14 05:21:18','2022-05-14 05:21:18',NULL),(83,17,3,11.30,195.00,'2022-05-14 05:21:18','2022-05-14 05:21:18',NULL),(84,17,24,18.40,0.00,'2022-05-14 05:21:18','2022-05-14 05:21:18',NULL),(85,17,15,13.70,52.00,'2022-05-14 05:21:18','2022-05-14 05:21:18',NULL),(86,17,14,13.70,65.00,'2022-05-14 05:21:18','2022-05-14 05:21:18',NULL),(87,17,46,14.50,32.00,'2022-05-14 05:21:18','2022-05-14 05:21:18',NULL),(88,17,32,12.00,512.00,'2022-05-14 05:21:18','2022-05-14 05:21:18',NULL),(89,17,6,16.30,279.00,'2022-05-14 05:21:18','2022-05-14 05:21:18',NULL),(90,17,28,15.30,30.00,'2022-05-14 05:21:18','2022-05-14 05:21:18',NULL),(91,17,11,19.50,0.00,'2022-05-14 05:21:18','2022-05-14 05:21:18',NULL),(92,17,34,14.30,0.00,'2022-05-14 05:21:18','2022-05-14 05:21:18',NULL),(93,17,5,15.80,0.00,'2022-05-14 05:21:18','2022-05-14 05:21:18',NULL),(94,17,41,18.00,11.00,'2022-05-14 05:21:18','2022-05-14 05:21:18',NULL),(95,17,42,19.50,20.00,'2022-05-14 05:21:18','2022-05-14 05:21:18',NULL),(96,17,13,20.00,0.00,'2022-05-14 05:21:18','2022-05-14 05:21:18',NULL),(97,17,16,34.60,0.00,'2022-05-14 05:21:18','2022-05-14 05:21:18',NULL),(98,17,44,0.00,0.00,'2022-05-14 05:21:18','2022-05-14 05:21:18',NULL),(99,17,7,13.30,12.00,'2022-05-14 05:21:18','2022-05-14 05:21:18',NULL),(100,17,8,13.00,392.00,'2022-05-14 05:21:18','2022-05-14 05:21:18',NULL),(101,17,26,0.00,0.00,'2022-05-14 05:21:18','2022-05-14 05:21:18',NULL),(102,17,10,18.00,73.00,'2022-05-14 05:21:18','2022-05-14 05:21:18',NULL),(103,17,47,14.80,65.00,'2022-05-14 05:21:18','2022-05-14 05:21:18',NULL),(104,17,33,21.50,3.00,'2022-05-14 05:21:18','2022-05-14 05:21:18',NULL),(105,17,35,11.50,0.00,'2022-05-14 05:21:18','2022-05-14 05:21:18',NULL),(106,17,36,15.00,90.00,'2022-05-14 05:21:18','2022-05-14 05:21:18',NULL),(107,17,9,11.00,209.00,'2022-05-14 05:21:18','2022-05-14 05:21:18',NULL),(108,18,54,13.00,30.00,'2022-05-15 13:51:59','2022-05-15 13:51:59',NULL),(109,19,2,9.50,200.00,'2022-05-15 14:00:35','2022-05-15 14:00:35',NULL),(110,20,33,20.50,100.00,'2022-05-15 14:15:54','2022-05-15 14:15:54',NULL),(111,20,55,13.00,30.00,'2022-05-15 14:15:54','2022-05-15 14:15:54',NULL),(112,20,4,12.00,300.00,'2022-05-15 14:15:54','2022-05-15 14:15:54',NULL),(113,20,5,12.00,100.00,'2022-05-15 14:15:54','2022-05-15 14:15:54',NULL),(114,20,34,14.00,100.00,'2022-05-15 14:15:54','2022-05-15 14:15:54',NULL),(115,20,45,14.50,50.00,'2022-05-15 14:15:54','2022-05-15 14:15:54',NULL),(116,20,27,15.60,200.00,'2022-05-15 14:15:54','2022-05-15 14:15:54',NULL),(117,20,7,12.90,300.00,'2022-05-15 14:15:54','2022-05-15 14:15:54',NULL),(118,20,28,15.80,100.00,'2022-05-15 14:15:54','2022-05-15 14:15:54',NULL),(119,20,35,10.90,100.00,'2022-05-15 14:15:54','2022-05-15 14:15:54',NULL),(120,20,22,8.90,100.00,'2022-05-15 14:15:54','2022-05-15 14:15:54',NULL),(121,20,23,8.90,100.00,'2022-05-15 14:15:54','2022-05-15 14:15:54',NULL),(122,20,16,34.00,50.00,'2022-05-15 14:15:54','2022-05-15 14:15:54',NULL),(123,20,56,31.00,10.00,'2022-05-15 14:15:54','2022-05-15 14:15:54',NULL),(124,20,57,32.00,10.00,'2022-05-15 14:15:54','2022-05-15 14:15:54',NULL),(125,21,41,16.40,50.00,'2022-05-16 06:32:57','2022-05-16 06:32:57',NULL),(126,21,53,11.80,150.00,'2022-05-16 06:32:57','2022-05-16 06:32:57',NULL),(127,21,26,13.40,200.00,'2022-05-16 06:32:57','2022-05-16 06:32:57',NULL),(128,21,13,16.00,100.00,'2022-05-16 06:32:57','2022-05-16 06:32:57',NULL),(129,21,44,52.00,20.00,'2022-05-16 06:32:57','2022-05-16 06:32:57',NULL),(130,22,58,15.20,30.00,'2022-05-16 06:35:02','2022-05-16 06:35:02',NULL),(131,23,24,13.20,10.00,'2022-05-17 10:04:19','2022-05-17 10:04:19',NULL),(132,23,38,13.40,200.00,'2022-05-17 10:04:19','2022-05-17 10:04:19',NULL),(133,23,11,18.00,150.00,'2022-05-17 10:04:19','2022-05-17 10:04:19',NULL),(134,24,1,11.00,360.00,'2022-05-19 12:59:59','2022-05-19 12:59:59',NULL),(135,25,24,13.20,190.00,'2022-05-22 13:18:47','2022-05-22 13:18:47',NULL),(136,26,59,15.30,100.00,'2022-05-25 20:38:28','2022-05-25 20:38:28',NULL),(137,26,60,17.00,20.00,'2022-05-25 20:38:28','2022-05-25 20:38:28',NULL),(138,26,12,18.80,99.00,'2022-05-25 20:38:28','2022-05-25 20:38:28',NULL),(139,26,3,11.00,360.00,'2022-05-25 20:38:28','2022-05-25 20:38:28',NULL),(140,26,39,11.20,170.00,'2022-05-25 20:38:28','2022-05-25 20:38:28',NULL),(141,26,51,13.40,360.00,'2022-05-25 20:38:28','2022-05-25 20:38:28',NULL),(142,27,51,13.50,360.00,'2022-05-26 17:05:51','2022-05-27 02:51:10','2022-05-27 02:51:10'),(143,28,61,9.00,30.00,'2022-05-27 13:16:24','2022-05-27 13:16:24',NULL),(144,28,62,9.00,30.00,'2022-05-27 13:16:24','2022-05-27 13:16:24',NULL),(145,28,63,9.00,30.00,'2022-05-27 13:16:24','2022-05-27 13:16:24',NULL),(146,28,64,9.00,30.00,'2022-05-27 13:16:24','2022-05-27 13:16:24',NULL),(147,28,65,9.00,50.00,'2022-05-27 13:16:24','2022-05-27 13:16:24',NULL),(148,28,66,9.00,20.00,'2022-05-27 13:16:24','2022-05-27 13:16:24',NULL),(149,28,67,9.00,20.00,'2022-05-27 13:16:24','2022-05-27 13:16:24',NULL),(150,28,68,9.00,30.00,'2022-05-27 13:16:24','2022-05-27 13:16:24',NULL),(151,28,69,9.00,30.00,'2022-05-27 13:16:24','2022-05-27 13:16:24',NULL),(152,28,70,9.00,20.00,'2022-05-27 13:16:24','2022-05-27 13:16:24',NULL),(153,28,71,9.00,30.00,'2022-05-27 13:16:24','2022-05-27 13:16:24',NULL),(154,28,72,9.00,20.00,'2022-05-27 13:16:24','2022-05-27 13:16:24',NULL),(155,28,73,9.00,20.00,'2022-05-27 13:16:24','2022-05-27 13:16:24',NULL),(156,29,9,10.50,300.00,'2022-06-01 02:29:29','2022-06-01 02:29:29',NULL),(157,29,74,9.00,30.00,'2022-06-01 02:29:29','2022-06-01 02:29:29',NULL),(158,29,75,9.00,30.00,'2022-06-01 02:29:29','2022-06-01 02:29:29',NULL),(159,29,76,15.50,20.00,'2022-06-01 02:29:29','2022-06-01 02:29:29',NULL),(160,29,34,14.00,100.00,'2022-06-01 02:29:29','2022-06-01 02:29:29',NULL),(161,29,77,10.00,30.00,'2022-06-01 02:29:29','2022-06-01 02:29:29',NULL),(162,29,47,14.30,100.00,'2022-06-01 02:29:29','2022-06-01 02:29:29',NULL),(163,29,26,13.00,200.00,'2022-06-01 02:29:29','2022-06-01 02:29:29',NULL),(164,29,3,11.30,360.00,'2022-06-01 02:29:29','2022-06-01 02:29:29',NULL),(165,29,35,11.30,100.00,'2022-06-01 02:29:29','2022-06-01 02:29:29',NULL),(166,29,55,13.00,50.00,'2022-06-01 02:29:29','2022-06-01 02:29:29',NULL),(167,29,40,11.10,120.00,'2022-06-01 02:29:29','2022-06-01 02:29:29',NULL),(168,30,40,11.10,30.00,'2022-06-01 03:40:37','2022-06-01 03:40:37',NULL),(169,30,18,11.30,150.00,'2022-06-01 03:40:37','2022-06-01 03:40:37',NULL),(170,30,43,11.30,100.00,'2022-06-01 03:40:37','2022-06-01 03:40:37',NULL),(171,30,28,15.70,100.00,'2022-06-01 03:40:37','2022-06-01 03:40:37',NULL),(172,30,5,15.50,200.00,'2022-06-01 03:40:37','2022-06-01 03:40:37',NULL),(173,30,42,18.70,50.00,'2022-06-01 03:40:37','2022-06-01 03:40:37',NULL),(174,30,7,12.80,360.00,'2022-06-01 03:40:37','2022-06-01 03:40:37',NULL),(175,30,58,15.50,98.00,'2022-06-01 03:40:37','2022-06-01 03:40:37',NULL),(176,30,2,9.60,150.00,'2022-06-01 03:40:37','2022-06-01 03:40:37',NULL),(177,30,78,16.90,50.00,'2022-06-01 03:40:37','2022-06-01 03:40:37',NULL),(178,30,79,39.00,20.00,'2022-06-01 03:40:37','2022-06-01 03:40:37',NULL),(179,30,1,11.10,360.00,'2022-06-01 03:40:37','2022-06-01 03:40:37',NULL),(180,30,38,13.50,336.00,'2022-06-01 03:40:37','2022-06-01 03:40:37',NULL),(181,30,16,33.50,26.00,'2022-06-01 03:40:37','2022-06-01 03:40:37',NULL),(182,30,54,13.00,50.00,'2022-06-01 03:40:37','2022-06-01 03:40:37',NULL);
/*!40000 ALTER TABLE `purchase_details` ENABLE KEYS */;
UNLOCK TABLES;

--
-- Table structure for table `purchases`
--

DROP TABLE IF EXISTS `purchases`;
/*!40101 SET @saved_cs_client     = @@character_set_client */;
/*!50503 SET character_set_client = utf8mb4 */;
CREATE TABLE `purchases` (
  `id` bigint unsigned NOT NULL AUTO_INCREMENT,
  `invoice_id` varchar(191) CHARACTER SET utf8mb4 COLLATE utf8mb4_unicode_ci NOT NULL,
  `warehouse_id` bigint unsigned NOT NULL,
  `supplier_id` bigint unsigned NOT NULL,
  `user_id` bigint unsigned NOT NULL,
  `batch` varchar(191) CHARACTER SET utf8mb4 COLLATE utf8mb4_unicode_ci NOT NULL DEFAULT '001',
  `subtotal` double NOT NULL,
  `vat` double DEFAULT NULL,
  `grandtotal` double NOT NULL,
  `created_at` timestamp NULL DEFAULT NULL,
  `updated_at` timestamp NULL DEFAULT NULL,
  `deleted_at` timestamp NULL DEFAULT NULL,
  PRIMARY KEY (`id`) USING BTREE,
  UNIQUE KEY `purchases_invoice_id_unique` (`invoice_id`) USING BTREE,
  KEY `purchases_warehouse_id_foreign` (`warehouse_id`) USING BTREE,
  KEY `purchases_supplier_id_foreign` (`supplier_id`) USING BTREE,
  KEY `purchases_user_id_foreign` (`user_id`) USING BTREE,
  CONSTRAINT `purchases_supplier_id_foreign` FOREIGN KEY (`supplier_id`) REFERENCES `suppliers` (`id`) ON DELETE RESTRICT ON UPDATE CASCADE,
  CONSTRAINT `purchases_user_id_foreign` FOREIGN KEY (`user_id`) REFERENCES `users` (`id`) ON DELETE RESTRICT ON UPDATE CASCADE,
  CONSTRAINT `purchases_warehouse_id_foreign` FOREIGN KEY (`warehouse_id`) REFERENCES `warehouses` (`id`) ON DELETE RESTRICT ON UPDATE CASCADE
) ENGINE=InnoDB AUTO_INCREMENT=31 DEFAULT CHARSET=utf8mb4 COLLATE=utf8mb4_unicode_ci ROW_FORMAT=DYNAMIC;
/*!40101 SET character_set_client = @saved_cs_client */;

--
-- Dumping data for table `purchases`
--

LOCK TABLES `purchases` WRITE;
/*!40000 ALTER TABLE `purchases` DISABLE KEYS */;
INSERT INTO `purchases` VALUES (17,'P-2205140001',1,1,1,'20220514_v12__6_1652504818137',34644.6,0,34644.6,'2022-05-14 05:21:18','2022-05-14 05:21:18',NULL),(18,'P-2205150002',1,1,1,'20220515_v20__51_1652622692980',390,0,390,'2022-05-15 13:51:59','2022-05-15 13:51:59',NULL),(19,'P-2205150003',1,1,1,'20220515_v20__53_1652622781824',1900,0,1900,'2022-05-15 14:00:35','2022-05-15 14:00:35',NULL),(20,'P-2205150004',1,1,1,'20220515_v21__2_1652623328254',23135,0,23135,'2022-05-15 14:15:54','2022-05-15 14:15:54',NULL),(21,'P-2205160005',1,1,1,'20220516_v13__23_1652682203513',7910,0,7910,'2022-05-16 06:32:57','2022-05-16 06:32:57',NULL),(22,'P-2205160006',1,1,1,'20220516_v13__34_1652682856226',456,0,456,'2022-05-16 06:35:02','2022-05-16 06:35:02',NULL),(23,'P-2205170007',1,1,1,'20220517_v16__3_1652778219429',5512,0,5512,'2022-05-17 10:04:19','2022-05-17 10:04:19',NULL),(24,'P-2205190008',1,1,1,'20220519_v19__58_1652965139720',3960,0,3960,'2022-05-19 12:59:59','2022-05-19 12:59:59',NULL),(25,'P-2205220009',1,1,1,'20220522_v13__17_1653200264804',2508,0,2508,'2022-05-22 13:18:47','2022-05-22 13:18:47',NULL),(26,'P-2205250010',1,1,1,'20220525_v20__24_1653485049718',14419.2,0,14419.2,'2022-05-25 20:38:28','2022-05-25 20:38:28',NULL),(27,'P-2205260011',1,1,1,'20220526_v17__3_1653559425704',4860,0,4860,'2022-05-26 17:05:51','2022-05-27 02:51:10','2022-05-27 02:51:10'),(28,'P-2205270012',1,1,1,'20220527_v20__11_1653657063006',3240,0,3240,'2022-05-27 13:16:24','2022-05-27 13:16:24',NULL),(29,'P-2206010013',1,1,1,'20220601_v9__20_1654050059860',16910,0,16910,'2022-06-01 02:29:29','2022-06-01 02:29:29',NULL),(30,'P-2206010014',1,1,1,'20220601_v9__38_1654051127994',28008,0,28008,'2022-06-01 03:40:37','2022-06-01 03:40:37',NULL);
/*!40000 ALTER TABLE `purchases` ENABLE KEYS */;
UNLOCK TABLES;

--
-- Table structure for table `role_user`
--

DROP TABLE IF EXISTS `role_user`;
/*!40101 SET @saved_cs_client     = @@character_set_client */;
/*!50503 SET character_set_client = utf8mb4 */;
CREATE TABLE `role_user` (
  `user_id` bigint unsigned NOT NULL,
  `role_id` bigint unsigned NOT NULL,
  KEY `role_user_user_id_foreign` (`user_id`) USING BTREE,
  KEY `role_user_role_id_foreign` (`role_id`) USING BTREE,
  CONSTRAINT `role_user_role_id_foreign` FOREIGN KEY (`role_id`) REFERENCES `roles` (`id`) ON DELETE CASCADE ON UPDATE RESTRICT,
  CONSTRAINT `role_user_user_id_foreign` FOREIGN KEY (`user_id`) REFERENCES `users` (`id`) ON DELETE CASCADE ON UPDATE RESTRICT
) ENGINE=InnoDB DEFAULT CHARSET=utf8mb4 COLLATE=utf8mb4_unicode_ci ROW_FORMAT=DYNAMIC;
/*!40101 SET character_set_client = @saved_cs_client */;

--
-- Dumping data for table `role_user`
--

LOCK TABLES `role_user` WRITE;
/*!40000 ALTER TABLE `role_user` DISABLE KEYS */;
INSERT INTO `role_user` VALUES (1,1),(2,2);
/*!40000 ALTER TABLE `role_user` ENABLE KEYS */;
UNLOCK TABLES;

--
-- Table structure for table `roles`
--

DROP TABLE IF EXISTS `roles`;
/*!40101 SET @saved_cs_client     = @@character_set_client */;
/*!50503 SET character_set_client = utf8mb4 */;
CREATE TABLE `roles` (
  `id` bigint unsigned NOT NULL AUTO_INCREMENT,
  `title` varchar(191) CHARACTER SET utf8mb4 COLLATE utf8mb4_unicode_ci NOT NULL,
  `created_at` timestamp NULL DEFAULT NULL,
  `updated_at` timestamp NULL DEFAULT NULL,
  `deleted_at` timestamp NULL DEFAULT NULL,
  PRIMARY KEY (`id`) USING BTREE
) ENGINE=InnoDB AUTO_INCREMENT=3 DEFAULT CHARSET=utf8mb4 COLLATE=utf8mb4_unicode_ci ROW_FORMAT=DYNAMIC;
/*!40101 SET character_set_client = @saved_cs_client */;

--
-- Dumping data for table `roles`
--

LOCK TABLES `roles` WRITE;
/*!40000 ALTER TABLE `roles` DISABLE KEYS */;
INSERT INTO `roles` VALUES (1,'Admin',NULL,NULL,NULL),(2,'User',NULL,NULL,NULL);
/*!40000 ALTER TABLE `roles` ENABLE KEYS */;
UNLOCK TABLES;

--
-- Table structure for table `sessions`
--

DROP TABLE IF EXISTS `sessions`;
/*!40101 SET @saved_cs_client     = @@character_set_client */;
/*!50503 SET character_set_client = utf8mb4 */;
CREATE TABLE `sessions` (
  `id` varchar(191) CHARACTER SET utf8mb4 COLLATE utf8mb4_unicode_ci NOT NULL,
  `user_id` bigint unsigned DEFAULT NULL,
  `ip_address` varchar(45) CHARACTER SET utf8mb4 COLLATE utf8mb4_unicode_ci DEFAULT NULL,
  `user_agent` text CHARACTER SET utf8mb4 COLLATE utf8mb4_unicode_ci,
  `payload` text CHARACTER SET utf8mb4 COLLATE utf8mb4_unicode_ci NOT NULL,
  `last_activity` int NOT NULL,
  PRIMARY KEY (`id`) USING BTREE,
  KEY `sessions_user_id_index` (`user_id`) USING BTREE,
  KEY `sessions_last_activity_index` (`last_activity`) USING BTREE
) ENGINE=InnoDB DEFAULT CHARSET=utf8mb4 COLLATE=utf8mb4_unicode_ci ROW_FORMAT=DYNAMIC;
/*!40101 SET character_set_client = @saved_cs_client */;

--
-- Dumping data for table `sessions`
--

LOCK TABLES `sessions` WRITE;
/*!40000 ALTER TABLE `sessions` DISABLE KEYS */;
INSERT INTO `sessions` VALUES ('9Ei4il51z4iIYShnWiLUl8c5Xd75VmUdPN1jtXmm',NULL,'127.0.0.1','PostmanRuntime/7.29.0','YTozOntzOjY6Il90b2tlbiI7czo0MDoiU2E5czJ3T2tmQkl2Zk54RlBPQk5BZGtJU003bGRvaHJ0NDVNWDhKVCI7czo5OiJfcHJldmlvdXMiO2E6MTp7czozOiJ1cmwiO3M6Mjc6Imh0dHA6Ly8xMjcuMC4wLjE6ODAwMC9sb2dpbiI7fXM6NjoiX2ZsYXNoIjthOjI6e3M6Mzoib2xkIjthOjA6e31zOjM6Im5ldyI7YTowOnt9fX0=',1653619771),('AWkClN2Yw9xBYGH6FuThuUzzJv2N8qvMSst6ZeOt',NULL,'124.108.54.5','PostmanRuntime/7.29.0','YTozOntzOjY6Il90b2tlbiI7czo0MDoiRFp5M0xZRzdNb1RkQUFYMmdVM3RiQlVMYW9CU3RDenczeXVrdVNCMyI7czo5OiJfcHJldmlvdXMiO2E6MTp7czozOiJ1cmwiO3M6MjY6Imh0dHA6Ly8xNjcuNzEuMTEuMTM1L2xvZ2luIjt9czo2OiJfZmxhc2giO2E6Mjp7czozOiJvbGQiO2E6MDp7fXM6MzoibmV3IjthOjA6e319fQ==',1654226746),('D0fXlE1YCXUqdZliiiI6xmewNKZ41o77RifZW8tZ',NULL,'127.0.0.1','Mozilla/5.0 (Windows NT 10.0; Win64; x64) AppleWebKit/537.36 (KHTML, like Gecko) Chrome/100.0.4896.127 Safari/537.36','YTozOntzOjY6Il90b2tlbiI7czo0MDoiM09IQmszeU1MSGNDZ0xXMnpzdHhrdG5aa1VFeDVzdTBCaE1ZUUJwSyI7czo5OiJfcHJldmlvdXMiO2E6MTp7czozOiJ1cmwiO3M6MjY6Imh0dHA6Ly8xMjcuMC4wLjE6ODAwMC9kb2NzIjt9czo2OiJfZmxhc2giO2E6Mjp7czozOiJvbGQiO2E6MDp7fXM6MzoibmV3IjthOjA6e319fQ==',1650961907),('IElfFXykYjmJYzlNwuQebs3U7SNEnEe7zVdi4l5p',NULL,'144.48.139.252','Mozilla/5.0 (Windows NT 10.0; Win64; x64) AppleWebKit/537.36 (KHTML, like Gecko) Chrome/101.0.4951.67 Safari/537.36','YTozOntzOjY6Il90b2tlbiI7czo0MDoienNCN3BBdkZHWnkwaE42QzIxTjFFRko1RE1ranh4cEdGcjdrWWoyZCI7czo5OiJfcHJldmlvdXMiO2E6MTp7czozOiJ1cmwiO3M6MjU6Imh0dHA6Ly8xNjcuNzEuMTEuMTM1L2RvY3MiO31zOjY6Il9mbGFzaCI7YToyOntzOjM6Im9sZCI7YTowOnt9czozOiJuZXciO2E6MDp7fX19',1653454048),('nVk4LXiFqbA7weY4SFwNkkNxS1nSeUk5yjFInUa1',NULL,'179.189.26.30','Mozilla/5.0 (Windows NT 10.0; Win64; x64; rv:83.0) Gecko/20100101 Firefox/83.0','YTozOntzOjY6Il90b2tlbiI7czo0MDoibFVBSzZSUzg2UUV6Q1Rld281ZlQwQXJtSzlLbHRHZXIyM0lYbVQxSCI7czo5OiJfcHJldmlvdXMiO2E6MTp7czozOiJ1cmwiO3M6MjY6Imh0dHA6Ly8xNjcuNzEuMTEuMTM1L2xvZ2luIjt9czo2OiJfZmxhc2giO2E6Mjp7czozOiJvbGQiO2E6MDp7fXM6MzoibmV3IjthOjA6e319fQ==',1654195158);
/*!40000 ALTER TABLE `sessions` ENABLE KEYS */;
UNLOCK TABLES;

--
-- Table structure for table `settings`
--

DROP TABLE IF EXISTS `settings`;
/*!40101 SET @saved_cs_client     = @@character_set_client */;
/*!50503 SET character_set_client = utf8mb4 */;
CREATE TABLE `settings` (
  `id` bigint unsigned NOT NULL AUTO_INCREMENT,
  `digit` decimal(8,2) NOT NULL,
  `negative` tinyint NOT NULL,
  `user_id` bigint unsigned NOT NULL,
  `created_at` timestamp NULL DEFAULT NULL,
  `updated_at` timestamp NULL DEFAULT NULL,
  PRIMARY KEY (`id`) USING BTREE,
  KEY `settings_user_id_foreign` (`user_id`) USING BTREE,
  CONSTRAINT `settings_user_id_foreign` FOREIGN KEY (`user_id`) REFERENCES `users` (`id`) ON DELETE RESTRICT ON UPDATE CASCADE
) ENGINE=InnoDB AUTO_INCREMENT=2 DEFAULT CHARSET=utf8mb4 COLLATE=utf8mb4_unicode_ci ROW_FORMAT=DYNAMIC;
/*!40101 SET character_set_client = @saved_cs_client */;

--
-- Dumping data for table `settings`
--

LOCK TABLES `settings` WRITE;
/*!40000 ALTER TABLE `settings` DISABLE KEYS */;
INSERT INTO `settings` VALUES (1,2.00,1,1,NULL,NULL);
/*!40000 ALTER TABLE `settings` ENABLE KEYS */;
UNLOCK TABLES;

--
-- Table structure for table `stock_outs`
--

DROP TABLE IF EXISTS `stock_outs`;
/*!40101 SET @saved_cs_client     = @@character_set_client */;
/*!50503 SET character_set_client = utf8mb4 */;
CREATE TABLE `stock_outs` (
  `id` bigint unsigned NOT NULL AUTO_INCREMENT,
  `product_id` bigint unsigned NOT NULL,
  `from_warehouse` bigint unsigned NOT NULL,
  `to_warehouse` bigint unsigned NOT NULL,
  `quantity` decimal(8,2) NOT NULL,
  `user_id` bigint unsigned NOT NULL,
  `created_at` timestamp NULL DEFAULT NULL,
  `updated_at` timestamp NULL DEFAULT NULL,
  PRIMARY KEY (`id`) USING BTREE,
  KEY `stock_outs_product_id_foreign` (`product_id`) USING BTREE,
  KEY `stock_outs_from_warehouse_foreign` (`from_warehouse`) USING BTREE,
  KEY `stock_outs_to_warehouse_foreign` (`to_warehouse`) USING BTREE,
  KEY `stock_outs_user_id_foreign` (`user_id`) USING BTREE,
  CONSTRAINT `stock_outs_from_warehouse_foreign` FOREIGN KEY (`from_warehouse`) REFERENCES `warehouses` (`id`) ON DELETE RESTRICT ON UPDATE RESTRICT,
  CONSTRAINT `stock_outs_product_id_foreign` FOREIGN KEY (`product_id`) REFERENCES `products` (`id`) ON DELETE RESTRICT ON UPDATE CASCADE,
  CONSTRAINT `stock_outs_to_warehouse_foreign` FOREIGN KEY (`to_warehouse`) REFERENCES `warehouses` (`id`) ON DELETE RESTRICT ON UPDATE RESTRICT,
  CONSTRAINT `stock_outs_user_id_foreign` FOREIGN KEY (`user_id`) REFERENCES `users` (`id`) ON DELETE RESTRICT ON UPDATE CASCADE
) ENGINE=InnoDB DEFAULT CHARSET=utf8mb4 COLLATE=utf8mb4_unicode_ci ROW_FORMAT=DYNAMIC;
/*!40101 SET character_set_client = @saved_cs_client */;

--
-- Dumping data for table `stock_outs`
--

LOCK TABLES `stock_outs` WRITE;
/*!40000 ALTER TABLE `stock_outs` DISABLE KEYS */;
/*!40000 ALTER TABLE `stock_outs` ENABLE KEYS */;
UNLOCK TABLES;

--
-- Table structure for table `stocks`
--

DROP TABLE IF EXISTS `stocks`;
/*!40101 SET @saved_cs_client     = @@character_set_client */;
/*!50503 SET character_set_client = utf8mb4 */;
CREATE TABLE `stocks` (
  `id` bigint unsigned NOT NULL AUTO_INCREMENT,
  `warehouse_id` bigint unsigned NOT NULL,
  `product_id` bigint unsigned NOT NULL,
  `alert` decimal(8,2) DEFAULT NULL,
  `total` double DEFAULT NULL,
  `created_at` timestamp NULL DEFAULT NULL,
  `updated_at` timestamp NULL DEFAULT NULL,
  `deleted_at` timestamp NULL DEFAULT NULL,
  PRIMARY KEY (`id`) USING BTREE,
  KEY `stocks_warehouse_id_foreign` (`warehouse_id`) USING BTREE,
  KEY `stocks_product_id_foreign` (`product_id`) USING BTREE,
  CONSTRAINT `stocks_product_id_foreign` FOREIGN KEY (`product_id`) REFERENCES `products` (`id`) ON DELETE RESTRICT ON UPDATE CASCADE,
  CONSTRAINT `stocks_warehouse_id_foreign` FOREIGN KEY (`warehouse_id`) REFERENCES `warehouses` (`id`) ON DELETE RESTRICT ON UPDATE CASCADE
) ENGINE=InnoDB AUTO_INCREMENT=118 DEFAULT CHARSET=utf8mb4 COLLATE=utf8mb4_unicode_ci ROW_FORMAT=DYNAMIC;
/*!40101 SET character_set_client = @saved_cs_client */;

--
-- Dumping data for table `stocks`
--

LOCK TABLES `stocks` WRITE;
/*!40000 ALTER TABLE `stocks` DISABLE KEYS */;
INSERT INTO `stocks` VALUES (46,1,17,0.00,1,'2022-05-13 02:03:19','2022-05-27 13:22:38',NULL),(47,1,23,0.00,52,'2022-05-13 02:03:19','2022-05-30 01:30:32',NULL),(48,1,22,0.00,47,'2022-05-13 02:03:19','2022-05-30 01:30:32',NULL),(49,1,40,0.00,130,'2022-05-13 02:03:19','2022-06-01 03:40:37',NULL),(50,1,39,0.00,115,'2022-05-13 02:03:19','2022-05-28 06:24:41',NULL),(51,1,21,0.00,17,'2022-05-13 02:03:19','2022-05-13 02:03:19',NULL),(52,1,18,0.00,150,'2022-05-13 02:03:19','2022-06-01 03:40:37',NULL),(53,1,43,0.00,153,'2022-05-13 02:03:19','2022-06-01 03:40:37',NULL),(54,1,20,0.00,28,'2022-05-13 02:03:19','2022-05-13 02:03:19',NULL),(55,1,19,0.00,14,'2022-05-13 02:03:19','2022-05-26 11:00:10',NULL),(56,1,4,0.00,48,'2022-05-13 02:03:19','2022-05-31 03:32:51',NULL),(57,1,38,0.00,352,'2022-05-13 02:03:19','2022-06-01 03:40:37',NULL),(58,1,45,0.00,25,'2022-05-13 02:03:19','2022-05-30 01:30:32',NULL),(59,1,2,0.00,150,'2022-05-13 02:03:19','2022-06-01 03:40:37',NULL),(60,1,1,0.00,366,'2022-05-13 02:03:19','2022-06-01 09:21:01',NULL),(61,1,51,0.00,230,'2022-05-13 02:03:19','2022-05-31 03:34:42',NULL),(62,1,25,0.00,0,'2022-05-13 02:03:19','2022-05-13 02:03:19',NULL),(63,1,27,0.00,141,'2022-05-13 02:03:19','2022-05-26 11:00:10',NULL),(64,1,12,0.00,30,'2022-05-13 02:03:19','2022-05-31 03:34:42',NULL),(65,1,37,0.00,83,'2022-05-13 02:03:19','2022-05-22 17:00:07',NULL),(66,1,3,0.00,360,'2022-05-13 02:03:19','2022-06-03 03:11:09',NULL),(67,1,24,0.00,66,'2022-05-13 02:03:19','2022-06-01 09:21:01',NULL),(68,1,15,0.00,43,'2022-05-13 02:03:19','2022-05-26 17:03:13',NULL),(69,1,14,0.00,47,'2022-05-13 02:03:19','2022-05-26 17:03:13',NULL),(70,1,46,0.00,7,'2022-05-13 02:03:19','2022-05-18 10:52:05',NULL),(71,1,32,0.00,282,'2022-05-13 02:03:19','2022-05-31 03:32:51',NULL),(72,1,6,0.00,56,'2022-05-13 02:03:19','2022-05-31 03:34:42',NULL),(73,1,28,0.00,110,'2022-05-13 02:03:19','2022-06-01 03:40:37',NULL),(74,1,11,0.00,25,'2022-05-13 02:03:19','2022-05-31 03:34:42',NULL),(75,1,34,0.00,128,'2022-05-13 02:03:19','2022-06-01 02:29:29',NULL),(76,1,5,0.00,200,'2022-05-13 02:03:19','2022-06-01 03:40:37',NULL),(77,1,41,0.00,31,'2022-05-13 02:03:19','2022-05-27 13:23:43',NULL),(78,1,42,0.00,52,'2022-05-13 02:03:19','2022-06-01 03:40:37',NULL),(79,1,13,0.00,39,'2022-05-13 02:03:19','2022-05-30 01:30:32',NULL),(80,1,16,0.00,34,'2022-05-13 02:03:19','2022-06-03 02:20:46',NULL),(81,1,44,0.00,0,'2022-05-13 02:03:19','2022-05-27 13:22:38',NULL),(82,1,7,0.00,360,'2022-05-13 02:03:19','2022-06-01 03:40:37',NULL),(83,1,8,0.00,95,'2022-05-13 02:03:19','2022-06-03 02:20:46',NULL),(84,1,26,0.00,200,'2022-05-13 02:03:19','2022-06-01 02:29:29',NULL),(85,1,10,0.00,55,'2022-05-13 02:03:19','2022-05-25 08:30:15',NULL),(86,1,47,0.00,128,'2022-05-13 02:03:19','2022-06-01 02:29:29',NULL),(87,1,33,0.00,15,'2022-05-13 02:03:19','2022-05-30 01:39:29',NULL),(88,1,35,0.00,118,'2022-05-13 02:03:19','2022-06-01 02:29:29',NULL),(89,1,36,0.00,40,'2022-05-13 02:03:19','2022-05-27 13:22:38',NULL),(90,1,9,0.00,270,'2022-05-13 02:03:19','2022-06-01 09:21:01',NULL),(91,1,54,0.00,48,'2022-05-15 13:51:59','2022-06-03 03:11:09',NULL),(92,1,55,0.00,48,'2022-05-15 14:15:54','2022-06-03 03:11:09',NULL),(93,1,56,0.00,6,'2022-05-15 14:15:54','2022-05-25 16:07:11',NULL),(94,1,57,0.00,0,'2022-05-15 14:15:54','2022-05-26 11:00:10',NULL),(95,1,53,0.00,10,'2022-05-16 06:32:57','2022-05-28 06:24:41',NULL),(96,1,58,0.00,98,'2022-05-16 06:35:02','2022-06-01 03:40:37',NULL),(97,1,59,0.00,80,'2022-05-25 20:38:28','2022-05-28 06:24:41',NULL),(98,1,60,0.00,12,'2022-05-25 20:38:28','2022-05-31 03:34:42',NULL),(99,1,61,0.00,30,'2022-05-27 13:16:24','2022-05-27 13:16:24',NULL),(100,1,62,0.00,15,'2022-05-27 13:16:24','2022-05-30 01:39:29',NULL),(101,1,63,0.00,15,'2022-05-27 13:16:24','2022-05-30 01:39:29',NULL),(102,1,64,0.00,15,'2022-05-27 13:16:24','2022-05-30 01:39:29',NULL),(103,1,65,0.00,35,'2022-05-27 13:16:24','2022-05-30 01:39:29',NULL),(104,1,66,0.00,15,'2022-05-27 13:16:24','2022-06-03 02:20:46',NULL),(105,1,67,0.00,10,'2022-05-27 13:16:24','2022-05-30 01:39:29',NULL),(106,1,68,0.00,5,'2022-05-27 13:16:24','2022-05-30 01:39:29',NULL),(107,1,69,0.00,5,'2022-05-27 13:16:24','2022-05-30 01:39:29',NULL),(108,1,70,0.00,10,'2022-05-27 13:16:24','2022-05-30 01:39:29',NULL),(109,1,71,0.00,10,'2022-05-27 13:16:24','2022-06-03 02:20:46',NULL),(110,1,72,0.00,10,'2022-05-27 13:16:24','2022-05-30 01:39:29',NULL),(111,1,73,0.00,15,'2022-05-27 13:16:24','2022-05-30 01:39:29',NULL),(112,1,74,0.00,30,'2022-06-01 02:29:29','2022-06-01 02:29:29',NULL),(113,1,75,0.00,30,'2022-06-01 02:29:29','2022-06-01 02:29:29',NULL),(114,1,76,0.00,20,'2022-06-01 02:29:29','2022-06-01 02:29:29',NULL),(115,1,77,0.00,30,'2022-06-01 02:29:29','2022-06-01 02:29:29',NULL),(116,1,78,0.00,50,'2022-06-01 03:40:37','2022-06-01 03:40:37',NULL),(117,1,79,0.00,20,'2022-06-01 03:40:37','2022-06-01 03:40:37',NULL);
/*!40000 ALTER TABLE `stocks` ENABLE KEYS */;
UNLOCK TABLES;

--
-- Table structure for table `suppliers`
--

DROP TABLE IF EXISTS `suppliers`;
/*!40101 SET @saved_cs_client     = @@character_set_client */;
/*!50503 SET character_set_client = utf8mb4 */;
CREATE TABLE `suppliers` (
  `id` bigint unsigned NOT NULL AUTO_INCREMENT,
  `name` varchar(191) CHARACTER SET utf8mb4 COLLATE utf8mb4_unicode_ci NOT NULL,
  `address` varchar(191) CHARACTER SET utf8mb4 COLLATE utf8mb4_unicode_ci NOT NULL,
  `email` varchar(191) CHARACTER SET utf8mb4 COLLATE utf8mb4_unicode_ci NOT NULL,
  `phone` varchar(191) CHARACTER SET utf8mb4 COLLATE utf8mb4_unicode_ci NOT NULL,
  `created_at` timestamp NULL DEFAULT NULL,
  `updated_at` timestamp NULL DEFAULT NULL,
  `deleted_at` timestamp NULL DEFAULT NULL,
  PRIMARY KEY (`id`) USING BTREE,
  UNIQUE KEY `suppliers_email_unique` (`email`) USING BTREE,
  UNIQUE KEY `suppliers_phone_unique` (`phone`) USING BTREE
) ENGINE=InnoDB AUTO_INCREMENT=2 DEFAULT CHARSET=utf8mb4 COLLATE=utf8mb4_unicode_ci ROW_FORMAT=DYNAMIC;
/*!40101 SET character_set_client = @saved_cs_client */;

--
-- Dumping data for table `suppliers`
--

LOCK TABLES `suppliers` WRITE;
/*!40000 ALTER TABLE `suppliers` DISABLE KEYS */;
INSERT INTO `suppliers` VALUES (1,'None','Phnom Penh','test@test.com','888888','2022-04-25 23:00:10','2022-04-25 23:00:10',NULL);
/*!40000 ALTER TABLE `suppliers` ENABLE KEYS */;
UNLOCK TABLES;

--
-- Table structure for table `transactions`
--

DROP TABLE IF EXISTS `transactions`;
/*!40101 SET @saved_cs_client     = @@character_set_client */;
/*!50503 SET character_set_client = utf8mb4 */;
CREATE TABLE `transactions` (
  `id` bigint unsigned NOT NULL AUTO_INCREMENT,
  `order_id` bigint unsigned NOT NULL,
  `paid` double NOT NULL,
  `pay_method` varchar(191) CHARACTER SET utf8mb4 COLLATE utf8mb4_unicode_ci NOT NULL DEFAULT 'cash',
  `created_at` timestamp NULL DEFAULT NULL,
  `updated_at` timestamp NULL DEFAULT NULL,
  `deleted_at` timestamp NULL DEFAULT NULL,
  PRIMARY KEY (`id`) USING BTREE,
  KEY `transactions_order_id_foreign` (`order_id`) USING BTREE,
  CONSTRAINT `transactions_order_id_foreign` FOREIGN KEY (`order_id`) REFERENCES `orders` (`id`) ON DELETE RESTRICT ON UPDATE CASCADE
) ENGINE=InnoDB DEFAULT CHARSET=utf8mb4 COLLATE=utf8mb4_unicode_ci ROW_FORMAT=DYNAMIC;
/*!40101 SET character_set_client = @saved_cs_client */;

--
-- Dumping data for table `transactions`
--

LOCK TABLES `transactions` WRITE;
/*!40000 ALTER TABLE `transactions` DISABLE KEYS */;
/*!40000 ALTER TABLE `transactions` ENABLE KEYS */;
UNLOCK TABLES;

--
-- Table structure for table `users`
--

DROP TABLE IF EXISTS `users`;
/*!40101 SET @saved_cs_client     = @@character_set_client */;
/*!50503 SET character_set_client = utf8mb4 */;
CREATE TABLE `users` (
  `id` bigint unsigned NOT NULL AUTO_INCREMENT,
  `name` varchar(191) CHARACTER SET utf8mb4 COLLATE utf8mb4_unicode_ci NOT NULL,
  `email` varchar(191) CHARACTER SET utf8mb4 COLLATE utf8mb4_unicode_ci NOT NULL,
  `email_verified_at` timestamp NULL DEFAULT NULL,
  `password` varchar(191) CHARACTER SET utf8mb4 COLLATE utf8mb4_unicode_ci NOT NULL,
  `two_factor_secret` text CHARACTER SET utf8mb4 COLLATE utf8mb4_unicode_ci,
  `two_factor_recovery_codes` text CHARACTER SET utf8mb4 COLLATE utf8mb4_unicode_ci,
  `remember_token` varchar(100) CHARACTER SET utf8mb4 COLLATE utf8mb4_unicode_ci DEFAULT NULL,
  `current_team_id` bigint unsigned DEFAULT NULL,
  `profile_photo_path` varchar(2048) CHARACTER SET utf8mb4 COLLATE utf8mb4_unicode_ci DEFAULT NULL,
  `created_at` timestamp NULL DEFAULT NULL,
  `updated_at` timestamp NULL DEFAULT NULL,
  PRIMARY KEY (`id`) USING BTREE,
  UNIQUE KEY `users_email_unique` (`email`) USING BTREE
) ENGINE=InnoDB AUTO_INCREMENT=3 DEFAULT CHARSET=utf8mb4 COLLATE=utf8mb4_unicode_ci ROW_FORMAT=DYNAMIC;
/*!40101 SET character_set_client = @saved_cs_client */;

--
-- Dumping data for table `users`
--

LOCK TABLES `users` WRITE;
/*!40000 ALTER TABLE `users` DISABLE KEYS */;
INSERT INTO `users` VALUES (1,'Admin','admin@admin.com',NULL,'$2y$10$dydFbzEoloUWyVpFHv5wheoilvu20AKzjj2teT0qcmvjWORhth14W',NULL,NULL,NULL,NULL,NULL,NULL,NULL),(2,'User','user@user.com',NULL,'$2y$10$5zC6JPKE7raIxqFnzDeOLu.3i6aL514/l7GZUi7vAdDKyV2h488W6',NULL,NULL,NULL,NULL,NULL,NULL,NULL);
/*!40000 ALTER TABLE `users` ENABLE KEYS */;
UNLOCK TABLES;

--
-- Table structure for table `warehouses`
--

DROP TABLE IF EXISTS `warehouses`;
/*!40101 SET @saved_cs_client     = @@character_set_client */;
/*!50503 SET character_set_client = utf8mb4 */;
CREATE TABLE `warehouses` (
  `id` bigint unsigned NOT NULL AUTO_INCREMENT,
  `name` varchar(191) CHARACTER SET utf8mb4 COLLATE utf8mb4_unicode_ci NOT NULL,
  `address` varchar(191) CHARACTER SET utf8mb4 COLLATE utf8mb4_unicode_ci NOT NULL,
  `created_at` timestamp NULL DEFAULT NULL,
  `updated_at` timestamp NULL DEFAULT NULL,
  `deleted_at` timestamp NULL DEFAULT NULL,
  PRIMARY KEY (`id`) USING BTREE
) ENGINE=InnoDB AUTO_INCREMENT=2 DEFAULT CHARSET=utf8mb4 COLLATE=utf8mb4_unicode_ci ROW_FORMAT=DYNAMIC;
/*!40101 SET character_set_client = @saved_cs_client */;

--
-- Dumping data for table `warehouses`
--

LOCK TABLES `warehouses` WRITE;
/*!40000 ALTER TABLE `warehouses` DISABLE KEYS */;
INSERT INTO `warehouses` VALUES (1,'P1','Phnom penh','2022-04-13 08:11:25','2022-04-13 08:11:25',NULL);
/*!40000 ALTER TABLE `warehouses` ENABLE KEYS */;
UNLOCK TABLES;
/*!40103 SET TIME_ZONE=@OLD_TIME_ZONE */;

/*!40101 SET SQL_MODE=@OLD_SQL_MODE */;
/*!40014 SET FOREIGN_KEY_CHECKS=@OLD_FOREIGN_KEY_CHECKS */;
/*!40014 SET UNIQUE_CHECKS=@OLD_UNIQUE_CHECKS */;
/*!40101 SET CHARACTER_SET_CLIENT=@OLD_CHARACTER_SET_CLIENT */;
/*!40101 SET CHARACTER_SET_RESULTS=@OLD_CHARACTER_SET_RESULTS */;
/*!40101 SET COLLATION_CONNECTION=@OLD_COLLATION_CONNECTION */;
/*!40111 SET SQL_NOTES=@OLD_SQL_NOTES */;

-- Dump completed on 2022-06-03  3:41:04
